area_type,route_type,hour,day_of_week,weather,rainfall_mm,traffic_index,passenger_load_pct,scheduled_headway_min,stop_count,distance_km,road_condition,previous_delay_min,special_event,delay_minutes,delay_category
Rural,Local Bus,21,1,Clear,1.0,4.35,82.36,11.54,15,14.32,Average,6.9,0,16.29,Major Delay
Urban,Local Bus,14,2,Rain,1.82,28.55,33.9,12.88,13,3.53,Average,0.0,0,12.73,Moderate Delay
Rural,Express Bus,16,6,Heavy Rain,1.63,25.13,48.39,19.18,19,9.48,Good,0.0,0,14.96,Moderate Delay
Rural,Local Bus,11,0,Clear,4.87,32.58,61.25,13.65,16,4.6,Good,2.74,0,6.5,Moderate Delay
Urban,Local Bus,21,0,Rain,0.95,54.9,93.14,17.71,25,16.97,Good,3.98,0,14.41,Moderate Delay
Rural,Local Bus,6,2,Rain,7.2,60.44,66.63,4.56,5,7.13,Good,3.79,0,13.84,Moderate Delay
Rural,Express Bus,9,4,Rain,4.72,24.84,41.75,7.38,13,10.56,Good,2.52,0,23.49,Major Delay
Rural,Feeder Bus,22,5,Clear,1.5,29.84,39.52,14.19,17,12.76,Average,0.0,0,6.82,Moderate Delay
Urban,Express Bus,13,3,Clear,0.48,72.92,77.7,9.65,7,7.27,Good,6.4,0,11.95,Moderate Delay
Urban,Feeder Bus,8,3,Clear,4.59,87.22,51.73,12.77,18,5.0,Average,9.41,0,18.74,Major Delay
Urban,Express Bus,12,6,Rain,0.22,76.89,33.38,18.48,9,11.93,Poor,5.05,0,16.44,Major Delay
Rural,Express Bus,9,1,Rain,1.33,10.13,78.28,9.18,32,2.0,Good,0.6,0,11.2,Moderate Delay
Urban,Local Bus,14,6,Clear,2.91,75.36,64.16,9.59,8,17.71,Poor,0.0,0,19.03,Major Delay
Rural,Express Bus,9,2,Clear,2.68,90.63,34.12,14.66,17,10.32,Good,11.8,0,10.11,Moderate Delay
Urban,Local Bus,12,1,Clear,1.56,8.99,31.19,3.0,12,3.63,Average,2.63,0,11.61,Moderate Delay
Urban,Local Bus,21,6,Cloudy,6.8,72.9,14.65,20.05,17,9.68,Poor,10.11,0,15.27,Major Delay
Urban,Local Bus,6,4,Rain,1.11,53.18,45.55,14.78,26,13.89,Average,11.71,0,22.89,Major Delay
Urban,Feeder Bus,18,3,Clear,1.53,40.48,64.09,14.56,14,6.91,Good,7.52,0,7.06,Moderate Delay
Rural,Express Bus,6,2,Cloudy,3.75,50.44,77.21,10.76,26,2.0,Good,8.27,0,11.5,Moderate Delay
Urban,Feeder Bus,13,3,Cloudy,3.76,58.19,66.5,18.13,8,10.38,Good,7.88,0,8.68,Moderate Delay
Rural,Feeder Bus,17,5,Rain,0.64,74.62,31.9,13.03,34,14.81,Poor,2.39,0,23.85,Major Delay
Urban,Feeder Bus,22,1,Rain,3.56,73.44,52.33,21.36,23,12.17,Good,0.0,0,17.79,Major Delay
Rural,Local Bus,9,1,Clear,1.77,13.34,86.59,3.73,32,13.01,Average,7.49,0,8.37,Moderate Delay
Rural,Feeder Bus,5,2,Cloudy,1.63,33.08,47.76,14.38,11,15.78,Good,0.0,0,4.38,On Time / Minor
Rural,Feeder Bus,18,3,Rain,4.46,50.15,73.38,14.25,25,18.91,Good,1.54,0,20.36,Major Delay
Urban,Feeder Bus,21,5,Heavy Rain,0.93,84.16,70.91,15.87,20,2.0,Good,0.3,0,18.84,Major Delay
Urban,Local Bus,15,1,Cloudy,2.5,0.0,73.2,22.42,13,4.38,Good,6.37,0,12.77,Moderate Delay
Urban,Local Bus,6,5,Clear,3.1,33.95,66.62,5.82,28,11.84,Average,4.66,0,15.56,Major Delay
Urban,Feeder Bus,14,6,Cloudy,4.53,12.86,73.13,5.63,19,12.39,Good,0.29,0,11.8,Moderate Delay
Rural,Local Bus,12,3,Cloudy,1.42,16.5,28.37,11.88,27,3.26,Good,1.39,1,15.11,Major Delay
Rural,Local Bus,13,6,Clear,5.52,70.67,88.31,3.0,5,7.09,Average,13.29,0,12.6,Moderate Delay
Rural,Local Bus,5,6,Heavy Rain,7.03,35.77,21.87,27.84,8,19.61,Good,0.0,0,13.13,Moderate Delay
Urban,Local Bus,10,5,Clear,6.89,0.0,64.24,19.6,28,9.23,Average,2.58,0,10.87,Moderate Delay
Urban,Local Bus,22,2,Rain,0.58,44.36,57.03,17.1,17,12.05,Average,6.4,1,20.59,Major Delay
Urban,Feeder Bus,5,2,Clear,6.71,94.82,45.49,18.7,10,19.95,Average,3.85,0,9.93,Moderate Delay
Urban,Feeder Bus,21,6,Clear,6.98,6.45,38.5,21.63,28,11.47,Good,6.55,0,13.5,Moderate Delay
Urban,Feeder Bus,14,3,Cloudy,14.21,60.26,68.99,10.31,9,14.94,Good,8.99,0,12.68,Moderate Delay
Urban,Local Bus,15,0,Cloudy,0.71,84.06,74.03,11.83,5,13.86,Average,10.7,0,19.19,Major Delay
Urban,Local Bus,21,5,Rain,10.85,46.86,55.94,16.05,21,9.32,Poor,3.73,0,17.33,Major Delay
Urban,Local Bus,8,2,Cloudy,0.2,92.34,52.22,10.97,9,9.03,Good,5.53,0,18.82,Major Delay
Urban,Local Bus,22,6,Clear,7.21,32.82,83.63,8.43,26,16.91,Good,4.55,0,19.24,Major Delay
Rural,Local Bus,9,5,Heavy Rain,8.53,81.26,49.57,10.82,17,10.96,Good,0.0,0,23.75,Major Delay
Rural,Express Bus,11,0,Cloudy,6.93,75.83,57.16,16.29,32,5.96,Average,4.48,1,12.96,Moderate Delay
Urban,Feeder Bus,13,6,Clear,10.25,47.25,53.93,19.47,20,16.41,Good,0.0,0,16.37,Major Delay
Rural,Local Bus,15,6,Rain,22.22,13.79,100.0,6.38,10,2.0,Poor,5.37,0,21.72,Major Delay
Rural,Local Bus,10,5,Clear,0.86,24.96,41.2,12.86,20,18.89,Good,0.0,0,9.34,Moderate Delay
Urban,Local Bus,19,1,Clear,2.32,0.0,74.63,13.68,24,10.07,Poor,0.0,1,20.15,Major Delay
Urban,Local Bus,5,4,Cloudy,1.37,61.67,24.01,5.66,31,11.04,Good,7.78,0,20.16,Major Delay
Rural,Local Bus,16,6,Cloudy,5.91,58.91,38.84,16.69,8,11.42,Good,5.83,1,10.58,Moderate Delay
Urban,Local Bus,16,5,Cloudy,1.94,49.82,51.82,13.36,27,17.65,Good,3.41,0,11.01,Moderate Delay
Urban,Local Bus,14,3,Heavy Rain,6.25,45.18,55.38,8.37,23,11.87,Good,1.25,0,19.44,Major Delay
Urban,Local Bus,16,4,Clear,2.74,79.22,52.51,11.11,33,10.89,Poor,0.0,0,13.68,Moderate Delay
Rural,Feeder Bus,18,2,Heavy Rain,3.79,54.85,56.01,17.21,22,6.24,Average,0.64,0,20.69,Major Delay
Urban,Local Bus,21,1,Clear,3.26,35.24,44.22,19.87,33,7.43,Good,6.93,0,15.54,Major Delay
Rural,Local Bus,8,4,Clear,0.22,51.39,83.75,16.04,21,14.21,Poor,2.23,0,19.26,Major Delay
Rural,Local Bus,13,3,Clear,3.59,95.09,37.99,25.44,6,12.11,Good,0.0,0,7.69,Moderate Delay
Urban,Local Bus,15,1,Clear,0.39,62.31,72.89,20.69,8,19.44,Good,0.0,0,15.4,Major Delay
Urban,Express Bus,11,4,Clear,0.51,39.03,71.55,17.31,8,6.93,Good,0.0,0,7.22,Moderate Delay
Urban,Feeder Bus,22,2,Rain,10.43,46.98,39.04,9.78,20,5.23,Average,2.18,1,14.99,Moderate Delay
Urban,Feeder Bus,14,4,Rain,5.79,58.66,50.66,20.79,29,12.5,Poor,2.03,0,20.24,Major Delay
Urban,Express Bus,15,2,Rain,5.36,38.32,57.95,9.39,22,10.57,Good,0.0,0,16.83,Major Delay
Urban,Local Bus,8,6,Clear,3.65,36.28,91.51,18.48,33,5.01,Average,6.57,0,16.26,Major Delay
Urban,Local Bus,12,5,Rain,19.1,47.74,50.62,3.0,20,8.4,Good,0.0,0,21.57,Major Delay
Rural,Local Bus,16,3,Clear,3.56,82.94,100.0,11.04,25,14.52,Good,0.0,0,15.7,Major Delay
Urban,Local Bus,12,4,Rain,2.94,66.19,73.36,5.61,11,4.4,Average,7.42,0,19.14,Major Delay
Urban,Feeder Bus,18,1,Rain,2.83,38.58,64.87,12.28,5,5.31,Average,6.2,0,17.06,Major Delay
Urban,Local Bus,7,6,Clear,8.99,67.99,75.68,4.77,26,7.36,Average,2.15,0,16.7,Major Delay
Urban,Local Bus,7,1,Cloudy,3.38,48.2,23.63,14.17,7,7.46,Good,8.19,0,8.53,Moderate Delay
Urban,Local Bus,11,6,Heavy Rain,4.47,55.93,81.44,16.8,33,14.97,Good,4.8,0,29.82,Major Delay
Urban,Local Bus,10,5,Clear,9.61,53.83,31.54,10.1,33,8.22,Average,3.85,0,12.74,Moderate Delay
Urban,Feeder Bus,19,1,Rain,5.48,0.0,75.39,12.08,11,19.16,Average,6.5,0,21.68,Major Delay
Urban,Local Bus,20,0,Heavy Rain,7.64,0.0,46.15,15.32,7,5.78,Good,5.53,0,23.81,Major Delay
Rural,Local Bus,13,5,Clear,1.36,53.21,42.01,13.72,31,12.82,Good,10.16,0,11.4,Moderate Delay
Urban,Local Bus,14,6,Clear,0.72,28.38,93.45,22.09,32,10.8,Average,2.12,0,17.39,Major Delay
Urban,Feeder Bus,10,5,Clear,12.31,10.3,56.01,9.89,21,11.02,Good,2.29,0,14.77,Moderate Delay
Urban,Local Bus,14,0,Rain,7.41,29.09,27.38,17.22,16,2.0,Average,4.48,0,16.59,Major Delay
Urban,Express Bus,17,4,Clear,6.05,69.27,77.5,15.56,18,5.51,Average,3.61,0,12.63,Moderate Delay
Urban,Local Bus,18,2,Clear,4.78,56.23,33.59,4.47,32,10.16,Good,12.78,0,16.31,Major Delay
Urban,Local Bus,22,6,Clear,3.32,65.75,85.21,14.52,21,2.0,Average,6.12,0,19.03,Major Delay
Rural,Feeder Bus,15,5,Heavy Rain,1.43,58.42,57.68,13.48,10,2.0,Average,0.0,0,11.42,Moderate Delay
Urban,Local Bus,11,5,Rain,1.36,26.87,32.52,11.05,25,4.83,Average,0.0,0,7.47,Moderate Delay
Urban,Local Bus,6,2,Cloudy,0.7,65.86,74.43,24.65,34,12.69,Poor,11.36,0,21.65,Major Delay
Rural,Express Bus,17,2,Heavy Rain,0.4,61.47,68.42,21.71,6,13.39,Average,1.62,0,17.94,Major Delay
Urban,Local Bus,19,5,Cloudy,2.18,45.3,15.53,9.42,20,4.88,Good,5.15,0,13.67,Moderate Delay
Urban,Local Bus,14,0,Heavy Rain,12.23,49.35,56.73,17.81,21,9.99,Good,3.41,0,17.5,Major Delay
Urban,Feeder Bus,21,0,Clear,0.37,66.23,63.98,18.46,28,13.12,Average,7.53,0,18.53,Major Delay
Rural,Local Bus,10,0,Clear,3.79,30.76,62.81,14.88,21,17.63,Good,0.73,0,15.97,Major Delay
Urban,Local Bus,5,3,Rain,13.26,73.02,54.31,7.41,11,17.43,Average,4.09,1,21.98,Major Delay
Urban,Local Bus,16,0,Clear,8.93,61.0,72.9,8.29,23,15.56,Good,0.77,0,10.11,Moderate Delay
Urban,Express Bus,7,4,Clear,3.4,48.05,69.38,17.17,8,8.3,Good,17.41,0,17.68,Major Delay
Urban,Local Bus,6,1,Rain,1.49,83.22,58.62,17.04,20,10.75,Good,0.0,0,10.15,Moderate Delay
Rural,Local Bus,17,6,Cloudy,0.11,18.23,53.27,12.29,11,11.36,Poor,6.3,0,11.76,Moderate Delay
Urban,Express Bus,12,3,Clear,3.91,37.42,60.96,21.89,34,9.92,Average,17.73,0,18.08,Major Delay
Urban,Express Bus,15,0,Clear,6.55,32.31,45.93,22.96,27,4.12,Average,8.99,0,7.57,Moderate Delay
Urban,Feeder Bus,18,4,Clear,1.53,56.24,37.55,22.89,27,18.21,Good,3.39,0,11.06,Moderate Delay
Urban,Local Bus,11,2,Clear,9.49,75.2,35.52,22.92,5,13.16,Poor,4.33,1,18.6,Major Delay
Urban,Local Bus,15,1,Clear,2.98,25.39,56.0,13.9,17,15.35,Poor,0.0,0,18.14,Major Delay
Urban,Local Bus,14,4,Cloudy,4.59,100.0,40.85,5.99,25,14.3,Good,11.9,1,22.53,Major Delay
Urban,Express Bus,15,6,Rain,3.4,32.76,54.82,12.07,19,8.83,Average,2.37,0,18.16,Major Delay
Rural,Local Bus,17,6,Clear,9.37,56.3,84.6,13.31,8,3.5,Poor,3.13,0,16.05,Major Delay
Rural,Express Bus,11,3,Clear,9.64,48.06,53.86,10.22,20,14.75,Good,0.0,0,6.15,Moderate Delay
Rural,Local Bus,14,5,Cloudy,5.68,49.06,60.76,11.72,24,14.43,Good,1.94,0,8.55,Moderate Delay
Urban,Feeder Bus,15,1,Clear,2.45,29.77,53.43,7.07,26,12.45,Average,3.83,1,16.28,Major Delay
Rural,Feeder Bus,7,5,Clear,3.27,72.55,84.13,18.29,14,21.76,Good,8.95,0,17.0,Major Delay
Rural,Local Bus,8,6,Clear,19.8,28.36,91.16,23.77,22,8.17,Average,4.83,0,24.83,Major Delay
Rural,Feeder Bus,6,3,Cloudy,13.91,7.31,48.61,28.29,32,9.43,Average,8.97,0,14.66,Moderate Delay
Urban,Feeder Bus,8,3,Clear,3.59,22.19,72.56,15.49,33,12.03,Good,0.0,0,7.6,Moderate Delay
Urban,Local Bus,12,3,Clear,0.77,81.24,99.82,12.97,14,8.51,Good,10.5,0,20.83,Major Delay
Urban,Local Bus,21,0,Cloudy,8.06,76.76,34.79,13.78,25,9.83,Average,0.0,0,11.96,Moderate Delay
Rural,Express Bus,21,6,Rain,1.96,1.83,77.61,22.17,32,16.16,Good,7.35,0,8.37,Moderate Delay
Urban,Local Bus,18,5,Rain,11.74,66.72,23.19,22.07,7,7.76,Good,0.0,0,18.11,Major Delay
Urban,Local Bus,15,6,Heavy Rain,1.51,2.42,58.59,12.56,22,8.1,Good,3.83,0,20.71,Major Delay
Urban,Local Bus,8,0,Cloudy,1.99,47.37,55.2,21.22,27,13.89,Average,8.24,0,21.69,Major Delay
Urban,Feeder Bus,11,5,Clear,0.65,20.22,23.86,14.97,11,4.4,Good,0.0,0,4.39,On Time / Minor
Urban,Local Bus,18,2,Clear,16.06,68.49,79.78,9.59,13,10.59,Good,3.68,0,24.52,Major Delay
Rural,Express Bus,21,5,Clear,1.02,60.76,60.95,13.07,30,10.33,Average,8.13,1,19.07,Major Delay
Rural,Local Bus,22,6,Clear,7.49,70.53,39.45,24.22,10,14.13,Good,7.17,0,8.29,Moderate Delay
Rural,Local Bus,11,6,Clear,2.79,41.21,64.57,18.33,14,15.02,Average,0.0,0,19.68,Major Delay
Urban,Feeder Bus,13,6,Clear,2.03,43.6,76.08,10.96,29,10.2,Good,8.49,0,16.45,Major Delay
Urban,Local Bus,14,0,Rain,1.89,13.52,22.62,19.62,23,10.57,Average,12.04,0,15.79,Major Delay
Urban,Local Bus,6,2,Cloudy,11.53,24.3,10.0,18.28,24,10.82,Good,9.58,0,10.0,Moderate Delay
Urban,Local Bus,7,2,Clear,29.17,69.82,57.16,12.14,21,9.46,Good,0.0,1,7.5,Moderate Delay
Urban,Express Bus,5,3,Cloudy,10.47,56.45,42.63,9.52,16,17.46,Good,0.0,0,13.14,Moderate Delay
Urban,Local Bus,18,6,Clear,0.2,50.4,84.77,7.33,28,13.51,Poor,3.88,0,19.02,Major Delay
Urban,Local Bus,9,4,Cloudy,7.52,77.03,50.59,4.13,13,17.33,Average,6.43,0,17.98,Major Delay
Urban,Local Bus,17,3,Cloudy,2.82,18.1,64.19,10.07,12,6.62,Good,7.85,0,13.67,Moderate Delay
Urban,Local Bus,11,5,Clear,3.01,64.56,54.26,12.93,18,17.26,Good,0.0,0,9.9,Moderate Delay
Urban,Local Bus,19,1,Clear,4.23,20.88,27.08,21.56,8,11.6,Good,3.13,0,12.12,Moderate Delay
Urban,Local Bus,7,4,Heavy Rain,3.44,81.99,58.61,18.95,23,14.42,Good,0.0,0,19.69,Major Delay
Urban,Local Bus,10,3,Cloudy,5.7,60.52,31.48,15.18,32,2.0,Good,0.0,0,8.59,Moderate Delay
Urban,Local Bus,8,1,Cloudy,2.67,70.18,30.5,3.0,26,19.13,Poor,5.53,1,23.87,Major Delay
Rural,Express Bus,12,4,Clear,8.24,31.86,36.05,15.77,14,13.2,Good,3.13,0,5.18,Moderate Delay
Urban,Express Bus,15,5,Clear,3.72,98.19,34.29,4.13,7,20.32,Poor,5.78,0,9.16,Moderate Delay
Urban,Local Bus,8,5,Clear,3.8,93.97,53.79,19.24,23,16.56,Good,0.64,1,14.47,Moderate Delay
Urban,Local Bus,17,5,Heavy Rain,3.37,57.9,50.16,19.41,20,2.0,Average,6.85,0,23.44,Major Delay
Urban,Local Bus,22,5,Clear,7.5,75.03,63.68,14.31,31,18.61,Good,0.0,1,18.37,Major Delay
Rural,Feeder Bus,5,3,Clear,2.19,41.06,26.52,18.9,19,11.93,Good,1.22,0,13.02,Moderate Delay
Urban,Local Bus,6,0,Heavy Rain,5.72,18.82,52.97,20.09,7,14.21,Average,0.0,0,21.79,Major Delay
Rural,Local Bus,22,6,Clear,3.92,66.3,48.37,14.66,32,13.71,Good,4.92,0,15.41,Major Delay
Urban,Local Bus,16,3,Clear,11.69,26.86,62.03,13.13,13,10.51,Poor,12.56,0,15.29,Major Delay
Urban,Local Bus,21,4,Cloudy,2.36,78.14,62.99,6.03,28,8.98,Average,5.34,0,15.9,Major Delay
Urban,Local Bus,17,0,Clear,8.4,72.1,61.13,11.87,7,14.53,Poor,2.99,0,20.6,Major Delay
Rural,Local Bus,17,6,Heavy Rain,4.78,53.41,38.19,8.02,33,6.84,Average,2.51,0,26.08,Major Delay
Urban,Express Bus,7,6,Clear,10.94,52.12,58.49,7.96,32,11.14,Good,0.6,0,15.53,Major Delay
Urban,Express Bus,14,6,Rain,3.79,70.75,47.74,9.6,7,18.01,Good,9.03,1,15.45,Major Delay
Urban,Express Bus,11,1,Clear,2.1,54.31,84.28,3.0,33,4.9,Average,5.56,0,15.82,Major Delay
Urban,Express Bus,20,5,Rain,2.08,38.7,60.21,19.88,28,10.01,Good,0.0,0,13.37,Moderate Delay
Urban,Local Bus,5,4,Rain,4.33,13.17,59.59,15.31,32,16.84,Average,8.94,0,11.21,Moderate Delay
Urban,Feeder Bus,5,1,Rain,3.47,70.05,32.38,20.97,11,6.91,Good,0.0,0,11.45,Moderate Delay
Urban,Express Bus,15,3,Rain,2.26,56.43,46.19,18.81,15,2.0,Average,0.22,0,10.88,Moderate Delay
Rural,Feeder Bus,22,3,Rain,4.43,100.0,63.18,16.99,20,2.0,Good,5.51,0,18.72,Major Delay
Rural,Express Bus,22,4,Clear,2.86,45.79,56.43,18.77,19,8.65,Good,0.51,1,6.47,Moderate Delay
Urban,Local Bus,15,0,Clear,3.59,54.95,56.21,14.9,26,19.42,Poor,14.71,0,17.24,Major Delay
Urban,Local Bus,12,3,Clear,0.31,55.49,22.93,21.83,32,7.19,Average,2.31,0,16.72,Major Delay
Urban,Local Bus,9,4,Clear,0.93,62.97,41.72,10.94,31,9.56,Good,6.67,0,13.01,Moderate Delay
Urban,Local Bus,22,5,Clear,1.02,25.76,52.5,13.88,31,11.27,Good,0.0,0,9.33,Moderate Delay
Urban,Local Bus,8,5,Rain,3.27,46.22,82.03,12.32,14,16.53,Average,0.42,0,21.07,Major Delay
Urban,Local Bus,7,4,Rain,2.63,67.04,20.18,26.1,5,15.29,Good,2.85,0,17.15,Major Delay
Rural,Local Bus,14,4,Heavy Rain,2.67,40.35,37.12,10.21,10,10.23,Average,8.48,0,24.09,Major Delay
Rural,Feeder Bus,12,0,Clear,0.32,66.17,20.04,21.73,10,14.0,Average,0.0,0,7.97,Moderate Delay
Urban,Express Bus,13,5,Rain,9.08,50.22,64.51,5.82,28,16.3,Good,9.5,1,18.47,Major Delay
Rural,Express Bus,21,2,Rain,11.26,57.24,81.72,14.6,17,2.77,Good,4.14,0,12.76,Moderate Delay
Urban,Local Bus,9,3,Heavy Rain,0.51,74.48,65.21,12.91,16,9.12,Good,5.14,0,20.69,Major Delay
Urban,Express Bus,20,3,Rain,2.47,42.77,69.54,7.87,27,5.0,Good,0.0,0,16.64,Major Delay
Urban,Feeder Bus,8,6,Clear,2.6,14.61,37.36,10.01,7,7.37,Average,0.0,1,11.82,Moderate Delay
Urban,Express Bus,10,2,Clear,5.16,41.87,65.39,17.02,16,14.25,Good,0.0,0,6.85,Moderate Delay
Rural,Express Bus,5,2,Heavy Rain,2.07,29.01,42.55,11.98,17,5.0,Poor,5.0,0,12.13,Moderate Delay
Rural,Local Bus,17,5,Rain,8.32,0.0,59.19,8.21,11,22.55,Average,6.64,0,16.85,Major Delay
Urban,Local Bus,20,4,Rain,0.83,45.55,68.05,19.39,14,14.3,Good,1.69,0,18.88,Major Delay
Rural,Express Bus,20,2,Rain,6.59,52.58,52.16,13.87,29,8.08,Average,0.0,0,13.19,Moderate Delay
Urban,Feeder Bus,8,2,Rain,5.01,71.48,74.4,15.99,25,10.34,Good,0.72,0,13.6,Moderate Delay
Urban,Local Bus,18,5,Rain,0.62,21.8,54.73,20.56,15,4.56,Good,5.37,0,20.46,Major Delay
Urban,Local Bus,7,5,Heavy Rain,2.34,50.04,63.47,23.27,31,3.63,Average,4.42,1,24.76,Major Delay
Rural,Local Bus,16,1,Rain,0.74,73.95,95.82,3.0,8,9.07,Good,6.86,0,20.68,Major Delay
Urban,Local Bus,17,2,Clear,16.95,34.78,67.95,13.36,31,17.54,Good,0.0,0,19.74,Major Delay
Urban,Feeder Bus,7,5,Clear,2.89,60.33,43.01,3.94,24,3.97,Good,1.47,0,18.7,Major Delay
Urban,Express Bus,6,0,Clear,2.0,84.75,48.39,30.36,11,17.17,Good,3.0,0,9.71,Moderate Delay
Rural,Local Bus,6,1,Clear,0.22,5.16,75.46,14.9,30,10.07,Average,6.67,0,8.51,Moderate Delay
Rural,Local Bus,17,1,Rain,4.73,54.27,78.85,19.84,9,12.19,Poor,0.48,1,15.65,Major Delay
Rural,Local Bus,16,3,Rain,2.29,74.75,57.27,10.24,22,11.37,Average,6.17,0,17.49,Major Delay
Rural,Local Bus,7,3,Clear,6.52,39.93,27.46,11.87,22,14.87,Poor,0.0,0,21.81,Major Delay
Rural,Local Bus,14,2,Clear,12.95,79.9,38.99,20.6,34,16.49,Average,4.58,0,16.31,Major Delay
Urban,Feeder Bus,19,0,Cloudy,7.38,62.59,61.61,17.09,11,9.93,Good,2.03,0,18.36,Major Delay
Urban,Express Bus,9,4,Rain,0.94,88.7,69.61,24.07,31,13.55,Poor,1.74,0,18.2,Major Delay
Rural,Local Bus,15,5,Cloudy,2.03,61.4,78.1,8.99,9,17.5,Good,15.57,0,21.16,Major Delay
Urban,Express Bus,10,1,Clear,0.53,90.61,17.36,12.69,12,15.07,Good,1.84,0,13.6,Moderate Delay
Urban,Express Bus,9,4,Clear,1.48,54.9,75.43,17.08,6,8.93,Poor,1.39,0,15.3,Major Delay
Urban,Local Bus,12,5,Cloudy,8.73,16.54,86.54,17.99,14,10.02,Average,0.0,1,19.03,Major Delay
Rural,Express Bus,11,3,Cloudy,1.63,33.49,10.13,16.52,26,6.07,Poor,8.45,1,12.51,Moderate Delay
Urban,Express Bus,13,4,Rain,6.58,71.42,57.89,6.06,10,20.09,Good,0.78,0,15.72,Major Delay
Rural,Feeder Bus,8,1,Heavy Rain,1.88,70.97,73.16,8.34,7,12.53,Average,3.34,0,18.87,Major Delay
Urban,Local Bus,12,6,Clear,7.25,40.86,29.77,16.05,21,3.98,Good,0.0,0,7.9,Moderate Delay
Urban,Local Bus,16,6,Clear,0.91,89.5,48.01,4.74,5,6.8,Good,5.58,0,10.01,Moderate Delay
Rural,Local Bus,11,4,Clear,0.67,39.86,69.2,8.68,24,10.23,Poor,8.16,0,14.31,Moderate Delay
Urban,Local Bus,16,6,Clear,16.83,58.63,47.55,14.22,27,17.71,Good,10.04,0,10.1,Moderate Delay
Urban,Local Bus,7,4,Clear,1.04,57.99,50.73,9.34,27,10.04,Average,2.92,0,24.8,Major Delay
Urban,Express Bus,7,4,Clear,8.92,17.4,62.42,15.38,7,14.02,Poor,0.53,0,9.19,Moderate Delay
Rural,Local Bus,20,5,Clear,5.6,45.46,34.6,13.46,20,7.43,Poor,0.21,0,19.16,Major Delay
Urban,Local Bus,13,0,Rain,1.41,100.0,36.66,9.27,14,14.22,Good,3.59,1,13.59,Moderate Delay
Urban,Feeder Bus,15,1,Clear,2.45,26.79,67.37,9.41,8,17.51,Good,4.77,0,9.03,Moderate Delay
Rural,Local Bus,18,1,Rain,9.09,62.38,76.98,21.67,9,14.95,Poor,6.22,1,22.98,Major Delay
Rural,Local Bus,7,4,Clear,1.98,21.45,65.97,16.3,12,2.0,Average,0.0,0,16.7,Major Delay
Urban,Express Bus,22,1,Clear,6.54,26.55,85.22,15.48,27,10.24,Average,4.17,0,14.06,Moderate Delay
Urban,Local Bus,12,2,Clear,4.96,15.47,66.39,14.33,19,5.71,Good,0.0,0,6.7,Moderate Delay
Urban,Local Bus,21,3,Clear,5.11,69.64,94.94,8.56,7,14.36,Good,2.85,0,13.79,Moderate Delay
Urban,Express Bus,12,5,Clear,17.3,27.96,59.32,10.61,13,11.35,Poor,10.48,0,19.41,Major Delay
Urban,Local Bus,12,3,Rain,6.06,77.15,63.05,3.0,10,19.56,Average,2.36,0,22.72,Major Delay
Urban,Local Bus,15,0,Rain,5.04,35.78,66.06,10.18,6,9.34,Average,0.0,0,12.76,Moderate Delay
Urban,Local Bus,8,4,Clear,0.22,50.94,45.44,10.28,31,11.36,Good,5.25,0,10.55,Moderate Delay
Urban,Feeder Bus,15,2,Clear,11.24,57.46,42.48,17.29,31,10.38,Good,7.97,0,11.51,Moderate Delay
Rural,Local Bus,22,0,Clear,7.41,10.81,40.0,10.38,6,14.59,Average,0.0,0,11.72,Moderate Delay
Urban,Express Bus,16,4,Rain,4.85,52.68,46.89,18.72,20,6.14,Poor,0.0,0,9.47,Moderate Delay
Urban,Local Bus,6,1,Clear,2.43,56.05,99.42,12.44,30,6.0,Good,0.0,0,14.26,Moderate Delay
Rural,Express Bus,17,3,Clear,0.25,74.22,94.43,14.89,22,8.18,Good,1.3,0,8.88,Moderate Delay
Rural,Local Bus,5,6,Rain,5.92,25.93,51.44,13.81,15,13.92,Average,11.09,0,14.83,Moderate Delay
Rural,Local Bus,6,1,Rain,3.52,29.21,49.59,18.2,8,16.2,Good,0.0,0,13.53,Moderate Delay
Urban,Local Bus,10,6,Cloudy,16.24,63.17,15.06,21.24,7,10.53,Good,0.0,0,11.76,Moderate Delay
Urban,Express Bus,10,3,Clear,6.58,80.49,38.11,8.08,32,13.96,Average,4.86,0,18.83,Major Delay
Rural,Local Bus,5,6,Clear,4.02,34.37,41.81,24.56,24,13.54,Good,0.0,0,13.95,Moderate Delay
Urban,Local Bus,5,5,Clear,20.5,19.59,49.21,8.86,30,10.71,Average,0.0,0,27.11,Major Delay
Urban,Local Bus,19,5,Cloudy,3.5,40.72,46.61,12.89,34,10.59,Good,6.75,0,19.56,Major Delay
Urban,Local Bus,13,1,Rain,15.1,24.69,62.3,10.83,16,14.81,Average,3.96,0,19.36,Major Delay
Urban,Express Bus,8,5,Clear,23.82,57.15,73.5,23.05,26,20.58,Average,8.53,0,15.43,Major Delay
Rural,Local Bus,12,2,Rain,9.04,23.16,43.44,7.63,10,15.94,Average,7.17,0,18.52,Major Delay
Urban,Local Bus,17,6,Clear,1.21,70.38,86.74,18.31,25,17.01,Average,0.0,1,26.17,Major Delay
Rural,Local Bus,18,6,Rain,18.75,52.89,64.91,3.0,28,21.2,Average,0.0,0,18.58,Major Delay
Urban,Local Bus,10,4,Clear,0.06,71.09,75.77,18.88,21,7.51,Good,9.1,0,15.02,Major Delay
Urban,Local Bus,8,6,Clear,0.71,0.0,49.21,12.85,22,14.51,Good,2.88,0,10.01,Moderate Delay
Urban,Local Bus,22,3,Clear,5.74,7.56,68.93,11.75,18,18.28,Good,18.57,0,10.77,Moderate Delay
Urban,Local Bus,16,0,Rain,11.31,77.73,67.07,9.85,29,15.7,Average,8.34,0,21.98,Major Delay
Urban,Feeder Bus,22,6,Clear,4.92,31.45,87.35,13.6,20,8.0,Good,10.36,1,11.5,Moderate Delay
Urban,Local Bus,10,3,Clear,0.29,14.27,71.05,11.87,19,7.02,Good,0.0,0,12.06,Moderate Delay
Rural,Feeder Bus,7,0,Rain,1.38,43.34,75.07,5.05,16,19.17,Average,3.08,1,21.83,Major Delay
Urban,Local Bus,11,0,Rain,1.93,53.57,47.42,9.29,31,13.08,Average,7.54,0,20.39,Major Delay
Rural,Local Bus,10,5,Cloudy,5.49,44.37,81.92,18.79,7,12.53,Good,3.08,0,11.8,Moderate Delay
Rural,Local Bus,17,6,Cloudy,3.09,58.76,32.48,11.58,26,11.1,Good,3.78,0,8.78,Moderate Delay
Urban,Local Bus,17,4,Cloudy,10.54,55.65,46.54,9.26,17,18.55,Average,4.72,0,21.91,Major Delay
Rural,Express Bus,6,3,Cloudy,0.25,54.44,63.63,14.28,15,15.87,Poor,0.0,0,7.05,Moderate Delay
Urban,Feeder Bus,15,2,Clear,6.62,79.01,34.95,16.93,18,10.07,Average,0.0,0,12.99,Moderate Delay
Urban,Express Bus,11,2,Clear,0.72,47.67,39.54,17.9,27,15.56,Good,2.58,0,15.1,Major Delay
Rural,Express Bus,16,2,Clear,13.14,47.0,39.55,16.03,15,11.89,Average,1.43,0,9.74,Moderate Delay
Rural,Local Bus,12,1,Clear,6.69,66.46,65.57,21.25,14,15.36,Good,0.0,0,16.14,Major Delay
Urban,Local Bus,14,0,Clear,3.09,60.71,54.82,14.3,34,17.78,Good,2.87,0,16.75,Major Delay
Urban,Express Bus,17,3,Clear,2.32,27.23,77.27,12.58,17,17.18,Good,0.0,0,6.57,Moderate Delay
Urban,Local Bus,10,1,Clear,5.24,45.88,95.61,19.24,29,2.37,Good,7.31,0,21.59,Major Delay
Rural,Local Bus,8,1,Rain,10.25,58.08,63.41,9.75,16,13.57,Average,6.45,0,17.79,Major Delay
Urban,Feeder Bus,17,1,Rain,4.99,34.5,47.77,11.57,34,18.39,Average,6.92,0,18.48,Major Delay
Urban,Feeder Bus,22,5,Cloudy,3.07,35.6,65.37,4.44,17,7.41,Average,0.0,0,15.13,Major Delay
Urban,Express Bus,12,4,Heavy Rain,1.04,16.0,40.09,24.88,15,20.95,Average,0.0,0,11.95,Moderate Delay
Urban,Local Bus,22,3,Clear,2.92,0.0,56.73,26.51,26,14.1,Good,10.11,0,15.36,Major Delay
Urban,Feeder Bus,8,4,Clear,10.32,39.4,100.0,12.95,29,15.79,Average,2.52,0,19.56,Major Delay
Rural,Local Bus,19,3,Clear,7.69,50.93,53.94,18.58,12,15.79,Average,6.35,0,20.98,Major Delay
Urban,Local Bus,22,3,Cloudy,11.58,22.81,64.05,18.2,33,4.28,Average,0.0,1,20.61,Major Delay
Urban,Local Bus,10,5,Clear,0.96,79.69,54.77,15.14,14,15.98,Good,2.07,0,14.41,Moderate Delay
Urban,Feeder Bus,7,5,Rain,0.28,23.93,49.81,21.29,31,13.47,Average,9.46,0,17.16,Major Delay
Rural,Feeder Bus,16,1,Clear,7.07,68.99,67.62,6.41,20,8.76,Average,4.17,0,11.71,Moderate Delay
Rural,Express Bus,20,5,Clear,0.45,57.63,32.58,12.89,22,19.12,Good,2.25,0,9.96,Moderate Delay
Urban,Local Bus,6,1,Cloudy,11.57,98.06,54.68,3.0,13,2.0,Poor,6.33,0,16.53,Major Delay
Urban,Local Bus,16,0,Clear,7.28,60.42,30.85,7.93,9,7.94,Good,5.08,0,10.6,Moderate Delay
Urban,Local Bus,20,2,Rain,4.84,14.74,88.89,4.25,8,18.27,Good,13.92,0,15.37,Major Delay
Urban,Feeder Bus,5,2,Cloudy,0.77,72.25,77.74,3.0,8,16.05,Average,3.7,0,12.1,Moderate Delay
Rural,Local Bus,14,5,Rain,3.54,87.04,42.64,11.03,26,8.31,Average,6.74,0,23.4,Major Delay
Urban,Local Bus,6,4,Cloudy,2.92,7.24,20.88,16.19,23,7.44,Average,2.83,0,6.28,Moderate Delay
Urban,Express Bus,8,0,Clear,5.05,62.7,67.81,10.01,22,10.19,Average,0.0,0,9.37,Moderate Delay
Rural,Local Bus,13,3,Clear,14.75,67.79,57.13,10.73,32,12.96,Poor,5.61,0,16.72,Major Delay
Urban,Feeder Bus,10,5,Rain,0.99,43.1,100.0,9.59,33,9.28,Good,0.0,0,23.54,Major Delay
Urban,Local Bus,6,5,Clear,2.42,0.0,86.03,14.84,19,11.07,Good,8.43,0,9.46,Moderate Delay
Urban,Feeder Bus,19,3,Clear,3.17,41.19,70.7,10.37,27,11.96,Average,0.0,1,16.97,Major Delay
Urban,Local Bus,8,4,Clear,12.19,34.64,47.44,7.96,7,9.89,Good,0.0,0,13.16,Moderate Delay
Urban,Local Bus,20,3,Cloudy,3.95,83.18,52.77,19.59,22,9.36,Average,0.0,0,18.75,Major Delay
Urban,Local Bus,8,1,Clear,6.64,45.96,64.04,8.77,17,5.75,Poor,6.6,0,18.82,Major Delay
Urban,Local Bus,14,3,Heavy Rain,13.05,38.52,65.1,6.37,12,11.5,Good,0.0,0,20.47,Major Delay
Urban,Express Bus,18,4,Clear,4.82,34.51,43.85,18.44,16,11.4,Good,6.05,0,14.2,Moderate Delay
Urban,Local Bus,13,0,Clear,2.46,55.49,30.72,3.9,10,6.95,Good,0.13,0,5.85,Moderate Delay
Rural,Local Bus,12,4,Clear,10.88,49.31,96.56,21.38,20,13.05,Average,2.91,0,12.67,Moderate Delay
Urban,Express Bus,18,1,Clear,6.16,29.83,58.68,7.84,20,17.52,Average,0.82,0,10.29,Moderate Delay
Urban,Local Bus,5,0,Clear,1.58,54.07,66.48,14.48,8,11.95,Poor,15.14,0,17.43,Major Delay
Urban,Express Bus,19,5,Rain,2.18,35.18,40.85,8.03,18,13.78,Average,0.0,0,19.1,Major Delay
Rural,Express Bus,17,2,Clear,14.18,0.0,85.32,14.08,14,16.57,Poor,5.95,1,21.01,Major Delay
Rural,Local Bus,18,2,Clear,7.26,63.36,78.8,10.87,17,11.46,Good,3.45,0,15.02,Major Delay
Urban,Express Bus,12,4,Clear,2.65,61.18,59.21,8.1,31,16.09,Good,0.0,0,14.78,Moderate Delay
Urban,Local Bus,11,3,Clear,0.2,52.59,62.2,4.38,18,2.0,Good,5.47,0,20.49,Major Delay
Urban,Local Bus,15,4,Heavy Rain,7.4,37.82,63.7,10.76,24,8.09,Average,0.0,0,16.51,Major Delay
Urban,Local Bus,16,6,Clear,6.2,46.34,59.96,16.85,11,6.12,Good,0.0,0,8.38,Moderate Delay
Urban,Feeder Bus,21,4,Rain,7.27,66.84,69.16,18.05,33,18.68,Good,0.0,0,16.28,Major Delay
Urban,Express Bus,20,0,Clear,1.29,33.47,65.53,9.69,17,14.79,Good,3.91,0,13.3,Moderate Delay
Urban,Local Bus,5,1,Clear,2.48,67.77,54.48,9.7,14,5.58,Good,0.5,0,13.82,Moderate Delay
Urban,Feeder Bus,7,3,Rain,9.68,14.08,34.63,12.95,6,6.75,Average,0.0,0,9.67,Moderate Delay
Urban,Local Bus,22,3,Clear,2.44,51.87,57.49,14.01,30,4.77,Poor,5.21,0,18.37,Major Delay
Urban,Feeder Bus,11,2,Rain,0.39,48.59,73.01,13.98,21,13.26,Good,8.89,0,19.73,Major Delay
Rural,Express Bus,15,1,Clear,1.08,71.06,71.44,11.4,9,12.59,Average,0.0,0,6.42,Moderate Delay
Urban,Feeder Bus,6,0,Clear,8.43,26.86,84.25,11.81,21,9.51,Good,5.15,0,13.28,Moderate Delay
Rural,Feeder Bus,6,1,Rain,3.02,29.37,86.36,12.28,13,7.24,Good,6.12,0,11.71,Moderate Delay
Urban,Feeder Bus,12,6,Clear,0.8,15.93,72.03,3.0,25,11.47,Good,9.87,0,8.36,Moderate Delay
Rural,Local Bus,17,2,Heavy Rain,5.72,34.97,61.75,11.57,10,24.51,Average,2.05,0,25.12,Major Delay
Rural,Express Bus,18,6,Heavy Rain,1.76,53.87,64.87,18.69,26,9.7,Average,11.22,1,26.09,Major Delay
Rural,Feeder Bus,21,2,Clear,2.89,6.65,46.51,22.36,10,17.34,Average,6.42,1,8.87,Moderate Delay
Rural,Express Bus,8,2,Clear,4.3,37.81,73.99,21.06,25,10.12,Average,0.0,0,15.32,Major Delay
Rural,Local Bus,8,3,Rain,11.63,62.05,84.47,14.54,13,16.46,Good,5.0,0,26.3,Major Delay
Urban,Feeder Bus,14,6,Clear,4.3,45.63,78.83,6.87,29,14.63,Average,3.41,1,18.62,Major Delay
Rural,Local Bus,14,3,Rain,2.25,49.73,69.13,10.71,20,11.45,Average,8.42,0,13.26,Moderate Delay
Urban,Local Bus,5,0,Clear,5.42,13.36,53.19,9.43,8,14.81,Good,9.4,0,10.73,Moderate Delay
Urban,Local Bus,13,1,Clear,5.78,45.7,50.88,5.55,31,17.61,Good,0.0,0,7.05,Moderate Delay
Urban,Local Bus,21,6,Cloudy,2.0,48.66,54.8,8.35,31,11.95,Good,8.03,0,15.17,Major Delay
Rural,Express Bus,7,1,Rain,3.02,44.23,43.4,9.63,14,10.71,Good,2.85,0,11.37,Moderate Delay
Urban,Local Bus,19,5,Rain,3.41,51.51,63.49,5.63,16,14.94,Good,0.0,0,20.36,Major Delay
Urban,Express Bus,13,6,Cloudy,9.99,40.89,10.0,19.6,5,19.77,Good,10.74,0,7.02,Moderate Delay
Urban,Feeder Bus,14,1,Clear,5.13,37.51,47.22,17.65,25,4.66,Poor,1.12,0,17.29,Major Delay
Urban,Local Bus,16,3,Clear,7.87,24.09,59.36,13.7,18,5.27,Poor,3.66,0,12.59,Moderate Delay
Urban,Express Bus,17,4,Clear,9.72,70.41,100.0,16.29,8,18.68,Average,3.13,1,18.09,Major Delay
Urban,Local Bus,16,5,Clear,0.33,19.79,58.09,15.84,24,8.9,Average,6.07,0,8.6,Moderate Delay
Urban,Feeder Bus,6,5,Clear,0.31,51.63,58.83,9.6,11,17.83,Poor,10.1,0,13.42,Moderate Delay
Urban,Feeder Bus,10,0,Cloudy,1.66,89.7,41.33,24.79,12,8.24,Good,11.55,0,17.94,Major Delay
Urban,Local Bus,20,2,Clear,6.77,73.33,92.39,9.39,32,9.27,Average,8.02,0,25.02,Major Delay
Urban,Express Bus,5,6,Clear,8.71,59.72,41.73,3.99,27,16.81,Average,0.0,0,10.56,Moderate Delay
Urban,Local Bus,17,2,Cloudy,0.22,53.74,98.66,14.97,9,15.28,Poor,10.79,0,23.58,Major Delay
Urban,Local Bus,14,1,Clear,4.41,45.06,43.2,17.39,22,5.94,Average,6.5,0,16.51,Major Delay
Rural,Express Bus,7,4,Heavy Rain,8.29,27.27,76.83,12.19,18,14.59,Good,8.99,0,15.92,Major Delay
Urban,Local Bus,7,1,Clear,2.13,42.16,56.87,21.47,9,8.27,Average,1.99,0,15.17,Major Delay
Rural,Express Bus,22,1,Clear,4.78,61.22,46.75,15.08,7,13.79,Good,3.44,0,8.32,Moderate Delay
Rural,Local Bus,5,5,Rain,0.62,56.96,78.19,9.08,31,11.92,Good,8.25,0,19.67,Major Delay
Urban,Local Bus,5,0,Cloudy,6.14,66.14,84.57,10.44,7,10.76,Average,13.56,0,17.61,Major Delay
Urban,Feeder Bus,5,6,Rain,2.83,76.05,54.29,14.89,22,8.53,Average,4.47,0,10.03,Moderate Delay
Urban,Local Bus,16,1,Clear,2.5,44.36,57.52,14.48,34,3.26,Good,0.0,0,13.1,Moderate Delay
Rural,Express Bus,21,0,Clear,4.57,52.41,49.75,21.28,16,8.46,Good,6.48,0,8.19,Moderate Delay
Urban,Local Bus,8,5,Cloudy,0.15,4.32,62.48,19.01,24,15.09,Average,2.57,0,13.68,Moderate Delay
Rural,Feeder Bus,19,1,Clear,1.73,99.89,36.11,4.59,18,13.9,Good,0.0,0,7.9,Moderate Delay
Urban,Express Bus,17,2,Cloudy,8.29,38.48,10.0,12.99,24,7.45,Average,2.84,0,15.28,Major Delay
Urban,Local Bus,9,2,Clear,0.22,62.99,20.6,6.54,13,17.15,Average,5.89,0,15.79,Major Delay
Urban,Local Bus,6,3,Clear,0.28,38.47,53.58,22.75,13,13.46,Average,8.76,0,6.52,Moderate Delay
Rural,Local Bus,13,3,Clear,1.98,37.93,36.6,8.16,21,14.74,Good,1.09,0,15.25,Major Delay
Urban,Feeder Bus,6,1,Rain,3.37,42.55,55.65,15.21,9,6.48,Poor,1.3,0,17.89,Major Delay
Rural,Local Bus,7,1,Clear,4.31,19.36,47.75,9.81,21,20.7,Poor,2.99,0,20.11,Major Delay
Rural,Local Bus,13,1,Heavy Rain,16.13,0.0,43.87,3.0,23,14.09,Good,12.28,0,18.77,Major Delay
Urban,Express Bus,19,0,Clear,4.47,74.67,45.02,6.47,34,19.39,Average,10.21,1,20.7,Major Delay
Urban,Local Bus,22,4,Clear,5.09,60.55,77.34,12.5,12,8.56,Average,6.32,0,19.24,Major Delay
Urban,Local Bus,16,3,Clear,9.76,26.94,62.71,17.41,8,2.57,Good,6.13,0,12.4,Moderate Delay
Rural,Local Bus,9,0,Cloudy,1.18,58.39,89.3,17.19,13,7.0,Average,1.93,0,15.28,Major Delay
Urban,Local Bus,10,2,Rain,5.28,66.95,60.07,6.02,29,16.93,Poor,7.36,0,23.09,Major Delay
Rural,Express Bus,16,4,Clear,6.7,32.06,19.8,15.88,17,6.08,Average,0.0,0,0.0,On Time / Minor
Urban,Feeder Bus,8,1,Clear,5.85,57.47,37.12,19.7,9,19.19,Poor,5.9,0,20.13,Major Delay
Rural,Feeder Bus,14,2,Rain,4.32,71.16,60.3,17.08,11,8.11,Good,0.0,0,16.18,Major Delay
Rural,Feeder Bus,18,5,Clear,4.0,14.92,62.84,11.83,29,13.67,Poor,0.0,0,18.42,Major Delay
Urban,Local Bus,20,4,Cloudy,0.81,60.27,46.28,14.29,33,12.91,Poor,0.0,1,26.11,Major Delay
Rural,Local Bus,6,4,Rain,2.27,56.38,42.09,14.91,9,10.18,Good,12.91,0,11.97,Moderate Delay
Rural,Express Bus,10,2,Clear,13.04,91.25,45.84,22.38,22,10.21,Good,2.71,0,11.25,Moderate Delay
Rural,Feeder Bus,9,3,Cloudy,1.68,60.81,55.11,24.21,34,6.81,Average,0.0,0,12.94,Moderate Delay
Urban,Express Bus,14,5,Rain,3.61,38.55,57.02,17.87,7,21.53,Poor,15.69,0,11.95,Moderate Delay
Urban,Local Bus,8,6,Clear,3.36,41.21,36.04,14.32,9,14.32,Good,0.0,0,9.56,Moderate Delay
Urban,Express Bus,22,0,Clear,5.28,94.54,62.93,13.81,19,3.61,Good,6.13,0,13.18,Moderate Delay
Urban,Express Bus,21,5,Clear,3.33,39.84,62.74,14.44,7,4.94,Average,0.0,0,12.7,Moderate Delay
Urban,Feeder Bus,10,6,Rain,2.76,61.48,55.8,15.23,21,14.38,Good,7.47,0,20.03,Major Delay
Urban,Express Bus,12,6,Cloudy,8.05,42.52,44.18,10.9,25,11.67,Average,3.43,0,10.18,Moderate Delay
Urban,Local Bus,12,1,Clear,4.46,72.87,71.43,25.81,15,2.64,Average,0.0,0,16.75,Major Delay
Urban,Local Bus,5,3,Clear,4.01,74.01,84.47,9.25,32,24.42,Poor,0.0,0,22.03,Major Delay
Urban,Local Bus,20,0,Clear,1.83,47.48,49.04,21.77,31,2.0,Good,0.0,0,7.49,Moderate Delay
Rural,Local Bus,19,0,Clear,2.34,38.64,45.43,3.0,26,9.41,Poor,0.0,0,17.62,Major Delay
Rural,Feeder Bus,10,3,Clear,4.65,38.1,67.32,12.35,20,11.81,Average,0.0,0,16.36,Major Delay
Urban,Local Bus,14,1,Clear,8.78,8.27,34.59,11.97,8,8.31,Poor,7.17,1,18.21,Major Delay
Urban,Local Bus,11,1,Clear,11.53,50.31,32.47,15.37,12,15.98,Good,9.08,0,8.91,Moderate Delay
Rural,Local Bus,9,2,Cloudy,5.04,49.85,45.02,11.81,34,14.28,Average,0.1,0,13.02,Moderate Delay
Urban,Express Bus,10,3,Cloudy,18.56,29.23,64.19,22.32,21,12.43,Average,0.0,0,20.64,Major Delay
Urban,Local Bus,6,1,Clear,2.59,5.8,40.39,12.55,17,11.36,Average,5.32,0,8.7,Moderate Delay
Urban,Local Bus,19,5,Cloudy,2.57,52.74,57.62,7.82,26,14.4,Good,4.28,0,16.96,Major Delay
Urban,Feeder Bus,16,4,Clear,10.35,55.65,17.81,8.2,12,10.67,Average,0.0,0,2.23,On Time / Minor
Urban,Local Bus,21,5,Clear,4.2,57.08,70.34,11.16,14,4.16,Good,3.2,0,17.45,Major Delay
Rural,Local Bus,5,6,Heavy Rain,1.91,25.23,86.81,18.35,16,16.55,Good,0.0,1,23.37,Major Delay
Urban,Local Bus,16,4,Cloudy,3.5,57.13,39.8,19.43,31,20.47,Average,3.54,0,22.08,Major Delay
Urban,Express Bus,15,2,Clear,0.98,43.89,66.88,6.79,19,12.14,Poor,2.73,0,11.05,Moderate Delay
Rural,Express Bus,16,6,Clear,2.95,67.88,53.84,9.2,6,12.24,Average,10.15,0,16.3,Major Delay
Rural,Feeder Bus,22,3,Cloudy,0.82,25.58,60.12,7.61,19,11.54,Good,4.77,0,7.31,Moderate Delay
Urban,Local Bus,12,3,Clear,0.98,74.45,53.08,12.29,13,5.13,Good,3.95,0,18.19,Major Delay
Urban,Feeder Bus,7,2,Heavy Rain,4.6,82.73,51.93,19.77,19,9.0,Good,13.32,0,15.17,Major Delay
Urban,Express Bus,5,0,Clear,0.84,50.67,41.34,15.03,32,15.7,Good,0.0,0,14.02,Moderate Delay
Urban,Local Bus,13,6,Clear,1.4,57.28,36.14,17.3,14,12.99,Average,0.0,0,12.45,Moderate Delay
Urban,Local Bus,8,5,Cloudy,2.24,66.03,79.99,18.48,13,20.31,Good,8.06,0,20.1,Major Delay
Rural,Local Bus,7,4,Cloudy,6.19,24.41,24.42,10.48,19,15.47,Good,8.73,0,15.37,Major Delay
Urban,Feeder Bus,7,1,Clear,2.14,36.82,57.63,6.31,7,9.7,Average,8.85,0,16.45,Major Delay
Urban,Local Bus,9,6,Heavy Rain,12.65,52.24,56.72,10.48,11,15.11,Good,2.34,0,30.24,Major Delay
Rural,Local Bus,7,1,Rain,1.65,94.62,57.06,18.93,6,10.76,Good,0.0,0,22.62,Major Delay
Urban,Express Bus,13,1,Clear,0.08,20.49,71.3,17.62,32,3.51,Average,0.0,0,12.74,Moderate Delay
Rural,Feeder Bus,16,0,Clear,0.92,85.67,50.59,14.47,27,16.98,Good,0.0,0,13.27,Moderate Delay
Rural,Express Bus,10,2,Clear,4.53,43.56,71.06,19.69,9,14.29,Average,0.0,0,16.44,Major Delay
Urban,Express Bus,7,2,Cloudy,0.97,47.21,97.72,14.87,15,26.46,Average,1.3,0,21.51,Major Delay
Urban,Local Bus,15,5,Cloudy,1.59,76.02,54.96,12.01,8,9.07,Average,11.8,0,16.97,Major Delay
Rural,Feeder Bus,6,2,Clear,10.28,94.49,17.36,4.59,27,15.43,Good,0.78,0,12.84,Moderate Delay
Rural,Local Bus,18,6,Heavy Rain,13.1,57.73,55.15,21.63,8,8.05,Good,4.14,0,16.5,Major Delay
Rural,Local Bus,11,2,Clear,0.47,74.79,53.18,13.42,24,7.42,Average,6.24,0,16.15,Major Delay
Urban,Feeder Bus,12,3,Rain,2.73,26.83,66.04,11.29,22,23.42,Good,1.7,0,16.08,Major Delay
Rural,Local Bus,9,4,Rain,4.42,35.82,18.12,13.38,27,2.0,Good,1.66,1,20.04,Major Delay
Urban,Local Bus,10,5,Clear,8.38,16.89,64.49,22.99,30,11.56,Good,9.93,0,22.2,Major Delay
Urban,Express Bus,7,5,Clear,2.12,36.14,49.57,19.96,32,20.44,Good,4.43,0,17.42,Major Delay
Urban,Local Bus,15,6,Clear,4.39,61.0,74.05,11.84,14,4.01,Good,9.15,0,18.24,Major Delay
Rural,Local Bus,7,6,Rain,9.74,52.88,47.63,16.82,29,9.18,Poor,15.44,0,23.29,Major Delay
Urban,Express Bus,17,0,Clear,3.61,87.72,75.36,21.36,10,16.26,Average,0.0,0,13.14,Moderate Delay
Urban,Express Bus,9,0,Rain,0.01,95.26,27.79,16.08,9,5.7,Average,2.72,0,18.15,Major Delay
Rural,Express Bus,15,3,Clear,2.69,44.86,58.36,14.72,31,13.36,Good,2.66,0,12.41,Moderate Delay
Urban,Local Bus,14,1,Clear,1.26,32.37,38.56,3.0,32,7.76,Good,1.02,1,17.29,Major Delay
Urban,Express Bus,16,3,Rain,1.38,74.68,48.24,21.47,25,18.41,Average,1.34,0,12.35,Moderate Delay
Urban,Feeder Bus,18,4,Clear,1.53,77.08,100.0,7.83,15,18.23,Average,10.51,1,19.4,Major Delay
Urban,Local Bus,15,1,Rain,12.36,58.15,39.01,3.0,17,9.31,Poor,4.0,1,21.08,Major Delay
Rural,Local Bus,20,0,Clear,8.87,64.23,50.55,3.17,29,2.0,Good,15.95,0,20.52,Major Delay
Rural,Local Bus,9,6,Clear,13.98,60.63,35.13,8.87,11,14.29,Good,1.47,0,13.08,Moderate Delay
Urban,Local Bus,18,2,Clear,19.73,25.26,51.86,16.92,20,16.83,Average,11.03,0,23.14,Major Delay
Rural,Local Bus,11,5,Clear,4.23,19.97,55.0,20.96,16,14.33,Good,12.29,0,8.4,Moderate Delay
Rural,Express Bus,16,4,Rain,1.87,46.83,43.31,16.05,10,13.7,Good,3.09,0,7.12,Moderate Delay
Urban,Feeder Bus,13,4,Clear,5.52,43.38,89.53,24.41,22,13.03,Good,5.74,0,12.68,Moderate Delay
Rural,Local Bus,21,5,Clear,5.75,54.37,81.1,11.58,25,10.0,Good,7.91,1,15.44,Major Delay
Urban,Express Bus,9,1,Clear,1.86,44.98,39.06,12.61,11,7.88,Average,0.72,0,8.06,Moderate Delay
Rural,Local Bus,14,1,Cloudy,1.8,8.82,74.33,3.0,25,11.88,Poor,11.82,0,18.57,Major Delay
Urban,Local Bus,7,6,Rain,3.17,0.0,48.4,10.55,32,10.48,Average,0.0,0,17.53,Major Delay
Urban,Express Bus,16,4,Cloudy,1.63,64.96,33.41,3.0,32,15.07,Good,0.9,0,7.58,Moderate Delay
Urban,Local Bus,5,2,Heavy Rain,5.81,32.76,43.64,5.95,32,7.35,Average,0.95,0,18.87,Major Delay
Rural,Feeder Bus,12,4,Clear,0.65,42.66,32.88,17.78,17,9.45,Average,4.63,0,12.9,Moderate Delay
Urban,Local Bus,5,2,Clear,7.09,35.17,76.82,3.88,25,11.99,Average,5.14,0,15.38,Major Delay
Urban,Local Bus,10,6,Cloudy,11.27,27.0,40.47,4.47,27,7.76,Average,0.32,0,12.74,Moderate Delay
Urban,Local Bus,13,3,Clear,13.29,26.38,83.76,3.45,34,4.58,Poor,2.93,0,17.66,Major Delay
Rural,Local Bus,10,2,Cloudy,22.21,71.46,60.82,18.66,20,14.75,Good,0.0,0,11.27,Moderate Delay
Urban,Feeder Bus,11,4,Rain,5.9,42.5,49.93,23.83,30,4.99,Average,9.32,0,23.26,Major Delay
Rural,Express Bus,7,5,Clear,0.47,62.6,47.96,13.55,21,12.45,Average,6.97,1,19.24,Major Delay
Urban,Local Bus,17,2,Rain,3.92,65.69,93.05,19.66,29,14.18,Poor,1.76,0,33.01,Major Delay
Urban,Local Bus,19,5,Clear,18.44,55.28,58.21,7.02,15,18.62,Poor,2.54,0,20.4,Major Delay
Urban,Express Bus,13,1,Cloudy,12.95,66.45,47.91,21.38,7,23.04,Good,0.18,0,8.94,Moderate Delay
Urban,Express Bus,5,1,Clear,2.53,48.33,75.07,9.71,15,18.1,Average,0.0,0,9.05,Moderate Delay
Urban,Local Bus,6,5,Cloudy,0.12,79.37,69.71,18.01,15,7.97,Good,0.0,0,14.88,Moderate Delay
Rural,Local Bus,17,4,Clear,5.61,66.94,38.24,13.84,29,10.02,Average,0.0,0,13.65,Moderate Delay
Urban,Local Bus,21,0,Heavy Rain,0.42,70.0,58.1,3.0,25,13.01,Good,8.29,0,19.61,Major Delay
Rural,Local Bus,20,4,Heavy Rain,5.46,26.41,21.83,8.69,24,11.19,Good,8.68,0,24.59,Major Delay
Urban,Local Bus,12,2,Cloudy,6.12,54.05,57.33,15.03,10,12.27,Poor,0.0,0,16.07,Major Delay
Rural,Local Bus,13,1,Cloudy,12.41,5.79,64.28,3.0,25,17.73,Average,6.99,0,16.03,Major Delay
Rural,Local Bus,7,2,Cloudy,0.15,80.22,66.96,15.78,25,12.14,Average,0.0,1,20.23,Major Delay
Rural,Local Bus,6,3,Cloudy,8.46,33.66,38.01,5.5,32,16.06,Good,7.32,0,15.4,Major Delay
Rural,Local Bus,18,6,Cloudy,3.2,36.85,43.23,17.24,12,5.83,Good,3.92,0,5.45,Moderate Delay
Rural,Feeder Bus,12,3,Cloudy,15.29,16.55,62.95,5.84,25,13.89,Good,0.9,0,7.35,Moderate Delay
Urban,Express Bus,13,2,Rain,7.96,47.17,83.01,16.66,7,3.11,Good,5.73,0,19.45,Major Delay
Urban,Local Bus,11,5,Cloudy,4.26,41.83,59.84,18.9,27,17.06,Poor,10.24,1,21.83,Major Delay
Urban,Local Bus,10,3,Clear,1.2,89.92,46.84,12.99,29,10.54,Average,0.0,1,21.43,Major Delay
Urban,Local Bus,22,0,Rain,3.57,67.76,77.4,13.52,28,4.56,Good,9.19,0,21.89,Major Delay
Rural,Feeder Bus,19,4,Clear,10.38,36.16,60.58,22.91,18,10.06,Average,0.0,0,11.14,Moderate Delay
Urban,Express Bus,17,3,Clear,3.59,9.68,61.57,9.3,17,13.83,Good,10.62,0,8.55,Moderate Delay
Rural,Local Bus,12,4,Heavy Rain,3.47,0.0,73.95,10.79,6,5.26,Good,7.83,0,11.83,Moderate Delay
Urban,Feeder Bus,17,1,Clear,3.67,24.4,56.07,17.84,18,7.05,Good,0.0,0,7.39,Moderate Delay
Rural,Feeder Bus,11,3,Clear,1.88,17.38,39.33,16.53,26,9.47,Good,0.59,0,5.74,Moderate Delay
Urban,Feeder Bus,14,4,Cloudy,1.02,56.02,54.91,12.54,34,15.62,Average,5.9,0,13.58,Moderate Delay
Urban,Local Bus,7,4,Rain,1.27,44.67,80.24,6.71,8,2.0,Average,8.23,1,17.35,Major Delay
Rural,Local Bus,17,4,Clear,4.03,48.4,95.85,19.84,21,13.74,Average,5.88,0,20.54,Major Delay
Rural,Express Bus,6,6,Clear,8.83,26.17,33.63,6.57,12,10.18,Average,5.45,0,14.15,Moderate Delay
Urban,Local Bus,18,3,Clear,4.63,51.5,90.75,27.67,16,16.81,Poor,0.31,0,15.54,Major Delay
Urban,Express Bus,15,3,Clear,10.56,15.33,50.66,6.83,28,13.46,Average,3.67,0,5.83,Moderate Delay
Urban,Express Bus,6,3,Clear,13.14,45.97,58.41,7.37,6,18.25,Poor,3.13,0,14.43,Moderate Delay
Urban,Local Bus,14,2,Clear,19.43,67.1,92.0,16.05,6,13.5,Poor,0.0,0,23.24,Major Delay
Rural,Local Bus,9,2,Heavy Rain,0.53,39.6,49.81,17.29,11,5.39,Average,5.18,0,15.33,Major Delay
Rural,Local Bus,13,4,Cloudy,6.55,58.2,52.51,8.16,12,13.59,Good,1.66,0,7.45,Moderate Delay
Urban,Local Bus,5,2,Rain,2.29,2.53,45.14,24.15,28,13.91,Good,10.38,0,6.73,Moderate Delay
Urban,Express Bus,17,5,Rain,1.36,0.69,58.76,15.98,13,7.95,Average,9.35,0,15.49,Major Delay
Urban,Express Bus,14,5,Heavy Rain,2.94,55.53,64.24,12.51,32,8.7,Average,4.42,0,17.17,Major Delay
Rural,Local Bus,11,6,Rain,14.37,72.08,44.26,16.32,34,2.0,Average,9.02,1,24.67,Major Delay
Urban,Express Bus,20,0,Clear,10.43,42.52,87.01,21.26,28,15.07,Average,6.58,1,21.42,Major Delay
Rural,Local Bus,16,2,Rain,4.08,97.34,43.05,23.66,19,10.67,Average,3.39,0,22.35,Major Delay
Urban,Express Bus,15,5,Cloudy,7.59,14.8,67.97,15.16,28,8.51,Average,0.0,0,15.05,Major Delay
Urban,Local Bus,7,3,Clear,5.73,32.36,58.53,6.36,9,6.32,Average,2.7,0,8.78,Moderate Delay
Urban,Express Bus,14,4,Clear,2.94,51.22,82.87,6.45,31,8.86,Good,1.83,0,11.54,Moderate Delay
Rural,Express Bus,17,5,Clear,1.62,58.68,41.92,5.51,15,13.53,Average,2.95,0,16.3,Major Delay
Urban,Local Bus,21,6,Clear,3.56,34.57,69.45,10.14,18,12.23,Good,2.36,0,7.78,Moderate Delay
Urban,Express Bus,15,1,Rain,8.06,23.64,100.0,14.23,31,9.65,Good,9.02,1,17.69,Major Delay
Rural,Feeder Bus,8,1,Clear,15.79,62.27,29.17,15.28,9,5.19,Average,9.57,0,14.03,Moderate Delay
Urban,Local Bus,17,3,Clear,6.62,51.06,39.99,20.76,8,9.6,Good,1.06,1,14.14,Moderate Delay
Rural,Express Bus,6,3,Clear,2.04,40.07,99.68,3.0,23,7.12,Poor,0.0,0,15.63,Major Delay
Urban,Feeder Bus,10,6,Rain,1.12,59.47,55.32,13.94,34,10.18,Average,0.0,0,16.53,Major Delay
Urban,Feeder Bus,21,0,Clear,5.53,44.86,60.27,16.76,32,14.37,Average,9.71,0,12.74,Moderate Delay
Urban,Local Bus,19,1,Clear,0.17,44.79,51.35,3.0,34,8.56,Good,8.28,1,20.94,Major Delay
Urban,Express Bus,21,6,Rain,28.8,43.94,91.08,16.72,18,19.61,Average,0.0,0,16.4,Major Delay
Urban,Feeder Bus,11,4,Rain,6.5,29.12,25.73,30.38,23,8.39,Average,0.0,0,19.87,Major Delay
Urban,Express Bus,17,4,Cloudy,12.32,26.78,82.74,18.64,29,2.66,Average,0.54,1,12.63,Moderate Delay
Urban,Local Bus,17,1,Cloudy,9.86,35.91,28.45,15.85,10,10.11,Average,12.48,0,15.64,Major Delay
Urban,Local Bus,9,4,Clear,6.39,48.74,26.66,12.36,31,8.2,Average,5.6,0,11.65,Moderate Delay
Urban,Express Bus,21,2,Heavy Rain,6.01,4.96,36.26,15.4,30,28.28,Average,2.32,0,19.32,Major Delay
Urban,Local Bus,22,5,Cloudy,8.47,69.73,55.44,23.22,7,8.9,Average,2.87,0,13.02,Moderate Delay
Urban,Local Bus,6,0,Rain,2.65,48.42,43.71,11.92,19,3.57,Average,0.0,0,17.1,Major Delay
Urban,Local Bus,18,1,Clear,4.15,23.5,42.53,21.16,17,11.21,Good,2.04,0,9.28,Moderate Delay
Urban,Express Bus,13,4,Cloudy,8.92,85.18,39.45,16.78,28,10.18,Poor,9.7,0,11.4,Moderate Delay
Urban,Local Bus,17,4,Clear,0.53,48.96,39.79,23.76,18,5.17,Good,1.53,0,16.42,Major Delay
Urban,Feeder Bus,14,5,Clear,4.0,17.29,39.34,20.53,32,12.8,Good,2.28,0,13.41,Moderate Delay
Urban,Express Bus,9,5,Cloudy,3.51,84.15,62.7,15.14,17,13.83,Good,5.15,0,17.93,Major Delay
Urban,Feeder Bus,6,0,Rain,0.14,79.16,45.28,14.75,19,11.41,Good,0.0,0,17.65,Major Delay
Urban,Feeder Bus,14,0,Clear,7.02,27.1,10.0,12.12,12,9.67,Good,5.16,0,8.79,Moderate Delay
Urban,Local Bus,20,2,Rain,5.02,40.57,57.25,19.86,30,9.16,Average,0.0,0,20.66,Major Delay
Urban,Express Bus,19,6,Clear,4.0,37.48,72.99,10.46,19,7.88,Average,1.0,0,9.94,Moderate Delay
Urban,Local Bus,9,3,Cloudy,10.51,4.54,52.42,14.68,19,4.59,Poor,1.61,0,14.72,Moderate Delay
Urban,Feeder Bus,20,6,Clear,9.05,55.47,32.78,12.84,26,18.42,Good,1.61,0,17.9,Major Delay
Rural,Local Bus,11,0,Clear,9.69,67.44,72.9,5.95,27,23.19,Average,4.01,0,24.53,Major Delay
Urban,Express Bus,15,6,Rain,3.56,63.11,30.55,15.32,25,5.87,Good,3.13,0,13.8,Moderate Delay
Urban,Feeder Bus,10,0,Clear,2.56,48.75,51.58,4.85,9,7.99,Average,2.59,0,2.2,On Time / Minor
Urban,Local Bus,14,5,Rain,4.91,69.67,57.56,11.31,32,5.59,Good,4.11,0,19.11,Major Delay
Rural,Feeder Bus,14,6,Clear,6.33,21.89,79.58,18.0,29,15.45,Average,0.0,1,19.94,Major Delay
Urban,Local Bus,17,2,Cloudy,7.88,89.82,69.55,15.01,27,5.92,Average,0.0,0,17.61,Major Delay
Urban,Local Bus,13,2,Clear,1.35,30.24,62.77,14.92,21,14.49,Good,3.46,1,11.37,Moderate Delay
Urban,Local Bus,14,4,Cloudy,5.94,32.8,76.61,8.81,27,13.14,Good,0.06,0,17.35,Major Delay
Urban,Local Bus,16,5,Rain,11.61,34.77,34.84,20.29,26,10.23,Good,5.77,0,14.0,Moderate Delay
Urban,Express Bus,12,0,Cloudy,1.61,33.09,89.6,8.68,13,17.8,Good,0.74,0,9.71,Moderate Delay
Rural,Feeder Bus,14,1,Clear,0.12,43.57,10.0,18.24,19,9.25,Average,0.0,0,2.62,On Time / Minor
Rural,Local Bus,6,5,Rain,0.01,42.68,86.56,21.79,5,11.01,Average,2.9,0,9.25,Moderate Delay
Rural,Express Bus,20,5,Rain,2.53,50.98,41.17,4.82,5,4.92,Average,8.76,0,17.54,Major Delay
Urban,Feeder Bus,7,1,Clear,1.03,29.17,65.6,11.56,20,2.0,Poor,5.06,0,12.37,Moderate Delay
Urban,Express Bus,20,6,Cloudy,6.74,51.83,86.97,11.01,27,16.3,Good,0.0,0,20.95,Major Delay
Rural,Local Bus,18,6,Cloudy,5.71,22.92,69.22,15.64,28,7.91,Poor,0.37,0,24.32,Major Delay
Urban,Feeder Bus,22,6,Rain,0.22,64.85,65.45,8.34,29,16.78,Average,1.02,0,14.69,Moderate Delay
Rural,Local Bus,5,1,Clear,11.15,64.56,75.33,7.01,16,9.24,Good,2.58,0,10.98,Moderate Delay
Urban,Express Bus,8,4,Clear,1.8,47.87,28.4,13.68,21,10.46,Average,0.57,0,14.04,Moderate Delay
Urban,Express Bus,5,1,Heavy Rain,1.24,33.06,31.4,10.63,29,12.03,Average,0.0,0,22.54,Major Delay
Urban,Express Bus,12,1,Cloudy,5.43,55.16,63.43,13.12,5,8.3,Average,2.81,0,11.72,Moderate Delay
Rural,Local Bus,21,0,Cloudy,2.31,27.58,54.05,19.36,23,2.92,Average,10.66,0,11.24,Moderate Delay
Urban,Local Bus,18,3,Heavy Rain,4.95,48.79,51.74,4.3,16,6.64,Poor,0.23,0,23.17,Major Delay
Urban,Express Bus,17,4,Clear,3.38,44.51,82.76,13.32,14,6.25,Average,0.0,0,13.21,Moderate Delay
Urban,Local Bus,20,1,Clear,12.28,100.0,81.03,10.45,22,10.83,Average,10.62,0,20.02,Major Delay
Urban,Local Bus,5,1,Rain,5.07,19.78,39.59,14.14,15,16.58,Good,13.1,0,20.08,Major Delay
Urban,Express Bus,19,1,Rain,2.95,0.0,66.85,10.48,22,7.37,Poor,1.46,0,14.52,Moderate Delay
Rural,Express Bus,10,1,Heavy Rain,3.85,33.34,26.71,6.92,25,10.5,Average,4.69,0,20.28,Major Delay
Urban,Local Bus,17,5,Cloudy,10.13,8.54,26.23,16.36,20,12.19,Average,4.6,0,16.6,Major Delay
Rural,Local Bus,18,1,Clear,1.37,31.29,40.14,30.63,22,7.03,Poor,7.94,0,15.8,Major Delay
Rural,Feeder Bus,17,1,Clear,7.09,18.16,56.94,13.4,16,12.93,Good,0.0,0,9.61,Moderate Delay
Urban,Local Bus,12,2,Clear,4.09,27.2,44.94,9.64,7,16.5,Good,3.35,0,10.57,Moderate Delay
Urban,Local Bus,16,1,Heavy Rain,4.23,23.51,67.02,9.62,15,12.97,Average,0.0,0,16.72,Major Delay
Urban,Local Bus,13,6,Clear,1.04,70.15,57.69,19.61,21,10.75,Poor,5.23,0,20.45,Major Delay
Urban,Local Bus,16,1,Cloudy,2.55,46.88,80.28,8.74,15,6.8,Average,11.07,0,16.36,Major Delay
Urban,Feeder Bus,13,3,Clear,1.98,72.74,68.91,21.8,6,10.41,Average,5.17,0,12.36,Moderate Delay
Rural,Local Bus,12,3,Clear,4.07,48.93,37.23,4.18,20,7.24,Good,0.0,0,6.6,Moderate Delay
Rural,Local Bus,8,1,Clear,0.57,69.36,76.01,15.15,21,8.07,Average,8.48,1,26.89,Major Delay
Rural,Local Bus,11,3,Cloudy,2.29,41.05,40.76,17.98,31,10.39,Good,0.44,0,14.26,Moderate Delay
Urban,Local Bus,17,1,Clear,10.31,84.67,66.23,18.57,32,9.96,Poor,5.87,0,17.22,Major Delay
Rural,Local Bus,20,3,Heavy Rain,6.5,58.83,48.15,18.15,22,16.17,Average,0.0,0,23.85,Major Delay
Rural,Feeder Bus,6,0,Rain,3.64,30.06,84.48,15.6,7,8.06,Good,0.0,0,9.63,Moderate Delay
Urban,Express Bus,8,3,Clear,1.15,62.24,72.62,20.92,28,12.94,Average,0.0,0,11.33,Moderate Delay
Urban,Local Bus,14,2,Rain,1.78,48.62,44.15,8.05,19,8.68,Poor,0.0,0,15.82,Major Delay
Urban,Local Bus,17,2,Clear,3.11,43.34,50.28,10.14,22,6.45,Average,0.0,0,16.61,Major Delay
Urban,Local Bus,8,0,Clear,0.84,50.21,100.0,11.58,28,14.03,Good,14.21,0,19.45,Major Delay
Urban,Local Bus,10,6,Clear,6.04,65.28,32.78,22.9,24,13.09,Average,0.0,0,14.94,Moderate Delay
Urban,Express Bus,5,0,Rain,5.9,0.0,43.6,16.8,17,8.0,Average,0.0,0,11.61,Moderate Delay
Urban,Local Bus,5,1,Cloudy,2.24,39.93,44.58,18.09,30,2.0,Good,12.21,0,17.47,Major Delay
Rural,Express Bus,7,0,Clear,3.33,63.7,34.82,12.93,15,16.6,Average,0.0,0,19.56,Major Delay
Rural,Feeder Bus,18,6,Rain,3.25,53.71,36.92,18.9,24,14.89,Good,1.48,1,16.42,Major Delay
Urban,Local Bus,20,2,Rain,5.51,22.09,55.83,4.69,22,16.77,Average,3.42,0,17.64,Major Delay
Rural,Feeder Bus,13,3,Rain,1.32,0.0,67.53,11.55,29,17.04,Good,0.0,0,13.05,Moderate Delay
Rural,Local Bus,8,5,Cloudy,27.0,87.12,26.14,12.7,30,11.07,Average,8.72,0,21.89,Major Delay
Urban,Local Bus,21,0,Rain,0.57,43.7,47.97,11.15,12,8.92,Average,2.9,0,19.38,Major Delay
Urban,Feeder Bus,10,0,Cloudy,1.34,82.82,41.92,12.07,31,2.04,Average,0.33,0,12.61,Moderate Delay
Urban,Local Bus,7,1,Clear,4.74,66.28,34.59,17.28,22,11.68,Good,8.22,0,23.99,Major Delay
Urban,Express Bus,7,4,Rain,15.99,29.75,77.92,15.43,13,8.75,Good,0.0,0,9.97,Moderate Delay
Rural,Express Bus,11,6,Clear,2.03,0.0,42.7,21.16,23,7.09,Average,3.69,0,10.56,Moderate Delay
Urban,Local Bus,18,4,Rain,1.09,37.37,30.6,3.0,34,4.21,Poor,0.0,0,23.1,Major Delay
Urban,Feeder Bus,12,6,Cloudy,2.8,47.14,75.6,22.93,23,5.85,Good,0.0,1,9.16,Moderate Delay
Urban,Local Bus,13,6,Clear,7.28,58.37,83.02,10.1,9,4.27,Good,13.51,0,16.31,Major Delay
Urban,Feeder Bus,11,1,Clear,7.63,22.45,62.75,21.9,19,15.96,Poor,4.13,0,8.91,Moderate Delay
Rural,Local Bus,21,1,Cloudy,6.47,52.09,39.18,11.49,11,16.58,Good,8.24,0,9.61,Moderate Delay
Urban,Local Bus,17,1,Rain,17.45,52.09,52.45,16.22,12,7.29,Poor,0.9,0,20.24,Major Delay
Urban,Local Bus,16,5,Rain,7.67,70.68,44.9,7.54,26,17.12,Average,0.0,0,19.14,Major Delay
Urban,Feeder Bus,12,4,Cloudy,9.12,40.94,57.01,6.7,8,11.51,Good,0.0,0,15.09,Major Delay
Urban,Local Bus,14,6,Clear,9.95,58.18,72.32,17.49,31,18.34,Good,1.92,0,12.94,Moderate Delay
Urban,Feeder Bus,20,3,Clear,0.91,54.63,57.5,3.0,32,13.98,Poor,0.0,0,20.31,Major Delay
Urban,Local Bus,16,6,Rain,3.2,68.14,57.93,6.71,10,14.16,Good,3.97,0,19.69,Major Delay
Urban,Local Bus,19,6,Clear,1.38,29.14,47.74,18.6,14,12.23,Average,0.0,1,15.39,Major Delay
Urban,Local Bus,5,5,Rain,1.55,0.0,71.3,11.51,14,7.39,Good,5.84,1,16.36,Major Delay
Rural,Local Bus,20,5,Clear,2.5,42.55,65.37,8.71,6,4.4,Average,13.79,0,10.66,Moderate Delay
Urban,Feeder Bus,22,0,Clear,5.38,42.69,21.24,23.14,7,12.02,Average,17.63,0,7.16,Moderate Delay
Urban,Local Bus,17,5,Cloudy,15.35,21.38,22.37,25.25,27,10.52,Average,5.1,1,14.32,Moderate Delay
Urban,Express Bus,22,6,Cloudy,7.0,13.31,51.37,14.0,18,24.0,Good,3.44,1,17.3,Major Delay
Rural,Express Bus,15,2,Cloudy,5.87,34.78,77.41,21.64,11,14.74,Average,0.0,0,14.74,Moderate Delay
Urban,Local Bus,9,5,Clear,2.57,45.36,81.33,23.1,20,6.78,Average,0.0,0,19.67,Major Delay
Urban,Express Bus,15,2,Rain,16.67,50.19,73.26,13.9,12,10.58,Good,0.0,1,16.98,Major Delay
Urban,Feeder Bus,16,1,Clear,0.5,0.0,54.99,10.93,22,9.16,Average,10.91,0,14.51,Moderate Delay
Urban,Express Bus,7,5,Rain,7.85,7.67,87.3,14.53,10,10.8,Average,1.54,0,13.4,Moderate Delay
Rural,Local Bus,8,1,Cloudy,4.4,73.98,43.55,5.27,10,4.44,Good,14.3,0,14.71,Moderate Delay
Urban,Express Bus,10,3,Clear,10.04,43.64,51.18,17.41,30,15.54,Poor,0.0,0,9.21,Moderate Delay
Rural,Express Bus,14,6,Cloudy,3.9,47.94,29.58,12.02,13,9.02,Good,2.8,0,8.35,Moderate Delay
Rural,Local Bus,7,1,Cloudy,12.52,17.34,51.09,14.34,13,14.27,Good,0.0,0,13.3,Moderate Delay
Urban,Express Bus,18,1,Cloudy,1.14,47.9,40.77,14.25,27,7.98,Good,6.16,0,10.53,Moderate Delay
Rural,Local Bus,6,6,Cloudy,0.57,39.36,88.76,8.91,17,9.01,Good,2.49,0,15.92,Major Delay
Urban,Express Bus,21,5,Clear,2.65,33.77,84.82,13.79,8,13.97,Good,3.33,0,14.11,Moderate Delay
Rural,Feeder Bus,17,3,Rain,5.41,14.38,59.27,5.84,28,2.0,Good,1.95,0,10.52,Moderate Delay
Urban,Feeder Bus,11,2,Clear,1.74,28.02,67.34,11.11,5,15.94,Average,6.28,1,22.96,Major Delay
Urban,Feeder Bus,11,6,Clear,4.42,93.36,45.92,7.32,18,18.35,Average,6.85,0,18.25,Major Delay
Urban,Express Bus,17,5,Rain,6.54,39.96,10.0,8.74,16,18.25,Good,7.66,0,19.56,Major Delay
Urban,Express Bus,6,6,Clear,1.25,66.16,42.75,3.0,24,7.5,Average,0.0,0,9.38,Moderate Delay
Urban,Local Bus,17,0,Heavy Rain,1.31,43.48,72.96,11.42,22,12.51,Average,5.1,0,29.33,Major Delay
Rural,Local Bus,14,3,Clear,0.38,40.82,66.76,16.91,22,8.77,Average,1.01,0,14.79,Moderate Delay
Urban,Local Bus,8,5,Clear,12.52,33.37,50.16,15.07,31,3.57,Poor,10.14,0,18.93,Major Delay
Urban,Local Bus,21,0,Clear,12.78,78.95,72.79,20.5,22,11.44,Good,4.74,0,11.61,Moderate Delay
Urban,Feeder Bus,16,3,Clear,4.37,56.58,48.58,8.28,6,3.72,Good,5.0,0,10.51,Moderate Delay
Urban,Feeder Bus,7,0,Clear,0.66,29.84,35.17,11.13,6,14.0,Good,2.12,0,13.01,Moderate Delay
Urban,Local Bus,16,6,Clear,14.73,38.94,72.79,19.5,15,15.09,Good,0.0,0,12.64,Moderate Delay
Rural,Local Bus,12,4,Clear,1.31,72.75,45.76,13.48,5,17.46,Average,3.87,0,13.15,Moderate Delay
Urban,Express Bus,18,1,Clear,0.42,0.0,78.53,15.11,30,13.56,Good,9.62,0,11.45,Moderate Delay
Urban,Local Bus,13,3,Clear,1.26,55.14,18.05,26.69,28,8.93,Average,0.0,0,7.15,Moderate Delay
Urban,Feeder Bus,22,0,Clear,1.05,60.36,46.61,12.47,26,10.06,Poor,10.1,0,18.37,Major Delay
Urban,Feeder Bus,21,5,Clear,0.72,30.76,69.94,11.1,25,11.61,Average,6.35,0,10.98,Moderate Delay
Urban,Local Bus,5,1,Clear,1.71,51.56,67.88,8.04,23,18.31,Average,0.0,0,18.58,Major Delay
Rural,Local Bus,12,4,Clear,4.02,59.55,53.58,12.26,15,18.37,Average,0.0,1,18.49,Major Delay
Urban,Local Bus,8,0,Clear,7.77,19.68,63.75,20.13,5,10.58,Average,14.94,1,24.25,Major Delay
Rural,Local Bus,13,1,Clear,2.86,67.36,60.8,17.44,8,15.91,Average,2.89,0,11.77,Moderate Delay
Urban,Local Bus,7,6,Clear,2.89,54.84,28.22,22.6,18,8.42,Good,0.0,0,11.67,Moderate Delay
Urban,Local Bus,14,2,Heavy Rain,2.78,44.48,50.73,16.17,12,13.18,Good,0.0,0,12.57,Moderate Delay
Rural,Local Bus,7,0,Clear,0.42,50.41,62.55,3.0,34,9.25,Good,2.82,0,13.54,Moderate Delay
Rural,Local Bus,16,4,Clear,7.58,64.27,68.12,17.77,29,12.22,Average,8.09,0,16.45,Major Delay
Rural,Local Bus,13,1,Cloudy,10.11,100.0,56.7,14.63,25,6.89,Average,1.81,1,18.95,Major Delay
Rural,Express Bus,22,4,Clear,14.14,62.03,46.96,14.01,17,3.9,Good,0.0,0,7.02,Moderate Delay
Rural,Local Bus,20,5,Clear,2.38,66.64,31.31,21.31,29,4.77,Good,0.0,0,10.15,Moderate Delay
Rural,Feeder Bus,15,4,Rain,13.43,52.45,73.06,12.35,17,13.92,Average,0.0,1,19.31,Major Delay
Urban,Local Bus,13,1,Rain,8.5,91.74,70.86,17.48,20,5.43,Good,0.01,0,16.13,Major Delay
Rural,Local Bus,17,1,Heavy Rain,0.79,14.28,77.74,7.54,26,9.29,Good,5.11,0,25.59,Major Delay
Urban,Local Bus,17,1,Heavy Rain,1.32,8.04,36.43,4.89,15,15.45,Good,5.53,0,20.42,Major Delay
Urban,Express Bus,7,4,Cloudy,4.11,51.52,60.44,10.41,20,16.6,Good,10.69,0,13.25,Moderate Delay
Urban,Local Bus,11,4,Cloudy,2.88,63.18,44.15,12.12,14,6.1,Average,0.0,0,16.94,Major Delay
Rural,Local Bus,22,3,Clear,0.58,0.0,58.93,17.29,10,2.0,Good,4.17,0,4.2,On Time / Minor
Rural,Local Bus,10,2,Rain,4.08,47.92,100.0,7.42,28,6.98,Good,4.3,0,18.17,Major Delay
Urban,Feeder Bus,5,0,Cloudy,4.19,43.85,76.07,23.04,34,12.0,Poor,0.0,0,13.44,Moderate Delay
Rural,Local Bus,20,5,Clear,8.4,65.12,42.89,8.21,18,14.36,Average,8.06,0,15.96,Major Delay
Rural,Local Bus,21,4,Clear,1.93,57.86,52.95,13.47,6,5.1,Average,12.02,0,18.24,Major Delay
Urban,Feeder Bus,16,4,Cloudy,1.37,6.41,50.76,14.07,14,2.17,Average,3.62,0,10.83,Moderate Delay
Urban,Local Bus,16,0,Cloudy,4.91,23.16,60.48,15.8,31,6.46,Good,1.11,0,6.4,Moderate Delay
Urban,Local Bus,11,2,Rain,4.34,29.44,27.52,16.7,24,8.4,Good,10.97,0,13.94,Moderate Delay
Rural,Feeder Bus,11,2,Clear,15.78,65.0,64.47,27.57,12,21.44,Good,5.68,0,13.14,Moderate Delay
Urban,Local Bus,21,4,Rain,7.89,56.62,15.65,10.38,34,11.55,Good,0.0,0,16.4,Major Delay
Rural,Local Bus,20,5,Clear,1.95,33.72,24.55,15.88,8,14.24,Good,2.53,0,9.46,Moderate Delay
Urban,Local Bus,13,6,Cloudy,3.8,51.32,98.03,13.5,17,16.5,Average,1.69,0,19.2,Major Delay
Rural,Local Bus,10,3,Clear,0.56,23.67,50.78,19.9,19,8.75,Good,0.0,0,12.64,Moderate Delay
Urban,Feeder Bus,8,2,Clear,2.36,95.14,86.52,16.69,9,11.5,Good,0.0,0,14.39,Moderate Delay
Rural,Express Bus,5,2,Clear,4.54,61.21,41.8,15.32,10,12.26,Average,0.15,1,12.31,Moderate Delay
Urban,Express Bus,13,5,Clear,16.42,66.08,15.97,5.04,24,14.03,Good,7.55,0,11.49,Moderate Delay
Urban,Local Bus,14,2,Clear,1.04,79.67,36.99,11.28,6,10.36,Average,2.03,0,13.2,Moderate Delay
Rural,Express Bus,17,2,Rain,12.18,71.37,100.0,8.14,17,16.22,Good,3.93,0,18.72,Major Delay
Rural,Express Bus,19,5,Clear,4.85,48.73,29.79,11.32,26,16.52,Average,8.34,0,17.23,Major Delay
Rural,Local Bus,11,3,Rain,7.72,43.75,93.53,9.04,22,9.58,Average,2.01,0,19.62,Major Delay
Urban,Feeder Bus,8,3,Rain,3.65,77.63,64.9,10.89,16,14.8,Average,0.0,0,19.06,Major Delay
Urban,Express Bus,20,5,Clear,1.55,48.61,60.4,11.53,34,12.95,Average,8.22,0,14.93,Moderate Delay
Urban,Express Bus,18,2,Rain,11.62,30.77,43.03,11.64,19,24.31,Good,1.6,0,17.08,Major Delay
Urban,Local Bus,14,0,Rain,2.16,93.23,39.98,12.23,18,15.48,Good,12.41,0,20.26,Major Delay
Urban,Local Bus,5,5,Rain,7.32,26.47,69.28,8.43,24,12.93,Good,8.54,0,17.18,Major Delay
Rural,Express Bus,13,3,Rain,0.64,8.1,84.39,14.22,14,8.15,Good,6.15,0,10.18,Moderate Delay
Rural,Express Bus,16,2,Cloudy,0.94,70.83,61.93,8.59,16,5.83,Poor,4.63,0,14.83,Moderate Delay
Rural,Local Bus,20,0,Heavy Rain,0.13,31.18,72.79,10.41,34,13.64,Good,9.11,0,21.02,Major Delay
Rural,Local Bus,14,6,Clear,3.22,58.01,49.49,13.7,11,2.46,Good,4.75,0,5.49,Moderate Delay
Rural,Feeder Bus,13,5,Clear,4.86,89.8,100.0,3.0,25,19.12,Poor,0.0,0,25.17,Major Delay
Urban,Local Bus,11,1,Rain,3.79,16.38,62.77,28.95,28,2.0,Good,2.99,0,19.26,Major Delay
Urban,Local Bus,12,4,Clear,0.36,47.06,98.66,17.15,14,5.85,Average,6.36,0,15.84,Major Delay
Urban,Express Bus,5,3,Cloudy,0.97,82.12,38.7,15.92,14,16.0,Good,0.0,0,12.1,Moderate Delay
Rural,Local Bus,6,2,Clear,7.6,63.68,57.1,10.87,14,10.82,Poor,16.46,1,20.84,Major Delay
Urban,Local Bus,18,2,Clear,1.89,43.86,79.43,14.56,18,11.92,Good,2.77,0,16.77,Major Delay
Urban,Local Bus,11,0,Rain,3.99,100.0,60.84,6.74,23,7.56,Average,6.31,0,21.28,Major Delay
Urban,Feeder Bus,20,6,Clear,1.72,45.81,68.35,16.94,27,10.36,Average,9.36,0,17.84,Major Delay
Urban,Local Bus,12,6,Clear,6.8,57.13,38.44,3.9,15,14.42,Poor,6.52,0,14.16,Moderate Delay
Urban,Express Bus,22,6,Cloudy,1.74,85.94,49.89,6.39,19,6.84,Poor,2.97,0,22.24,Major Delay
Rural,Feeder Bus,8,2,Rain,2.92,70.56,40.49,9.74,28,9.69,Average,5.5,0,14.85,Moderate Delay
Urban,Express Bus,8,6,Rain,9.51,78.4,56.29,23.06,5,11.03,Good,2.53,1,19.96,Major Delay
Urban,Local Bus,15,1,Clear,3.88,27.31,54.23,7.39,10,9.65,Average,3.03,0,9.66,Moderate Delay
Rural,Local Bus,19,5,Rain,1.15,76.25,47.42,16.0,8,14.75,Poor,0.0,0,12.64,Moderate Delay
Urban,Local Bus,7,0,Cloudy,5.8,51.9,70.65,3.0,10,13.3,Average,2.2,0,20.39,Major Delay
Rural,Express Bus,14,2,Rain,0.36,30.85,36.7,14.15,30,10.48,Poor,0.0,0,15.22,Major Delay
Urban,Feeder Bus,9,4,Clear,1.08,53.1,15.02,24.41,11,2.47,Average,3.48,0,6.35,Moderate Delay
Urban,Express Bus,18,6,Clear,0.42,52.38,46.57,17.0,33,16.91,Good,1.46,0,15.16,Major Delay
Urban,Local Bus,15,1,Cloudy,6.97,90.97,100.0,3.0,31,6.38,Good,6.01,0,18.08,Major Delay
Urban,Local Bus,16,3,Cloudy,5.4,56.77,68.2,14.26,16,19.88,Good,0.0,0,20.24,Major Delay
Rural,Feeder Bus,9,5,Clear,6.28,30.04,41.08,11.22,7,6.78,Average,0.0,0,5.6,Moderate Delay
Urban,Local Bus,10,3,Cloudy,4.62,24.74,66.9,21.36,12,12.27,Average,0.0,0,11.98,Moderate Delay
Urban,Feeder Bus,16,4,Cloudy,11.42,46.91,55.32,13.4,23,14.18,Good,3.43,1,18.6,Major Delay
Urban,Local Bus,11,2,Clear,4.51,17.03,65.75,5.36,18,10.02,Average,2.27,0,11.88,Moderate Delay
Rural,Express Bus,17,0,Cloudy,1.86,31.55,75.61,13.18,30,12.56,Good,8.98,0,11.18,Moderate Delay
Rural,Feeder Bus,7,1,Clear,1.22,42.38,61.87,9.82,15,9.59,Good,3.71,1,15.47,Major Delay
Rural,Local Bus,10,3,Rain,4.44,38.3,60.41,3.0,10,20.45,Average,3.5,0,22.18,Major Delay
Urban,Local Bus,6,0,Cloudy,10.61,64.72,87.73,12.95,25,12.01,Average,0.0,0,17.07,Major Delay
Urban,Feeder Bus,6,1,Cloudy,0.61,31.03,68.79,14.03,32,10.42,Good,2.06,0,12.04,Moderate Delay
Urban,Local Bus,9,6,Heavy Rain,6.13,0.0,61.9,16.29,21,12.22,Average,0.0,0,17.99,Major Delay
Urban,Local Bus,13,0,Cloudy,2.92,9.23,58.84,20.11,26,16.66,Average,5.97,0,12.8,Moderate Delay
Rural,Local Bus,7,1,Clear,9.24,47.59,46.68,12.32,22,12.95,Average,7.65,0,12.45,Moderate Delay
Rural,Local Bus,6,4,Cloudy,0.27,34.5,33.09,4.99,11,11.92,Poor,0.0,0,17.71,Major Delay
Urban,Express Bus,20,3,Heavy Rain,15.83,19.56,71.41,8.98,21,3.83,Good,3.72,0,21.54,Major Delay
Urban,Local Bus,14,1,Clear,2.88,93.04,83.53,13.89,34,16.78,Good,2.98,0,13.27,Moderate Delay
Rural,Local Bus,17,0,Cloudy,0.17,67.06,66.56,21.29,34,12.75,Good,9.52,0,15.67,Major Delay
Urban,Feeder Bus,18,6,Clear,17.72,46.66,69.32,14.02,29,8.77,Average,0.0,0,18.98,Major Delay
Urban,Local Bus,6,3,Rain,6.1,53.37,40.26,13.21,20,12.63,Good,0.0,0,17.16,Major Delay
Urban,Local Bus,16,4,Cloudy,2.52,41.9,46.08,12.58,6,17.95,Poor,4.82,0,15.7,Major Delay
Urban,Express Bus,20,0,Heavy Rain,4.32,19.16,32.36,13.95,18,14.58,Average,1.06,0,16.95,Major Delay
Urban,Feeder Bus,13,1,Cloudy,8.74,71.71,53.01,25.46,29,20.84,Average,1.32,0,15.51,Major Delay
Urban,Express Bus,20,0,Clear,0.95,67.58,77.66,13.49,33,15.37,Good,1.23,0,13.42,Moderate Delay
Urban,Feeder Bus,22,6,Cloudy,2.41,2.52,44.05,12.42,22,2.0,Average,6.11,0,15.06,Major Delay
Urban,Local Bus,14,5,Rain,4.24,53.21,56.51,14.23,5,17.3,Good,9.18,1,21.28,Major Delay
Urban,Local Bus,6,3,Clear,2.07,55.75,72.05,9.94,31,2.28,Average,3.09,0,16.84,Major Delay
Urban,Feeder Bus,16,4,Clear,11.3,40.6,82.16,4.63,30,17.75,Average,2.15,0,12.54,Moderate Delay
Rural,Feeder Bus,20,1,Rain,5.93,96.24,25.06,3.56,22,15.43,Good,6.82,0,16.26,Major Delay
Rural,Express Bus,15,6,Cloudy,0.58,93.74,48.47,9.64,17,19.4,Poor,4.53,1,16.51,Major Delay
Urban,Local Bus,19,3,Clear,2.72,39.32,43.23,21.09,28,13.21,Average,4.29,0,14.52,Moderate Delay
Urban,Local Bus,14,3,Clear,1.26,42.88,40.47,21.0,14,12.43,Average,9.17,1,16.69,Major Delay
Rural,Local Bus,12,6,Clear,6.07,40.17,50.34,7.3,29,17.19,Good,0.0,0,17.86,Major Delay
Urban,Feeder Bus,22,0,Cloudy,2.05,33.94,19.05,13.05,14,5.12,Good,2.18,1,11.71,Moderate Delay
Urban,Feeder Bus,7,2,Clear,0.17,26.82,50.65,14.79,28,11.2,Good,0.0,0,7.38,Moderate Delay
Rural,Local Bus,13,0,Clear,5.13,59.66,58.7,9.65,25,9.85,Average,0.82,0,16.47,Major Delay
Urban,Local Bus,7,2,Rain,1.91,93.11,37.14,21.85,6,8.85,Good,0.0,0,11.14,Moderate Delay
Rural,Local Bus,16,1,Clear,12.76,83.65,48.37,18.57,6,8.15,Poor,1.61,0,16.82,Major Delay
Urban,Local Bus,21,3,Cloudy,0.75,66.15,58.39,16.17,24,11.79,Poor,5.35,0,17.26,Major Delay
Urban,Express Bus,22,4,Clear,1.38,0.0,60.4,14.41,18,14.59,Good,0.0,1,11.99,Moderate Delay
Urban,Express Bus,9,1,Clear,2.57,5.12,25.31,4.62,31,18.44,Average,1.87,0,13.95,Moderate Delay
Urban,Local Bus,18,0,Cloudy,5.42,72.48,72.01,22.14,28,9.58,Good,3.05,0,17.69,Major Delay
Urban,Express Bus,20,1,Cloudy,9.49,85.25,72.49,17.48,33,9.16,Good,2.12,0,12.3,Moderate Delay
Urban,Feeder Bus,20,5,Heavy Rain,2.41,60.74,43.15,16.46,10,2.0,Good,0.0,0,15.68,Major Delay
Rural,Local Bus,14,4,Clear,4.38,40.97,91.56,9.57,28,18.32,Average,8.28,0,19.09,Major Delay
Urban,Local Bus,8,6,Clear,0.32,79.1,67.12,10.09,18,4.21,Poor,8.21,0,21.44,Major Delay
Urban,Local Bus,13,6,Clear,1.4,65.33,64.23,16.97,14,13.4,Good,9.22,1,23.34,Major Delay
Rural,Local Bus,18,1,Cloudy,2.12,74.16,71.66,20.61,16,12.46,Good,0.71,0,15.06,Major Delay
Rural,Local Bus,16,5,Clear,2.56,5.3,37.34,24.35,30,15.95,Good,4.36,0,12.63,Moderate Delay
Urban,Express Bus,11,0,Rain,6.75,55.9,50.93,9.59,21,6.6,Average,0.0,0,12.9,Moderate Delay
Urban,Local Bus,8,0,Rain,18.58,88.82,70.35,13.05,5,13.87,Good,0.0,0,15.88,Major Delay
Rural,Local Bus,16,5,Clear,1.52,60.13,42.04,3.0,19,19.14,Average,0.0,0,17.51,Major Delay
Urban,Feeder Bus,12,2,Clear,6.04,69.81,50.95,3.0,28,12.16,Poor,4.5,0,15.89,Major Delay
Rural,Local Bus,13,6,Clear,11.25,48.84,70.02,17.15,27,6.62,Good,7.68,0,8.91,Moderate Delay
Rural,Express Bus,21,0,Cloudy,10.76,50.44,64.2,8.88,19,3.66,Poor,9.93,0,10.95,Moderate Delay
Rural,Express Bus,5,3,Cloudy,1.03,80.26,58.42,3.0,28,18.44,Average,3.25,0,15.9,Major Delay
Urban,Feeder Bus,9,2,Rain,10.21,32.59,59.25,7.02,31,8.8,Average,0.09,0,16.06,Major Delay
Urban,Express Bus,21,6,Cloudy,0.63,30.34,54.5,16.06,6,9.8,Average,3.02,0,4.15,On Time / Minor
Urban,Feeder Bus,21,4,Clear,0.6,37.0,75.06,16.3,20,23.64,Average,8.36,0,22.06,Major Delay
Urban,Express Bus,10,5,Clear,3.76,48.54,99.8,4.18,31,15.61,Average,11.61,0,11.69,Moderate Delay
Rural,Local Bus,22,2,Clear,2.1,10.97,63.85,21.42,17,16.73,Good,9.39,0,9.87,Moderate Delay
Urban,Local Bus,8,6,Heavy Rain,13.65,64.81,83.64,9.83,34,19.21,Average,8.89,0,34.71,Major Delay
Urban,Local Bus,5,5,Rain,3.82,44.22,49.27,15.65,30,3.2,Good,10.31,0,17.21,Major Delay
Urban,Local Bus,10,5,Rain,8.88,67.63,44.37,14.23,10,18.67,Good,3.87,0,26.44,Major Delay
Rural,Local Bus,14,3,Rain,2.27,0.0,42.24,13.93,14,19.35,Average,4.91,0,16.46,Major Delay
Urban,Local Bus,5,6,Clear,8.66,67.72,39.63,8.38,16,8.77,Good,8.8,0,9.92,Moderate Delay
Urban,Local Bus,8,4,Rain,3.43,78.75,52.13,13.85,19,14.76,Good,6.07,0,22.09,Major Delay
Urban,Local Bus,19,0,Rain,3.42,58.09,75.72,15.62,25,15.84,Good,7.84,0,18.58,Major Delay
Urban,Local Bus,16,6,Clear,9.52,48.69,78.06,12.8,30,7.46,Poor,0.46,0,17.27,Major Delay
Urban,Express Bus,15,0,Clear,5.61,67.9,47.81,14.61,21,15.57,Average,10.49,0,10.78,Moderate Delay
Urban,Express Bus,22,4,Cloudy,1.43,77.24,51.52,20.61,5,7.82,Good,1.01,0,6.7,Moderate Delay
Urban,Feeder Bus,9,1,Rain,15.75,60.03,57.96,11.17,30,23.96,Average,9.06,0,25.25,Major Delay
Urban,Local Bus,21,6,Clear,2.88,61.75,62.68,17.92,15,11.81,Average,3.05,0,11.12,Moderate Delay
Urban,Feeder Bus,11,5,Rain,0.56,86.11,69.73,12.74,15,13.84,Good,0.83,0,9.3,Moderate Delay
Urban,Express Bus,21,5,Heavy Rain,3.63,65.51,50.02,22.55,29,2.86,Average,0.0,0,19.61,Major Delay
Urban,Local Bus,19,4,Heavy Rain,3.18,29.59,53.99,5.56,29,12.98,Good,2.41,0,21.01,Major Delay
Rural,Feeder Bus,8,3,Clear,5.41,77.13,85.09,21.82,31,17.1,Average,0.0,0,20.28,Major Delay
Urban,Local Bus,8,6,Clear,6.37,45.15,52.43,10.81,32,6.53,Average,0.0,0,13.43,Moderate Delay
Urban,Express Bus,14,2,Cloudy,0.35,48.77,46.51,26.67,9,8.39,Good,6.05,0,12.18,Moderate Delay
Urban,Express Bus,14,3,Clear,2.6,50.46,56.29,16.61,10,7.45,Average,0.0,0,12.05,Moderate Delay
Urban,Local Bus,9,2,Clear,5.65,70.28,59.56,19.1,18,5.23,Good,9.65,0,17.96,Major Delay
Urban,Express Bus,9,0,Rain,3.49,88.22,27.18,13.03,34,4.52,Average,16.1,0,15.98,Major Delay
Urban,Local Bus,21,6,Clear,1.89,48.56,49.13,18.08,15,16.15,Good,1.08,0,11.24,Moderate Delay
Rural,Local Bus,18,3,Clear,7.43,87.82,66.4,18.08,15,4.67,Average,9.52,0,20.69,Major Delay
Urban,Local Bus,8,0,Heavy Rain,7.38,51.79,98.09,13.15,34,2.08,Average,0.0,0,23.29,Major Delay
Urban,Local Bus,18,5,Clear,3.17,80.25,47.42,18.59,34,8.34,Good,5.5,0,9.54,Moderate Delay
Urban,Local Bus,7,6,Rain,0.02,52.56,73.3,3.0,21,11.25,Average,5.28,0,18.58,Major Delay
Urban,Express Bus,13,4,Clear,1.52,36.67,61.58,10.14,22,13.9,Good,18.88,0,10.54,Moderate Delay
Urban,Local Bus,5,2,Clear,11.26,92.21,81.2,14.13,16,6.56,Average,1.64,0,14.44,Moderate Delay
Rural,Local Bus,16,6,Clear,2.32,34.48,45.62,17.01,29,8.06,Average,5.81,1,10.48,Moderate Delay
Rural,Express Bus,8,5,Clear,15.18,32.94,80.06,19.83,31,13.7,Good,2.58,0,15.5,Major Delay
Urban,Local Bus,9,1,Clear,1.11,19.11,86.04,12.48,12,15.52,Good,1.64,0,15.78,Major Delay
Urban,Local Bus,8,2,Rain,0.66,77.15,86.89,11.66,26,17.22,Good,2.81,0,17.94,Major Delay
Urban,Express Bus,8,6,Rain,13.56,82.58,86.55,19.23,20,13.4,Average,2.56,0,18.12,Major Delay
Urban,Feeder Bus,6,6,Clear,0.49,56.58,61.82,20.91,26,2.71,Average,0.33,1,11.93,Moderate Delay
Rural,Local Bus,14,4,Clear,2.2,25.37,69.7,18.44,17,6.62,Good,4.84,0,12.29,Moderate Delay
Urban,Local Bus,20,0,Cloudy,2.64,47.84,49.61,13.08,23,17.27,Good,0.0,0,11.22,Moderate Delay
Urban,Express Bus,10,1,Clear,1.06,41.04,13.54,29.29,24,19.85,Poor,1.5,0,10.38,Moderate Delay
Rural,Feeder Bus,19,2,Clear,8.26,24.3,63.12,14.48,17,10.56,Good,13.11,0,14.1,Moderate Delay
Urban,Local Bus,14,3,Clear,2.87,36.76,54.78,15.3,11,10.12,Good,2.92,0,7.94,Moderate Delay
Urban,Local Bus,9,6,Clear,0.35,59.63,77.26,23.8,7,6.0,Average,7.93,0,21.84,Major Delay
Rural,Local Bus,6,5,Cloudy,0.82,34.08,75.24,23.17,34,18.1,Good,3.12,0,11.09,Moderate Delay
Urban,Express Bus,19,1,Clear,1.45,54.71,36.76,18.25,24,5.71,Poor,7.34,0,18.44,Major Delay
Urban,Feeder Bus,5,0,Rain,3.78,7.14,100.0,8.59,18,20.81,Good,2.63,0,18.65,Major Delay
Urban,Express Bus,12,1,Clear,0.52,86.62,65.76,14.68,17,10.59,Average,0.0,0,7.64,Moderate Delay
Rural,Local Bus,5,1,Clear,18.17,39.0,32.32,17.1,17,6.7,Good,3.35,0,9.23,Moderate Delay
Urban,Express Bus,18,6,Cloudy,1.71,68.02,35.12,25.71,18,2.08,Good,0.0,0,6.91,Moderate Delay
Urban,Feeder Bus,22,0,Clear,10.01,52.34,14.44,31.7,18,9.65,Good,2.0,0,11.83,Moderate Delay
Urban,Local Bus,10,5,Rain,2.06,57.26,73.27,10.41,32,10.37,Poor,6.94,0,24.45,Major Delay
Urban,Feeder Bus,10,4,Cloudy,1.01,21.96,47.46,19.12,18,9.41,Average,12.58,0,18.27,Major Delay
Urban,Local Bus,15,0,Rain,8.82,30.51,41.19,9.11,26,11.03,Good,0.0,0,20.36,Major Delay
Urban,Local Bus,14,4,Clear,10.81,31.03,45.12,13.25,19,17.93,Poor,2.31,0,22.11,Major Delay
Urban,Express Bus,11,4,Clear,0.02,48.58,51.99,8.8,28,14.09,Good,3.59,0,7.46,Moderate Delay
Urban,Local Bus,11,0,Clear,4.33,78.5,69.51,24.02,5,11.97,Good,3.74,0,8.61,Moderate Delay
Rural,Feeder Bus,8,1,Cloudy,1.28,57.96,25.11,15.43,27,16.71,Good,3.78,0,8.92,Moderate Delay
Urban,Local Bus,9,2,Cloudy,4.08,27.29,36.6,15.76,11,6.42,Average,6.32,0,17.93,Major Delay
Rural,Local Bus,15,1,Clear,2.56,50.01,67.3,14.3,17,14.57,Good,1.31,0,14.35,Moderate Delay
Urban,Local Bus,18,4,Clear,5.42,46.15,46.12,16.26,23,14.47,Good,2.51,0,16.66,Major Delay
Urban,Local Bus,18,4,Clear,14.86,39.93,69.65,16.46,21,18.5,Poor,5.47,0,22.26,Major Delay
Rural,Local Bus,14,1,Clear,0.73,47.65,48.05,9.89,6,4.15,Average,0.01,0,8.75,Moderate Delay
Rural,Express Bus,18,0,Clear,2.44,65.57,89.5,3.87,21,6.67,Good,0.54,0,13.25,Moderate Delay
Urban,Local Bus,15,4,Cloudy,8.85,31.44,62.17,6.04,8,6.95,Average,3.17,0,14.57,Moderate Delay
Rural,Local Bus,11,3,Heavy Rain,0.8,40.04,82.53,4.34,12,13.39,Good,0.54,0,19.09,Major Delay
Urban,Express Bus,11,1,Clear,10.68,70.59,68.36,15.17,18,12.12,Average,0.0,0,10.43,Moderate Delay
Urban,Local Bus,14,1,Clear,3.93,58.79,69.57,9.1,23,13.84,Good,0.0,0,19.49,Major Delay
Rural,Express Bus,10,0,Clear,0.4,77.42,42.95,19.88,20,2.0,Average,3.28,0,7.73,Moderate Delay
Urban,Local Bus,18,5,Clear,0.23,81.02,81.35,15.44,16,18.36,Average,10.35,0,18.57,Major Delay
Rural,Local Bus,8,5,Cloudy,1.48,16.71,62.32,3.0,7,12.18,Good,5.46,0,17.75,Major Delay
Urban,Express Bus,5,3,Clear,1.82,54.63,38.92,11.54,6,13.76,Good,0.0,0,11.07,Moderate Delay
Rural,Express Bus,13,2,Heavy Rain,0.26,36.32,15.8,3.0,18,12.85,Good,11.24,0,11.54,Moderate Delay
Urban,Feeder Bus,6,1,Rain,5.64,20.43,60.8,7.13,34,7.86,Average,0.99,0,8.61,Moderate Delay
Urban,Local Bus,8,2,Clear,6.52,29.85,88.16,11.06,29,13.59,Average,11.44,0,16.2,Major Delay
Urban,Local Bus,11,6,Heavy Rain,6.19,41.08,39.86,8.33,17,11.38,Average,3.13,0,20.7,Major Delay
Urban,Express Bus,5,0,Cloudy,8.06,41.23,39.18,25.31,11,11.31,Poor,4.83,0,12.82,Moderate Delay
Urban,Express Bus,9,5,Heavy Rain,2.02,34.04,51.67,18.49,15,13.47,Average,1.67,0,18.49,Major Delay
Urban,Express Bus,14,2,Clear,4.86,47.69,80.02,12.03,19,10.49,Poor,2.01,0,16.99,Major Delay
Urban,Express Bus,11,1,Heavy Rain,7.99,100.0,21.26,22.56,23,4.2,Average,10.41,0,20.56,Major Delay
Urban,Express Bus,21,5,Clear,5.71,8.32,45.0,8.15,21,10.09,Good,2.6,0,11.54,Moderate Delay
Urban,Local Bus,6,6,Clear,4.41,74.16,37.88,12.01,18,19.13,Average,8.21,0,18.85,Major Delay
Rural,Express Bus,17,6,Heavy Rain,11.03,47.58,69.24,19.12,24,8.23,Good,3.74,0,11.34,Moderate Delay
Rural,Local Bus,15,1,Clear,2.27,37.93,55.15,7.31,34,11.47,Good,2.92,0,13.14,Moderate Delay
Rural,Local Bus,16,4,Clear,2.25,1.58,51.07,18.11,17,15.17,Good,6.62,0,9.03,Moderate Delay
Urban,Express Bus,17,2,Clear,3.93,65.54,54.4,15.76,6,21.6,Good,2.91,0,12.9,Moderate Delay
Rural,Local Bus,5,1,Clear,3.91,14.86,73.7,17.53,30,9.72,Average,0.0,0,11.58,Moderate Delay
Urban,Local Bus,19,2,Clear,3.75,67.04,80.43,24.78,29,4.86,Good,0.0,0,9.8,Moderate Delay
Urban,Feeder Bus,10,0,Clear,0.31,88.05,78.49,16.73,22,14.36,Good,6.4,0,18.67,Major Delay
Urban,Express Bus,16,1,Cloudy,8.99,18.5,69.51,14.76,5,6.94,Poor,0.0,0,14.06,Moderate Delay
Rural,Local Bus,10,4,Rain,4.84,74.87,85.68,5.02,31,12.48,Average,5.38,0,16.31,Major Delay
Urban,Feeder Bus,12,4,Clear,0.11,48.59,39.37,15.26,10,14.03,Good,0.0,0,15.22,Major Delay
Urban,Local Bus,17,1,Rain,10.94,0.0,65.75,11.12,33,8.6,Good,4.37,0,20.93,Major Delay
Rural,Express Bus,21,3,Cloudy,1.77,20.29,100.0,13.26,10,9.64,Good,10.19,0,7.58,Moderate Delay
Urban,Local Bus,20,5,Rain,3.63,52.1,21.27,11.16,5,15.1,Poor,0.0,0,14.49,Moderate Delay
Urban,Local Bus,18,6,Rain,0.89,57.23,47.32,16.95,15,16.46,Good,6.12,0,18.41,Major Delay
Rural,Local Bus,14,3,Rain,26.41,11.64,37.28,8.06,19,11.22,Poor,9.12,0,19.43,Major Delay
Urban,Local Bus,14,1,Clear,3.07,48.73,63.77,15.27,31,11.84,Good,0.62,0,15.67,Major Delay
Urban,Local Bus,22,4,Cloudy,1.88,66.94,86.76,7.75,6,5.38,Average,0.26,1,18.86,Major Delay
Rural,Local Bus,8,1,Rain,8.4,70.97,68.75,3.21,12,11.59,Good,5.38,0,20.72,Major Delay
Rural,Express Bus,22,0,Rain,0.68,38.5,53.65,11.95,24,9.04,Average,9.75,0,10.85,Moderate Delay
Urban,Local Bus,16,2,Clear,9.47,58.08,68.91,16.78,20,11.39,Good,14.91,0,15.93,Major Delay
Urban,Local Bus,16,2,Cloudy,2.74,72.67,52.21,9.34,30,18.09,Good,0.0,1,18.86,Major Delay
Urban,Feeder Bus,15,1,Rain,6.92,67.61,61.89,14.82,19,5.37,Poor,6.74,0,19.3,Major Delay
Urban,Express Bus,19,0,Clear,4.5,68.5,70.37,11.82,23,16.88,Average,1.1,0,17.74,Major Delay
Urban,Feeder Bus,17,6,Cloudy,2.53,50.61,93.06,7.79,12,11.97,Good,0.0,0,18.36,Major Delay
Urban,Local Bus,6,4,Rain,0.3,45.83,66.99,17.34,16,10.87,Average,2.33,0,13.63,Moderate Delay
Urban,Local Bus,19,5,Cloudy,3.89,54.26,62.35,10.09,18,6.66,Good,2.35,1,17.38,Major Delay
Rural,Express Bus,18,0,Clear,1.21,30.43,98.71,16.25,23,12.4,Poor,3.93,0,14.51,Moderate Delay
Urban,Express Bus,21,5,Cloudy,3.77,73.58,18.88,5.24,30,21.86,Good,5.59,0,11.55,Moderate Delay
Urban,Local Bus,21,2,Cloudy,7.7,12.8,56.16,14.82,14,2.0,Good,4.66,0,4.97,On Time / Minor
Urban,Feeder Bus,22,5,Clear,5.71,36.4,43.17,17.74,25,2.0,Good,9.58,0,13.04,Moderate Delay
Rural,Express Bus,5,3,Cloudy,2.25,47.17,53.23,16.11,11,10.12,Good,12.89,0,20.45,Major Delay
Urban,Express Bus,16,1,Clear,1.54,58.8,70.08,19.36,16,12.64,Poor,3.58,0,16.08,Major Delay
Urban,Local Bus,21,1,Rain,1.8,63.12,77.61,17.87,7,15.7,Good,1.04,0,23.56,Major Delay
Urban,Express Bus,22,0,Rain,4.16,82.25,47.59,15.8,13,13.26,Good,2.5,0,18.05,Major Delay
Urban,Local Bus,14,5,Rain,1.93,49.79,71.38,19.08,28,2.82,Average,2.35,1,17.32,Major Delay
Urban,Feeder Bus,21,3,Cloudy,1.18,31.49,40.05,11.76,20,14.08,Good,0.54,0,11.81,Moderate Delay
Rural,Local Bus,20,5,Clear,0.51,44.66,32.39,17.13,32,10.14,Good,0.0,0,15.03,Major Delay
Urban,Local Bus,5,5,Rain,2.12,40.65,59.42,14.13,11,15.43,Average,0.0,0,18.17,Major Delay
Rural,Local Bus,20,1,Clear,7.18,59.96,53.63,25.1,17,7.41,Good,6.92,0,11.09,Moderate Delay
Rural,Express Bus,16,2,Cloudy,7.52,23.46,87.81,15.64,9,3.34,Average,7.25,0,11.48,Moderate Delay
Urban,Feeder Bus,15,0,Clear,4.59,43.97,100.0,6.29,13,8.74,Average,5.13,0,20.83,Major Delay
Urban,Feeder Bus,8,0,Cloudy,0.06,85.32,45.83,15.52,6,13.46,Good,2.29,0,8.01,Moderate Delay
Urban,Express Bus,21,6,Cloudy,4.14,52.14,21.77,8.29,11,12.91,Average,0.97,0,13.52,Moderate Delay
Rural,Feeder Bus,10,4,Clear,12.1,23.78,30.66,18.37,5,11.08,Good,0.0,0,12.33,Moderate Delay
Urban,Express Bus,12,3,Clear,0.6,40.18,41.29,18.48,25,7.94,Average,0.24,1,6.28,Moderate Delay
Urban,Local Bus,10,1,Clear,2.01,0.0,62.15,10.35,34,10.34,Average,0.0,0,12.62,Moderate Delay
Urban,Express Bus,22,4,Clear,7.24,46.65,52.78,7.77,6,18.41,Average,0.0,0,9.51,Moderate Delay
Rural,Local Bus,13,3,Clear,0.09,85.9,32.83,14.8,15,23.76,Average,4.59,0,17.44,Major Delay
Urban,Local Bus,7,1,Rain,2.06,20.71,93.72,8.58,31,13.13,Average,0.0,0,20.22,Major Delay
Rural,Local Bus,5,0,Rain,14.49,14.51,71.26,8.97,6,16.13,Good,3.7,1,14.39,Moderate Delay
Urban,Local Bus,22,3,Heavy Rain,13.15,32.98,93.18,10.96,26,7.36,Poor,0.0,0,25.21,Major Delay
Rural,Feeder Bus,9,3,Clear,13.23,69.19,21.98,17.75,22,17.77,Good,6.44,0,15.12,Major Delay
Urban,Feeder Bus,18,5,Clear,2.1,87.21,83.45,5.1,29,9.25,Average,5.65,0,19.11,Major Delay
Urban,Local Bus,5,2,Clear,10.85,58.31,55.02,9.47,19,4.67,Average,0.93,0,19.8,Major Delay
Rural,Express Bus,21,0,Cloudy,4.31,18.42,50.16,28.39,7,16.76,Good,10.37,0,8.06,Moderate Delay
Rural,Local Bus,16,6,Rain,1.11,47.49,58.49,25.72,22,11.45,Good,3.1,0,16.68,Major Delay
Urban,Local Bus,9,2,Rain,1.61,89.16,44.01,21.26,34,17.97,Poor,4.18,0,20.66,Major Delay
Urban,Local Bus,21,5,Clear,5.27,40.85,55.14,14.26,21,15.13,Average,0.0,0,14.84,Moderate Delay
Rural,Local Bus,10,0,Cloudy,0.07,51.23,76.93,18.51,6,4.53,Average,0.0,0,11.65,Moderate Delay
Rural,Local Bus,22,0,Heavy Rain,2.85,53.53,18.74,11.69,8,11.92,Good,0.25,0,13.75,Moderate Delay
Urban,Local Bus,15,0,Clear,3.83,12.45,87.95,3.0,19,6.52,Average,7.41,1,23.0,Major Delay
Urban,Local Bus,13,5,Rain,6.28,70.95,65.85,10.58,27,17.32,Good,8.32,0,17.48,Major Delay
Rural,Local Bus,6,1,Rain,0.16,67.64,55.8,11.16,11,11.43,Average,0.65,0,13.75,Moderate Delay
Rural,Feeder Bus,9,5,Clear,2.89,2.15,76.71,14.17,16,7.71,Good,4.35,0,4.78,On Time / Minor
Rural,Local Bus,6,6,Heavy Rain,8.12,17.4,65.28,16.9,33,2.0,Average,7.78,0,17.73,Major Delay
Urban,Local Bus,20,4,Rain,17.81,25.7,48.4,23.91,34,16.83,Average,1.8,0,13.38,Moderate Delay
Urban,Local Bus,6,6,Rain,1.12,65.21,42.54,14.19,31,9.29,Good,0.0,0,20.03,Major Delay
Rural,Local Bus,7,6,Clear,10.79,30.72,87.99,7.98,22,9.69,Average,7.05,1,21.07,Major Delay
Rural,Local Bus,7,5,Clear,7.71,57.23,28.42,12.82,31,13.42,Good,5.62,0,17.54,Major Delay
Rural,Local Bus,22,5,Cloudy,12.37,43.82,54.06,17.86,19,6.58,Good,4.96,0,13.66,Moderate Delay
Urban,Express Bus,22,4,Clear,0.08,49.64,29.79,13.33,34,3.41,Good,8.3,0,7.42,Moderate Delay
Urban,Express Bus,17,1,Clear,6.66,59.41,67.76,9.18,15,11.97,Good,8.71,0,17.07,Major Delay
Rural,Express Bus,6,0,Clear,10.57,54.26,56.06,17.15,32,6.34,Good,6.61,0,10.5,Moderate Delay
Urban,Express Bus,14,2,Clear,3.33,47.56,33.01,7.14,21,10.62,Average,0.0,0,12.36,Moderate Delay
Rural,Local Bus,22,3,Rain,2.36,55.52,40.62,8.73,32,6.67,Average,0.0,0,6.61,Moderate Delay
Urban,Local Bus,6,2,Cloudy,3.88,52.99,58.89,16.5,19,4.2,Average,5.25,0,10.47,Moderate Delay
Rural,Local Bus,19,0,Clear,9.83,43.18,63.7,9.29,31,2.79,Poor,3.83,0,16.29,Major Delay
Rural,Local Bus,5,3,Cloudy,1.2,38.08,19.26,11.88,20,11.51,Poor,4.2,0,15.35,Major Delay
Urban,Local Bus,19,3,Clear,1.08,91.25,43.89,14.1,29,16.48,Good,11.95,1,15.93,Major Delay
Urban,Local Bus,14,6,Clear,0.02,37.82,61.21,13.75,34,15.89,Average,8.09,0,24.54,Major Delay
Urban,Express Bus,20,6,Clear,2.96,79.44,82.2,8.19,7,11.12,Poor,2.58,0,21.82,Major Delay
Urban,Local Bus,12,4,Clear,0.41,32.24,74.79,15.97,17,18.12,Good,0.0,0,16.59,Major Delay
Urban,Local Bus,19,5,Clear,3.03,66.63,48.9,8.49,5,8.32,Good,6.72,0,19.33,Major Delay
Urban,Express Bus,20,2,Cloudy,0.89,89.03,77.98,23.9,13,15.09,Poor,5.81,0,20.62,Major Delay
Rural,Local Bus,10,6,Clear,1.71,40.24,51.7,11.59,6,8.54,Average,2.42,0,8.7,Moderate Delay
Urban,Feeder Bus,16,6,Cloudy,2.09,32.65,10.0,17.65,17,7.37,Average,0.0,0,10.87,Moderate Delay
Urban,Feeder Bus,13,0,Clear,4.06,38.13,86.82,18.4,15,15.05,Poor,0.0,1,16.22,Major Delay
Urban,Feeder Bus,12,4,Rain,4.42,47.55,67.15,11.87,6,13.16,Good,7.74,0,14.24,Moderate Delay
Urban,Local Bus,19,3,Cloudy,2.55,55.4,61.76,8.2,16,14.15,Average,0.0,0,19.45,Major Delay
Urban,Local Bus,9,1,Clear,1.95,47.08,58.16,18.38,18,3.56,Average,6.4,0,13.56,Moderate Delay
Urban,Express Bus,7,2,Cloudy,1.68,38.34,64.05,5.46,5,16.15,Good,5.72,0,10.07,Moderate Delay
Rural,Express Bus,13,6,Rain,0.23,92.95,58.15,6.38,32,14.39,Good,0.0,0,18.64,Major Delay
Urban,Express Bus,19,6,Clear,9.84,43.39,52.22,17.64,14,8.99,Good,8.0,0,9.1,Moderate Delay
Rural,Local Bus,7,2,Cloudy,1.12,33.74,44.94,12.8,11,13.91,Average,3.1,0,12.45,Moderate Delay
Urban,Local Bus,11,3,Rain,3.46,67.1,59.54,9.76,6,16.48,Average,2.76,0,17.03,Major Delay
Urban,Local Bus,17,3,Clear,0.55,67.47,40.37,11.01,7,7.32,Poor,0.0,0,18.34,Major Delay
Rural,Local Bus,13,5,Rain,6.51,80.49,35.15,9.23,25,7.35,Good,9.99,1,22.35,Major Delay
Rural,Local Bus,15,3,Clear,3.57,92.34,63.4,27.09,5,9.56,Average,0.0,0,10.02,Moderate Delay
Urban,Feeder Bus,14,2,Rain,4.77,55.96,77.6,20.11,7,2.0,Good,0.0,0,7.07,Moderate Delay
Urban,Local Bus,19,6,Rain,0.52,41.37,42.08,9.05,24,12.65,Poor,4.21,0,25.86,Major Delay
Urban,Express Bus,20,2,Heavy Rain,5.02,4.25,45.56,12.12,15,15.55,Average,0.0,0,9.46,Moderate Delay
Urban,Feeder Bus,13,1,Cloudy,0.09,26.43,24.08,17.58,27,13.85,Average,13.84,0,15.5,Major Delay
Urban,Local Bus,12,2,Rain,1.44,52.8,31.68,8.15,25,13.4,Good,0.0,0,14.8,Moderate Delay
Urban,Local Bus,10,2,Clear,0.65,20.84,32.43,10.65,25,16.12,Good,7.47,0,14.94,Moderate Delay
Urban,Express Bus,12,3,Clear,3.51,11.54,77.49,12.21,7,10.5,Good,11.71,0,11.16,Moderate Delay
Urban,Local Bus,20,4,Rain,10.45,49.51,23.27,8.71,24,3.14,Average,7.08,0,18.0,Major Delay
Rural,Local Bus,14,0,Clear,5.88,65.87,67.18,20.58,32,11.65,Good,0.0,0,12.92,Moderate Delay
Urban,Feeder Bus,17,6,Rain,12.44,42.33,52.7,9.71,29,17.51,Average,5.22,0,21.29,Major Delay
Urban,Express Bus,12,1,Clear,3.67,68.63,70.11,13.3,33,12.81,Good,10.28,0,15.67,Major Delay
Urban,Feeder Bus,17,0,Clear,6.64,62.18,81.32,14.7,30,9.14,Average,0.0,0,7.24,Moderate Delay
Urban,Feeder Bus,17,4,Clear,8.69,74.43,57.4,23.52,32,14.92,Good,8.99,0,16.93,Major Delay
Urban,Local Bus,14,1,Cloudy,8.6,97.99,80.67,13.48,15,12.93,Good,5.96,0,19.85,Major Delay
Rural,Express Bus,21,5,Clear,0.47,100.0,89.0,26.82,12,9.92,Average,12.95,0,12.24,Moderate Delay
Rural,Express Bus,20,6,Clear,1.08,64.83,84.93,11.82,22,11.6,Good,5.64,0,15.38,Major Delay
Rural,Express Bus,7,4,Heavy Rain,7.8,37.42,44.56,12.68,10,9.41,Good,4.26,0,19.92,Major Delay
Rural,Express Bus,9,5,Rain,12.57,49.42,18.61,19.62,24,14.07,Average,6.92,0,15.75,Major Delay
Rural,Express Bus,22,3,Rain,0.98,84.18,55.5,25.52,34,6.5,Good,0.0,0,13.66,Moderate Delay
Rural,Feeder Bus,12,2,Clear,1.2,27.46,61.57,12.41,15,12.65,Average,0.0,0,5.59,Moderate Delay
Urban,Local Bus,10,4,Clear,5.81,81.3,18.93,21.42,15,15.35,Average,3.85,0,15.09,Major Delay
Urban,Express Bus,19,2,Cloudy,1.95,44.09,59.22,19.08,24,12.19,Good,0.88,0,13.72,Moderate Delay
Urban,Local Bus,15,6,Clear,8.26,53.22,10.0,9.44,23,12.25,Good,0.44,0,9.58,Moderate Delay
Urban,Express Bus,7,3,Clear,6.32,29.42,88.92,13.89,24,11.35,Good,13.69,0,14.11,Moderate Delay
Urban,Express Bus,6,3,Heavy Rain,9.33,17.55,67.55,13.76,17,13.67,Good,12.47,0,20.37,Major Delay
Rural,Express Bus,19,4,Clear,2.33,41.59,41.64,7.81,5,9.2,Good,0.0,0,9.19,Moderate Delay
Urban,Local Bus,18,1,Rain,1.81,77.97,60.53,14.99,12,10.35,Average,3.7,0,21.21,Major Delay
Urban,Local Bus,11,3,Clear,1.23,31.85,63.0,14.48,7,6.5,Good,0.0,1,6.69,Moderate Delay
Urban,Local Bus,20,5,Clear,12.3,85.09,67.66,16.25,9,9.65,Poor,9.25,0,22.56,Major Delay
Urban,Local Bus,7,5,Clear,0.51,34.82,59.39,14.42,27,2.0,Average,4.61,0,9.97,Moderate Delay
Urban,Local Bus,20,1,Heavy Rain,0.41,23.43,76.9,10.0,8,11.14,Good,10.83,1,23.37,Major Delay
Rural,Feeder Bus,6,0,Cloudy,3.79,53.83,32.64,28.68,7,14.08,Average,0.0,0,15.99,Major Delay
Urban,Local Bus,16,1,Rain,1.77,63.62,55.42,15.3,11,10.67,Good,0.0,0,16.47,Major Delay
Rural,Feeder Bus,20,5,Clear,8.76,52.33,93.73,21.8,20,15.61,Good,2.41,0,15.47,Major Delay
Urban,Local Bus,16,1,Rain,0.35,51.47,50.97,16.63,6,17.68,Poor,0.51,0,14.83,Moderate Delay
Urban,Express Bus,19,0,Cloudy,2.63,84.87,62.83,23.04,6,10.92,Average,3.04,0,19.25,Major Delay
Urban,Express Bus,11,4,Cloudy,0.14,50.18,38.1,9.34,31,6.02,Good,9.43,0,13.16,Moderate Delay
Rural,Express Bus,10,6,Rain,2.16,37.18,100.0,13.47,29,16.46,Poor,5.84,0,13.17,Moderate Delay
Rural,Express Bus,9,1,Rain,3.7,21.94,63.71,11.31,11,15.45,Poor,2.02,0,14.08,Moderate Delay
Urban,Express Bus,7,0,Cloudy,3.09,77.29,32.83,10.57,21,13.24,Average,3.77,0,15.74,Major Delay
Rural,Feeder Bus,9,0,Clear,2.86,38.21,79.81,15.61,27,8.38,Average,0.0,0,13.41,Moderate Delay
Urban,Express Bus,9,0,Rain,6.37,40.45,36.54,12.52,11,12.89,Average,0.0,0,17.78,Major Delay
Rural,Local Bus,18,1,Clear,0.89,72.19,71.68,5.44,21,9.44,Average,9.56,0,14.5,Moderate Delay
Urban,Local Bus,8,1,Heavy Rain,4.88,95.25,78.6,12.18,30,7.33,Average,0.0,0,26.86,Major Delay
Urban,Express Bus,7,4,Clear,2.73,53.78,98.53,11.68,6,12.8,Average,10.67,0,13.88,Moderate Delay
Rural,Local Bus,18,1,Clear,2.2,44.85,62.48,19.28,8,6.13,Average,1.97,0,13.37,Moderate Delay
Urban,Local Bus,14,3,Clear,5.43,47.87,58.98,5.32,30,14.78,Good,4.17,0,12.96,Moderate Delay
Urban,Express Bus,8,2,Cloudy,4.02,37.52,17.46,10.92,32,12.41,Good,7.65,0,12.92,Moderate Delay
Urban,Local Bus,17,4,Clear,5.19,39.82,48.87,9.5,25,10.44,Good,8.24,0,20.94,Major Delay
Urban,Express Bus,8,4,Rain,17.0,39.94,43.71,18.47,34,10.79,Good,0.93,0,9.83,Moderate Delay
Rural,Express Bus,19,4,Cloudy,2.7,68.95,54.38,10.73,27,5.63,Good,3.86,0,20.06,Major Delay
Rural,Express Bus,5,6,Clear,0.93,45.97,47.6,20.28,24,5.93,Average,3.41,0,21.84,Major Delay
Rural,Express Bus,15,1,Cloudy,12.21,79.26,73.72,13.72,5,19.66,Poor,5.39,1,16.73,Major Delay
Urban,Feeder Bus,15,3,Rain,2.1,45.33,46.81,16.94,30,10.25,Good,4.47,0,19.94,Major Delay
Urban,Express Bus,11,2,Rain,6.33,39.56,67.51,20.63,14,3.88,Good,0.0,0,14.28,Moderate Delay
Urban,Feeder Bus,17,3,Clear,3.08,77.39,55.69,6.79,29,15.59,Average,4.25,0,20.83,Major Delay
Urban,Local Bus,11,0,Heavy Rain,0.7,48.5,45.55,12.52,5,5.88,Good,0.0,0,13.82,Moderate Delay
Urban,Express Bus,16,2,Clear,3.97,45.09,43.73,16.53,18,13.88,Average,3.52,1,10.1,Moderate Delay
Rural,Express Bus,9,6,Cloudy,1.33,48.77,62.66,15.19,23,18.37,Average,4.09,1,14.97,Moderate Delay
Rural,Local Bus,15,5,Rain,1.57,81.73,85.41,6.22,8,9.91,Average,0.0,0,15.84,Major Delay
Rural,Local Bus,18,2,Clear,3.1,55.04,43.38,18.18,16,16.79,Good,2.09,0,8.41,Moderate Delay
Urban,Express Bus,22,0,Clear,0.21,76.74,58.95,14.29,7,14.67,Good,0.93,0,7.08,Moderate Delay
Urban,Local Bus,11,4,Cloudy,6.19,42.6,67.68,14.77,19,18.87,Average,1.03,0,18.58,Major Delay
Urban,Feeder Bus,13,2,Clear,1.82,73.06,57.6,12.67,8,13.91,Good,7.29,0,18.14,Major Delay
Urban,Local Bus,13,2,Clear,7.03,53.47,22.8,3.0,12,8.36,Good,5.81,0,8.61,Moderate Delay
Urban,Local Bus,20,0,Clear,6.78,68.3,67.58,17.27,20,2.0,Good,8.31,0,24.78,Major Delay
Urban,Express Bus,22,2,Rain,2.58,70.23,27.87,17.53,18,7.04,Average,13.89,0,10.9,Moderate Delay
Urban,Local Bus,16,1,Clear,3.7,26.34,28.15,11.47,6,8.49,Average,8.99,0,7.58,Moderate Delay
Rural,Local Bus,19,0,Clear,4.93,49.66,31.91,5.09,29,15.96,Average,0.0,0,8.51,Moderate Delay
Urban,Express Bus,6,4,Heavy Rain,2.09,70.02,54.76,10.79,19,17.07,Average,0.22,0,13.07,Moderate Delay
Rural,Local Bus,18,6,Rain,0.12,73.68,38.73,19.97,13,5.52,Good,10.21,0,20.65,Major Delay
Urban,Local Bus,19,0,Cloudy,3.93,76.83,29.29,11.55,13,17.11,Poor,1.53,0,16.92,Major Delay
Urban,Express Bus,17,0,Cloudy,8.65,50.41,65.6,14.14,8,7.13,Average,1.19,0,12.62,Moderate Delay
Urban,Express Bus,15,0,Clear,1.26,83.42,57.46,12.0,31,6.83,Good,5.17,0,11.7,Moderate Delay
Urban,Express Bus,21,3,Clear,7.4,32.88,73.15,15.89,27,4.08,Average,2.08,0,7.01,Moderate Delay
Urban,Local Bus,16,5,Clear,0.56,13.62,43.41,6.1,7,12.69,Good,12.05,0,5.35,Moderate Delay
Urban,Local Bus,20,2,Clear,2.38,41.61,56.73,12.79,31,8.07,Poor,2.69,0,10.93,Moderate Delay
Rural,Feeder Bus,8,0,Clear,2.83,75.5,74.01,20.58,25,17.57,Good,15.56,1,18.97,Major Delay
Urban,Express Bus,16,0,Cloudy,3.17,23.02,31.73,8.5,25,6.46,Good,0.7,0,9.41,Moderate Delay
Urban,Local Bus,12,4,Clear,1.01,14.19,44.77,12.35,7,14.66,Poor,0.21,0,9.14,Moderate Delay
Urban,Feeder Bus,20,2,Clear,0.58,8.43,77.86,20.32,13,4.94,Average,0.0,0,3.28,On Time / Minor
Urban,Local Bus,20,2,Rain,2.49,64.93,58.39,18.48,20,16.16,Good,0.0,0,20.41,Major Delay
Urban,Express Bus,20,1,Clear,5.58,14.71,54.99,16.71,25,11.59,Average,7.12,0,16.45,Major Delay
Urban,Express Bus,8,6,Rain,1.24,60.63,57.23,16.33,15,12.46,Average,0.0,0,10.22,Moderate Delay
Rural,Feeder Bus,13,2,Clear,2.74,40.45,82.46,16.24,29,9.21,Good,0.0,0,6.59,Moderate Delay
Rural,Feeder Bus,5,4,Cloudy,17.01,30.28,57.52,12.62,21,8.92,Average,6.1,1,17.95,Major Delay
Rural,Local Bus,22,5,Clear,4.27,25.03,58.91,20.61,30,13.48,Average,0.0,0,5.0,Moderate Delay
Urban,Express Bus,9,0,Clear,2.48,52.74,57.67,11.19,7,20.04,Average,0.0,0,7.16,Moderate Delay
Urban,Local Bus,16,1,Rain,3.04,30.65,25.68,8.03,13,5.75,Poor,3.24,0,21.24,Major Delay
Rural,Express Bus,13,6,Clear,14.37,47.89,68.05,5.7,20,9.3,Average,5.54,0,10.21,Moderate Delay
Urban,Express Bus,21,6,Clear,5.77,57.23,41.58,10.3,28,7.94,Average,1.82,0,11.57,Moderate Delay
Urban,Local Bus,19,2,Clear,1.33,62.09,32.76,10.22,20,3.44,Average,5.68,0,10.86,Moderate Delay
Urban,Local Bus,18,1,Cloudy,6.27,69.49,23.07,9.73,13,3.38,Good,0.0,0,16.26,Major Delay
Rural,Local Bus,16,2,Clear,0.79,51.79,27.22,6.95,30,7.34,Good,11.07,0,12.36,Moderate Delay
Urban,Local Bus,7,6,Cloudy,3.57,23.85,12.61,16.24,6,9.02,Poor,8.05,0,18.25,Major Delay
Rural,Local Bus,21,4,Cloudy,10.02,58.71,37.5,8.32,6,18.08,Average,0.0,0,10.0,Moderate Delay
Rural,Feeder Bus,6,0,Cloudy,3.61,63.09,49.31,17.29,15,15.95,Good,2.56,1,8.96,Moderate Delay
Urban,Local Bus,13,5,Rain,0.7,43.82,79.23,18.33,8,6.9,Good,0.0,0,12.82,Moderate Delay
Rural,Express Bus,11,1,Clear,3.26,41.38,59.21,29.44,14,14.86,Good,8.15,0,5.26,Moderate Delay
Urban,Feeder Bus,12,2,Rain,9.95,100.0,63.07,11.27,34,7.0,Good,0.0,0,15.74,Major Delay
Urban,Express Bus,22,3,Clear,1.21,18.26,83.59,13.04,17,10.56,Good,0.81,0,5.5,Moderate Delay
Urban,Local Bus,9,2,Clear,6.18,59.35,10.0,9.52,19,12.62,Average,2.03,0,9.49,Moderate Delay
Rural,Feeder Bus,15,4,Cloudy,10.44,72.06,65.83,6.97,16,21.55,Good,0.0,0,15.29,Major Delay
Urban,Express Bus,8,1,Cloudy,4.83,40.15,64.3,11.48,26,12.34,Average,0.0,0,15.21,Major Delay
Urban,Express Bus,21,6,Clear,3.4,44.12,74.47,9.34,16,3.61,Poor,5.36,0,10.4,Moderate Delay
Urban,Feeder Bus,18,4,Heavy Rain,1.35,38.77,22.07,6.9,13,14.72,Poor,1.01,0,27.52,Major Delay
Urban,Express Bus,12,2,Heavy Rain,1.59,48.01,46.52,15.42,5,16.69,Average,7.86,0,14.77,Moderate Delay
Urban,Local Bus,6,6,Clear,2.45,68.69,39.38,7.57,23,15.44,Good,7.21,0,16.99,Major Delay
Urban,Feeder Bus,7,3,Cloudy,6.33,43.44,32.24,17.4,28,6.03,Average,0.0,0,4.0,On Time / Minor
Urban,Local Bus,9,2,Rain,20.45,100.0,100.0,19.13,17,11.62,Average,1.23,0,21.53,Major Delay
Rural,Feeder Bus,12,0,Heavy Rain,1.23,37.59,46.68,8.81,14,10.91,Good,1.23,0,8.75,Moderate Delay
Urban,Local Bus,20,6,Cloudy,5.57,79.68,76.54,22.39,29,19.85,Poor,1.48,0,18.45,Major Delay
Rural,Local Bus,7,5,Clear,8.39,60.51,72.11,16.41,33,14.08,Average,10.87,0,20.38,Major Delay
Urban,Local Bus,15,1,Cloudy,3.35,50.49,29.2,13.56,18,19.58,Average,4.46,0,14.72,Moderate Delay
Urban,Local Bus,11,6,Clear,3.2,81.83,47.5,3.33,11,7.45,Good,0.0,0,9.19,Moderate Delay
Urban,Feeder Bus,5,5,Cloudy,0.34,11.2,59.21,3.72,25,9.92,Good,0.23,0,10.34,Moderate Delay
Urban,Local Bus,16,2,Cloudy,3.93,57.78,65.91,23.44,23,8.31,Poor,1.19,0,17.55,Major Delay
Rural,Express Bus,17,6,Cloudy,3.04,31.52,64.61,21.92,14,15.89,Good,5.62,0,8.03,Moderate Delay
Urban,Local Bus,22,3,Clear,2.17,37.97,93.06,23.6,29,16.7,Good,12.51,0,18.34,Major Delay
Urban,Feeder Bus,14,4,Clear,4.62,36.89,76.21,25.14,11,12.95,Average,7.44,0,12.97,Moderate Delay
Urban,Local Bus,10,1,Cloudy,0.9,25.83,71.14,22.25,6,11.47,Average,2.99,0,11.54,Moderate Delay
Rural,Local Bus,20,0,Clear,1.18,9.99,77.37,15.43,11,13.09,Good,0.0,0,16.8,Major Delay
Urban,Local Bus,9,3,Clear,4.02,56.94,85.06,17.36,27,4.09,Good,10.61,0,15.72,Major Delay
Urban,Express Bus,17,2,Clear,12.19,46.48,45.54,9.89,21,8.94,Average,2.02,0,8.91,Moderate Delay
Rural,Feeder Bus,21,6,Rain,2.68,41.09,26.41,15.43,25,9.35,Poor,0.0,0,18.35,Major Delay
Rural,Feeder Bus,5,0,Clear,3.36,65.46,45.87,18.47,19,10.93,Average,5.29,0,14.1,Moderate Delay
Rural,Local Bus,21,5,Cloudy,3.24,58.39,30.53,18.59,8,7.74,Average,0.0,0,2.76,On Time / Minor
Urban,Local Bus,8,4,Cloudy,0.84,41.86,38.34,13.25,26,6.75,Good,6.8,1,9.76,Moderate Delay
Urban,Local Bus,13,6,Rain,2.32,100.0,60.0,3.0,25,3.01,Average,1.53,0,20.78,Major Delay
Urban,Local Bus,9,6,Cloudy,3.83,71.41,46.93,4.92,30,13.16,Average,1.97,0,15.44,Major Delay
Rural,Express Bus,7,6,Clear,3.74,100.0,70.96,16.86,8,4.14,Average,0.0,0,13.27,Moderate Delay
Urban,Local Bus,17,2,Clear,4.99,38.46,64.07,10.97,6,16.0,Average,8.89,0,14.36,Moderate Delay
Rural,Express Bus,13,4,Clear,0.79,53.74,65.29,17.99,14,12.62,Good,0.0,0,9.47,Moderate Delay
Urban,Feeder Bus,14,1,Rain,1.51,19.52,32.7,6.7,28,15.43,Good,0.0,1,17.6,Major Delay
Urban,Local Bus,13,3,Cloudy,0.21,40.4,40.45,22.17,8,6.54,Average,4.45,0,4.43,On Time / Minor
Rural,Local Bus,18,1,Rain,10.71,34.57,19.8,8.37,30,20.32,Good,2.77,0,12.43,Moderate Delay
Urban,Local Bus,22,1,Rain,1.96,100.0,69.36,22.86,33,22.1,Average,14.98,1,31.69,Major Delay
Rural,Local Bus,14,3,Rain,4.23,32.07,96.44,4.69,26,11.15,Average,0.0,0,18.65,Major Delay
Urban,Local Bus,7,0,Heavy Rain,3.15,42.62,61.58,17.62,33,12.97,Good,1.58,0,24.11,Major Delay
Urban,Express Bus,10,3,Cloudy,0.02,14.57,63.35,8.41,25,10.94,Average,7.43,0,21.83,Major Delay
Urban,Local Bus,13,2,Clear,0.58,60.28,47.37,13.95,7,16.04,Average,1.28,0,16.35,Major Delay
Urban,Express Bus,6,1,Clear,3.01,27.29,53.67,20.46,33,14.96,Poor,3.48,0,14.15,Moderate Delay
Urban,Feeder Bus,9,3,Cloudy,5.5,69.13,83.49,19.41,28,2.12,Good,16.42,0,14.34,Moderate Delay
Urban,Feeder Bus,8,5,Rain,5.09,6.87,59.82,9.06,31,6.87,Good,3.83,0,20.22,Major Delay
Urban,Express Bus,22,4,Cloudy,0.45,45.2,70.79,10.32,8,12.96,Good,10.5,0,16.06,Major Delay
Urban,Local Bus,12,0,Clear,0.84,5.55,84.02,4.56,16,14.87,Good,6.75,0,13.54,Moderate Delay
Urban,Local Bus,20,3,Rain,4.67,36.72,80.01,3.25,10,11.75,Average,7.19,0,26.63,Major Delay
Urban,Local Bus,14,4,Clear,5.05,41.39,58.65,9.0,24,2.52,Good,2.51,0,13.38,Moderate Delay
Urban,Feeder Bus,14,4,Clear,0.4,34.22,60.12,8.87,23,13.78,Good,0.0,0,11.37,Moderate Delay
Urban,Feeder Bus,21,2,Rain,4.64,36.5,50.27,4.96,21,20.12,Poor,8.94,0,24.74,Major Delay
Urban,Local Bus,17,0,Cloudy,2.98,70.34,67.98,12.77,9,2.0,Good,6.28,0,17.1,Major Delay
Rural,Local Bus,9,0,Clear,2.41,98.01,49.73,13.81,8,15.7,Good,6.18,1,20.34,Major Delay
Rural,Local Bus,10,2,Clear,12.51,55.8,65.0,13.92,34,20.16,Poor,2.75,0,13.18,Moderate Delay
Urban,Local Bus,16,4,Cloudy,2.69,28.22,78.77,9.21,11,15.72,Average,0.26,0,15.08,Major Delay
Urban,Feeder Bus,5,5,Clear,1.68,49.47,24.28,10.53,33,10.6,Good,10.11,1,13.9,Moderate Delay
Urban,Local Bus,7,4,Clear,6.71,39.85,20.85,12.1,20,15.48,Poor,5.13,0,15.56,Major Delay
Urban,Local Bus,6,2,Cloudy,6.45,68.46,57.11,18.9,5,10.57,Average,0.0,0,12.38,Moderate Delay
Urban,Local Bus,17,3,Cloudy,10.21,54.62,71.38,9.94,18,13.71,Good,3.23,0,14.1,Moderate Delay
Urban,Local Bus,12,0,Clear,6.06,11.71,63.74,3.93,31,11.42,Good,1.98,0,15.45,Major Delay
Urban,Local Bus,5,5,Cloudy,5.84,73.25,33.78,12.07,22,11.56,Poor,0.0,0,12.8,Moderate Delay
Rural,Feeder Bus,18,2,Cloudy,3.25,70.24,75.99,11.38,33,7.19,Good,0.0,1,11.4,Moderate Delay
Urban,Local Bus,16,3,Clear,0.91,82.39,96.17,4.31,28,8.68,Average,16.48,0,20.91,Major Delay
Urban,Express Bus,17,3,Clear,5.19,36.12,40.63,11.6,31,19.12,Good,0.0,0,16.62,Major Delay
Rural,Local Bus,7,2,Clear,0.77,54.92,43.5,8.69,29,7.9,Good,0.0,0,11.42,Moderate Delay
Rural,Local Bus,20,1,Clear,3.25,20.75,58.51,13.53,25,2.0,Poor,0.0,0,14.44,Moderate Delay
Urban,Local Bus,8,6,Rain,3.15,46.82,55.48,16.52,13,28.58,Poor,0.0,0,20.14,Major Delay
Urban,Local Bus,15,0,Clear,3.24,57.13,82.06,10.78,23,8.82,Good,0.0,0,22.59,Major Delay
Urban,Local Bus,15,6,Heavy Rain,1.95,33.37,63.67,17.07,12,9.66,Good,0.0,0,20.71,Major Delay
Urban,Local Bus,8,0,Clear,21.87,55.87,52.17,12.16,24,8.99,Average,12.08,0,17.3,Major Delay
Rural,Feeder Bus,11,0,Cloudy,3.64,51.86,46.21,12.41,23,11.08,Average,8.03,0,13.08,Moderate Delay
Urban,Express Bus,5,6,Cloudy,8.04,37.65,27.45,12.15,28,7.2,Good,2.2,0,6.74,Moderate Delay
Rural,Feeder Bus,13,6,Rain,4.63,80.14,85.39,12.84,16,18.45,Good,11.87,0,25.13,Major Delay
Urban,Local Bus,17,6,Rain,17.3,42.61,70.55,5.74,13,10.0,Poor,1.12,0,16.45,Major Delay
Urban,Express Bus,10,5,Cloudy,4.68,51.06,56.19,3.03,33,5.77,Good,0.0,0,10.03,Moderate Delay
Rural,Express Bus,14,3,Clear,3.66,14.26,60.17,20.71,14,2.0,Good,1.33,0,8.76,Moderate Delay
Urban,Local Bus,22,0,Heavy Rain,0.52,59.94,55.85,15.27,24,16.47,Good,0.0,1,28.49,Major Delay
Urban,Local Bus,9,4,Heavy Rain,0.56,37.03,22.69,10.74,31,8.8,Good,0.0,0,19.61,Major Delay
Rural,Local Bus,10,3,Heavy Rain,1.58,70.02,29.58,20.38,12,12.88,Average,6.8,0,20.4,Major Delay
Rural,Express Bus,7,5,Clear,2.59,17.84,53.92,31.19,16,6.35,Good,5.16,0,8.16,Moderate Delay
Urban,Local Bus,14,0,Clear,0.66,57.91,53.58,5.0,8,11.47,Average,0.0,0,13.23,Moderate Delay
Urban,Local Bus,8,0,Clear,3.62,0.0,57.76,13.77,10,10.86,Good,5.84,0,19.27,Major Delay
Urban,Feeder Bus,20,4,Rain,3.48,62.16,91.95,18.0,26,15.6,Good,6.04,0,21.55,Major Delay
Urban,Local Bus,10,5,Clear,13.86,43.98,52.27,4.22,8,11.83,Poor,0.48,0,16.19,Major Delay
Urban,Feeder Bus,16,6,Clear,15.55,57.19,42.74,4.84,14,5.39,Average,0.0,1,16.28,Major Delay
Urban,Feeder Bus,8,3,Cloudy,6.72,34.2,59.06,19.72,9,23.01,Good,7.46,0,17.34,Major Delay
Rural,Feeder Bus,10,2,Clear,6.9,26.17,30.06,13.67,10,13.17,Good,5.74,0,6.89,Moderate Delay
Rural,Express Bus,8,3,Rain,9.27,38.01,61.11,9.84,29,6.28,Average,12.2,0,19.16,Major Delay
Rural,Local Bus,14,3,Clear,4.72,52.42,43.5,4.16,12,11.95,Average,5.68,0,13.31,Moderate Delay
Rural,Express Bus,5,4,Rain,9.71,61.26,62.5,15.96,19,12.96,Average,0.0,0,10.05,Moderate Delay
Rural,Express Bus,6,1,Clear,0.44,54.99,54.39,5.59,25,13.42,Average,0.0,0,9.7,Moderate Delay
Rural,Express Bus,14,2,Cloudy,7.6,26.45,55.17,7.89,32,12.82,Good,2.41,0,8.68,Moderate Delay
Rural,Local Bus,14,3,Cloudy,0.72,90.27,70.53,8.27,24,12.23,Poor,7.54,1,21.07,Major Delay
Urban,Local Bus,10,5,Clear,0.89,55.65,72.69,11.97,17,15.59,Good,5.1,0,22.53,Major Delay
Urban,Local Bus,12,5,Clear,9.17,33.69,98.66,7.39,8,14.64,Good,0.42,0,13.15,Moderate Delay
Urban,Local Bus,12,5,Rain,1.38,57.76,71.89,8.3,18,14.73,Average,0.0,0,19.11,Major Delay
Urban,Express Bus,18,1,Cloudy,0.93,53.89,53.1,19.67,24,2.12,Good,10.84,0,15.74,Major Delay
Urban,Feeder Bus,13,2,Clear,5.05,43.97,45.35,15.01,5,2.33,Good,10.61,0,10.18,Moderate Delay
Urban,Express Bus,20,3,Rain,1.2,41.27,64.94,14.09,23,7.03,Good,0.0,0,12.61,Moderate Delay
Urban,Express Bus,8,6,Clear,0.94,70.65,87.23,16.62,5,9.76,Average,6.82,0,19.96,Major Delay
Urban,Local Bus,8,2,Clear,0.35,87.74,75.13,7.65,29,7.2,Average,4.78,0,24.96,Major Delay
Urban,Local Bus,12,6,Clear,1.86,1.17,43.75,16.18,33,5.92,Average,6.92,0,16.12,Major Delay
Rural,Local Bus,6,5,Clear,6.66,76.3,67.05,16.56,7,12.19,Good,11.09,0,13.55,Moderate Delay
Rural,Local Bus,17,4,Clear,7.6,48.46,62.44,7.86,33,6.64,Good,10.63,0,18.13,Major Delay
Urban,Local Bus,12,4,Clear,2.45,53.44,78.98,17.58,13,2.0,Average,6.03,1,13.98,Moderate Delay
Urban,Local Bus,11,5,Clear,13.62,79.09,64.03,15.41,7,4.21,Average,2.28,0,14.65,Moderate Delay
Urban,Local Bus,14,4,Clear,5.33,0.0,63.28,15.57,29,7.95,Average,2.0,0,8.56,Moderate Delay
Rural,Express Bus,6,4,Cloudy,9.32,66.74,34.37,24.0,14,9.71,Good,2.41,1,13.62,Moderate Delay
Rural,Local Bus,11,2,Cloudy,1.61,77.5,73.84,14.73,18,15.49,Good,17.15,0,23.09,Major Delay
Urban,Local Bus,22,2,Clear,2.22,32.16,30.19,8.46,34,13.17,Good,3.73,0,8.75,Moderate Delay
Rural,Local Bus,16,4,Clear,2.62,15.94,59.79,14.78,32,2.0,Average,7.4,0,19.29,Major Delay
Urban,Express Bus,15,5,Cloudy,2.19,85.72,46.98,14.08,21,18.26,Average,5.58,0,16.73,Major Delay
Urban,Express Bus,14,4,Cloudy,3.43,7.6,45.8,7.35,25,10.0,Poor,0.0,0,9.73,Moderate Delay
Rural,Local Bus,13,6,Rain,4.64,57.63,69.65,3.0,13,11.35,Good,5.89,0,17.2,Major Delay
Urban,Local Bus,21,4,Clear,4.35,71.53,57.94,13.61,6,11.61,Average,0.19,0,18.7,Major Delay
Urban,Feeder Bus,21,2,Clear,14.91,57.12,10.13,19.66,26,6.74,Average,0.0,0,15.64,Major Delay
Urban,Express Bus,12,4,Clear,15.9,60.99,54.04,19.72,18,13.82,Good,6.47,0,15.93,Major Delay
Urban,Express Bus,21,4,Cloudy,0.18,41.9,50.23,15.7,32,2.0,Average,0.0,0,9.77,Moderate Delay
Rural,Local Bus,6,6,Clear,11.49,58.64,83.15,23.42,13,17.7,Average,7.89,0,12.28,Moderate Delay
Rural,Feeder Bus,10,1,Clear,14.2,31.71,33.15,15.05,11,11.94,Good,6.35,0,11.04,Moderate Delay
Urban,Feeder Bus,10,1,Clear,0.07,34.68,96.34,12.82,27,12.82,Good,9.82,0,17.24,Major Delay
Urban,Local Bus,17,1,Cloudy,6.41,48.82,75.13,15.22,20,13.63,Good,5.9,0,15.95,Major Delay
Rural,Express Bus,15,0,Clear,3.53,12.58,52.44,9.6,9,8.79,Average,0.0,0,5.01,Moderate Delay
Urban,Local Bus,13,4,Cloudy,13.6,61.27,49.62,6.4,24,17.36,Good,9.07,0,13.11,Moderate Delay
Rural,Express Bus,9,6,Clear,12.85,0.0,45.23,8.13,31,7.37,Good,9.33,0,13.79,Moderate Delay
Urban,Local Bus,14,4,Clear,28.93,56.34,64.39,11.12,23,6.0,Good,7.97,0,13.42,Moderate Delay
Urban,Local Bus,9,0,Clear,6.64,58.51,42.24,19.2,26,11.75,Average,7.17,0,19.98,Major Delay
Rural,Feeder Bus,13,2,Heavy Rain,5.55,29.73,55.65,5.32,9,4.11,Poor,0.0,0,18.01,Major Delay
Urban,Feeder Bus,11,6,Clear,1.19,19.62,36.27,8.16,22,8.17,Poor,7.78,0,14.32,Moderate Delay
Urban,Local Bus,20,0,Clear,1.81,38.61,72.26,18.83,25,12.3,Average,0.0,0,11.62,Moderate Delay
Urban,Feeder Bus,18,4,Rain,5.82,62.71,61.39,11.86,21,14.68,Good,0.39,0,18.76,Major Delay
Urban,Local Bus,8,3,Clear,1.7,55.95,48.64,12.8,33,10.81,Good,0.0,0,14.03,Moderate Delay
Rural,Local Bus,21,6,Clear,3.5,22.43,53.16,11.75,33,6.48,Average,0.0,1,10.94,Moderate Delay
Urban,Feeder Bus,16,3,Clear,0.25,50.43,44.14,25.6,21,9.31,Average,4.39,0,11.24,Moderate Delay
Rural,Local Bus,11,3,Cloudy,3.78,54.03,64.27,17.36,30,7.66,Average,3.34,0,11.82,Moderate Delay
Rural,Local Bus,14,5,Clear,0.1,53.05,32.9,15.51,7,10.51,Good,10.14,0,5.2,Moderate Delay
Urban,Express Bus,8,5,Rain,9.04,25.31,76.04,15.18,32,7.9,Poor,9.53,0,24.01,Major Delay
Urban,Local Bus,5,3,Rain,3.99,51.58,61.47,16.46,9,6.11,Good,4.38,0,10.65,Moderate Delay
Rural,Local Bus,12,5,Cloudy,1.53,69.11,49.03,25.09,29,5.49,Average,7.44,0,16.46,Major Delay
Rural,Local Bus,19,5,Clear,2.8,60.35,69.75,11.76,18,2.0,Poor,2.98,0,25.72,Major Delay
Urban,Express Bus,11,3,Rain,1.73,57.46,65.77,15.01,15,16.41,Average,2.95,1,14.41,Moderate Delay
Urban,Local Bus,11,5,Rain,1.09,85.78,37.09,14.17,30,14.58,Average,4.13,0,20.94,Major Delay
Urban,Local Bus,22,2,Rain,2.04,51.86,84.15,19.42,10,4.86,Average,2.75,0,15.14,Major Delay
Urban,Express Bus,22,2,Clear,2.06,28.64,10.0,24.23,22,14.25,Average,4.56,0,9.61,Moderate Delay
Urban,Local Bus,13,0,Cloudy,2.48,28.71,79.79,10.47,13,11.21,Average,6.82,0,8.89,Moderate Delay
Urban,Local Bus,5,4,Rain,0.02,52.05,54.74,16.72,12,4.54,Good,0.0,0,14.8,Moderate Delay
Rural,Express Bus,17,1,Heavy Rain,9.68,14.94,77.81,15.06,33,5.75,Good,1.46,0,18.55,Major Delay
Rural,Express Bus,17,5,Clear,9.85,40.85,86.81,5.64,9,10.25,Average,7.38,0,22.53,Major Delay
Rural,Local Bus,21,6,Rain,3.19,58.68,49.45,19.82,33,14.71,Average,0.73,0,9.84,Moderate Delay
Urban,Feeder Bus,22,6,Cloudy,16.54,74.94,50.39,23.38,5,13.97,Average,0.83,0,11.26,Moderate Delay
Urban,Express Bus,16,1,Rain,2.23,12.49,64.29,18.92,11,8.31,Good,8.58,0,13.19,Moderate Delay
Rural,Local Bus,6,4,Cloudy,3.67,50.28,35.33,10.21,16,13.3,Good,0.0,0,13.69,Moderate Delay
Rural,Express Bus,9,5,Rain,5.48,46.43,51.37,5.86,11,10.19,Average,5.67,1,17.38,Major Delay
Urban,Express Bus,17,3,Clear,3.56,48.86,49.67,17.85,12,7.33,Poor,4.25,0,19.01,Major Delay
Rural,Express Bus,15,3,Clear,1.54,51.26,34.28,7.52,24,15.8,Good,7.94,0,10.62,Moderate Delay
Urban,Express Bus,12,3,Clear,3.39,47.27,48.62,8.12,6,11.78,Good,3.17,0,9.23,Moderate Delay
Rural,Express Bus,12,2,Rain,0.44,80.02,73.06,15.26,21,13.55,Good,0.0,0,7.62,Moderate Delay
Urban,Feeder Bus,17,4,Clear,1.1,76.61,71.62,18.42,17,5.51,Average,0.24,0,17.17,Major Delay
Urban,Express Bus,12,6,Cloudy,8.05,97.3,54.46,11.98,21,8.4,Good,11.78,0,20.22,Major Delay
Urban,Feeder Bus,7,1,Heavy Rain,1.47,47.76,59.25,12.76,15,15.1,Average,0.83,0,17.85,Major Delay
Urban,Express Bus,22,0,Rain,2.66,38.55,51.92,13.33,32,9.6,Good,0.51,0,11.45,Moderate Delay
Urban,Feeder Bus,11,0,Cloudy,2.48,25.74,22.77,8.5,14,9.89,Good,1.19,0,3.8,On Time / Minor
Urban,Feeder Bus,10,4,Rain,4.26,36.05,37.67,11.72,21,5.69,Good,2.15,0,16.3,Major Delay
Urban,Local Bus,6,1,Clear,8.97,64.44,77.18,4.3,18,11.98,Good,1.46,0,14.12,Moderate Delay
Rural,Local Bus,13,3,Clear,3.84,67.98,81.94,18.41,22,5.6,Average,6.32,0,18.23,Major Delay
Urban,Express Bus,22,6,Cloudy,0.48,63.54,40.83,30.73,16,12.83,Poor,4.01,0,13.12,Moderate Delay
Urban,Local Bus,7,0,Rain,1.63,32.72,80.38,14.36,24,6.04,Average,0.55,0,18.28,Major Delay
Rural,Express Bus,9,1,Clear,4.88,32.84,33.99,21.15,11,9.95,Poor,7.11,0,12.55,Moderate Delay
Urban,Express Bus,8,1,Clear,2.16,93.0,47.66,12.43,20,18.88,Good,4.91,0,15.18,Major Delay
Urban,Feeder Bus,6,3,Cloudy,2.26,28.86,55.62,5.92,30,12.83,Poor,10.13,0,18.41,Major Delay
Rural,Local Bus,15,4,Clear,2.34,80.58,52.54,27.51,22,9.27,Average,5.08,0,15.52,Major Delay
Rural,Express Bus,10,1,Rain,10.19,57.31,44.16,8.93,11,15.28,Average,2.86,0,20.34,Major Delay
Urban,Local Bus,18,0,Clear,0.7,31.15,60.53,19.68,27,7.38,Average,2.48,0,18.53,Major Delay
Rural,Local Bus,12,0,Rain,7.15,20.76,73.53,15.3,14,6.07,Good,4.23,0,19.68,Major Delay
Urban,Local Bus,16,5,Cloudy,1.57,32.15,28.92,21.12,32,9.18,Good,5.34,0,8.08,Moderate Delay
Urban,Local Bus,6,0,Rain,3.98,57.61,60.52,13.6,29,16.49,Good,3.49,0,15.06,Major Delay
Rural,Local Bus,10,4,Rain,6.03,27.08,77.3,7.02,32,16.21,Good,1.3,0,22.07,Major Delay
Urban,Express Bus,12,4,Clear,3.03,83.75,49.75,10.01,30,8.52,Average,6.63,0,11.17,Moderate Delay
Rural,Express Bus,6,0,Clear,8.46,43.22,47.06,28.11,25,9.58,Poor,5.67,1,21.02,Major Delay
Urban,Local Bus,12,3,Rain,13.5,64.11,40.98,15.92,24,13.1,Good,3.59,0,14.97,Moderate Delay
Rural,Local Bus,13,2,Clear,15.55,62.25,98.01,27.06,13,23.14,Average,6.84,0,16.09,Major Delay
Urban,Local Bus,12,3,Cloudy,5.22,85.3,87.86,11.79,16,9.81,Average,3.12,0,16.14,Major Delay
Urban,Feeder Bus,14,0,Clear,1.7,37.93,52.1,18.28,31,17.91,Good,3.56,0,12.41,Moderate Delay
Urban,Feeder Bus,19,4,Rain,0.45,50.44,81.61,6.3,23,12.25,Good,6.66,0,24.94,Major Delay
Urban,Local Bus,18,5,Clear,0.96,15.77,47.48,14.18,25,15.27,Good,7.5,0,18.83,Major Delay
Rural,Local Bus,5,0,Cloudy,12.11,50.37,54.89,27.34,11,16.07,Average,6.77,0,20.49,Major Delay
Urban,Local Bus,16,3,Cloudy,4.97,74.22,36.8,9.3,16,11.88,Good,0.0,0,20.75,Major Delay
Urban,Express Bus,21,4,Clear,2.84,53.05,21.14,9.86,12,10.86,Good,5.38,0,7.05,Moderate Delay
Urban,Local Bus,20,0,Clear,0.37,100.0,46.4,18.97,23,9.96,Good,3.72,0,12.64,Moderate Delay
Urban,Local Bus,10,5,Rain,2.24,59.95,49.5,14.69,20,12.75,Average,5.46,0,20.26,Major Delay
Rural,Local Bus,19,3,Cloudy,11.76,35.57,66.53,25.38,17,16.94,Average,12.62,1,20.99,Major Delay
Urban,Local Bus,19,2,Heavy Rain,3.97,58.48,71.1,12.55,28,17.61,Good,2.45,0,18.69,Major Delay
Rural,Local Bus,11,3,Rain,2.59,14.34,55.55,14.41,30,17.05,Average,3.61,0,18.86,Major Delay
Urban,Local Bus,20,4,Cloudy,1.53,29.62,38.18,15.9,32,8.67,Poor,0.69,0,13.88,Moderate Delay
Urban,Express Bus,16,4,Cloudy,2.26,20.01,44.84,7.55,15,8.16,Good,2.54,0,6.87,Moderate Delay
Urban,Local Bus,18,5,Heavy Rain,1.8,48.37,89.82,6.21,19,6.86,Good,0.11,0,24.82,Major Delay
Urban,Local Bus,18,0,Cloudy,7.05,46.61,70.58,5.66,18,11.77,Good,0.0,0,17.02,Major Delay
Rural,Express Bus,19,5,Clear,1.05,75.72,86.46,3.0,33,15.66,Good,0.0,0,15.29,Major Delay
Rural,Local Bus,22,0,Rain,0.94,45.72,93.54,13.49,28,8.17,Average,0.02,0,18.32,Major Delay
Rural,Express Bus,20,4,Heavy Rain,1.29,24.94,44.85,6.2,32,10.09,Average,0.37,0,21.02,Major Delay
Urban,Feeder Bus,12,2,Clear,1.89,83.86,74.4,10.77,11,14.23,Average,3.21,0,12.91,Moderate Delay
Urban,Local Bus,15,0,Clear,3.49,0.0,39.96,20.12,21,9.39,Good,0.8,0,9.96,Moderate Delay
Urban,Feeder Bus,16,4,Cloudy,4.95,48.88,78.67,8.32,21,10.05,Average,8.66,0,16.31,Major Delay
Urban,Express Bus,20,3,Rain,11.16,53.0,74.56,18.14,17,16.57,Good,4.63,0,17.1,Major Delay
Rural,Express Bus,12,4,Clear,7.97,47.76,15.72,4.52,18,11.12,Good,7.21,0,12.85,Moderate Delay
Urban,Local Bus,10,2,Rain,2.34,59.5,66.06,9.89,30,7.4,Good,8.42,0,21.43,Major Delay
Urban,Local Bus,18,1,Cloudy,2.36,50.55,40.87,24.45,16,11.48,Poor,10.43,0,23.88,Major Delay
Rural,Local Bus,22,4,Clear,7.59,59.49,51.19,11.43,18,13.17,Average,8.37,0,13.17,Moderate Delay
Rural,Feeder Bus,21,1,Cloudy,1.87,34.15,44.81,21.73,8,23.52,Average,0.0,0,9.71,Moderate Delay
Urban,Express Bus,7,5,Clear,5.88,14.44,76.16,28.13,24,18.6,Average,7.8,0,8.79,Moderate Delay
Urban,Local Bus,21,4,Rain,0.37,46.93,44.33,11.49,5,26.96,Good,5.1,0,11.85,Moderate Delay
Urban,Local Bus,19,6,Clear,5.17,24.39,32.42,10.01,27,5.67,Good,10.23,0,13.14,Moderate Delay
Urban,Local Bus,7,0,Rain,4.5,31.24,41.85,3.0,23,17.96,Average,3.63,0,20.85,Major Delay
Urban,Local Bus,5,4,Clear,1.9,74.71,53.71,15.75,33,18.76,Poor,9.22,0,19.02,Major Delay
Urban,Express Bus,8,3,Heavy Rain,0.58,83.83,66.2,16.28,21,11.15,Average,4.0,0,18.66,Major Delay
Rural,Local Bus,21,6,Rain,0.44,74.28,81.92,18.62,26,9.04,Good,4.2,0,18.39,Major Delay
Rural,Express Bus,18,2,Clear,4.17,70.02,68.27,22.35,33,14.69,Poor,6.83,0,12.56,Moderate Delay
Urban,Express Bus,15,6,Heavy Rain,4.9,49.38,69.68,7.84,11,9.37,Good,1.93,0,11.23,Moderate Delay
Urban,Express Bus,16,1,Clear,0.12,71.36,72.77,25.23,14,5.28,Good,6.26,0,7.81,Moderate Delay
Urban,Feeder Bus,12,5,Cloudy,0.8,56.18,74.35,12.31,20,3.91,Good,0.0,0,13.38,Moderate Delay
Urban,Local Bus,21,3,Rain,0.98,92.79,78.67,16.18,6,3.52,Good,5.92,0,13.93,Moderate Delay
Urban,Express Bus,7,6,Rain,1.38,26.88,100.0,13.6,12,12.17,Average,0.0,0,16.28,Major Delay
Urban,Express Bus,10,1,Cloudy,4.2,63.47,74.02,9.37,18,14.36,Average,6.27,0,19.11,Major Delay
Urban,Local Bus,8,1,Heavy Rain,8.82,18.92,63.73,6.81,12,6.13,Good,0.0,0,20.94,Major Delay
Urban,Local Bus,20,3,Clear,8.94,63.6,48.7,15.26,6,13.42,Good,0.0,0,19.15,Major Delay
Urban,Local Bus,14,3,Clear,6.49,8.46,64.2,8.21,27,13.38,Average,3.76,0,14.81,Moderate Delay
Urban,Local Bus,17,1,Clear,8.59,20.09,81.08,12.68,12,12.73,Good,3.85,1,21.62,Major Delay
Rural,Local Bus,21,4,Clear,1.04,18.5,33.63,11.53,5,14.4,Good,2.24,0,10.04,Moderate Delay
Urban,Local Bus,8,2,Cloudy,6.33,53.8,83.17,11.83,25,12.08,Good,7.11,0,16.76,Major Delay
Urban,Express Bus,22,1,Clear,7.14,56.15,49.47,3.2,11,17.66,Poor,8.16,0,12.4,Moderate Delay
Rural,Local Bus,7,3,Cloudy,0.29,100.0,53.36,3.0,18,14.12,Poor,16.15,0,24.09,Major Delay
Urban,Local Bus,18,4,Clear,11.27,45.9,68.44,19.03,27,4.73,Good,3.72,0,10.77,Moderate Delay
Urban,Local Bus,17,0,Clear,7.45,65.77,47.47,20.75,14,20.2,Average,8.67,0,16.73,Major Delay
Rural,Local Bus,19,6,Rain,1.63,51.7,67.18,3.0,22,6.2,Poor,0.0,1,22.74,Major Delay
Urban,Feeder Bus,7,4,Clear,0.19,63.84,34.96,16.51,28,10.92,Good,0.77,0,17.24,Major Delay
Urban,Local Bus,22,1,Rain,4.09,51.3,75.52,15.3,27,23.76,Poor,0.0,0,19.13,Major Delay
Urban,Local Bus,19,5,Rain,2.33,73.29,61.92,6.06,15,13.45,Average,2.95,0,21.92,Major Delay
Urban,Local Bus,6,5,Cloudy,0.55,23.79,57.93,19.39,16,6.89,Average,4.62,0,9.31,Moderate Delay
Urban,Local Bus,15,6,Rain,3.42,0.0,63.49,20.83,9,12.68,Average,8.71,0,18.16,Major Delay
Urban,Express Bus,19,5,Heavy Rain,1.91,57.6,57.6,20.36,9,13.61,Good,5.23,0,23.81,Major Delay
Urban,Express Bus,13,1,Clear,7.5,6.48,66.83,24.47,13,12.01,Average,10.18,0,7.84,Moderate Delay
Urban,Local Bus,11,1,Cloudy,0.1,78.17,53.85,20.0,33,8.47,Average,10.27,0,18.49,Major Delay
Urban,Express Bus,9,1,Clear,8.22,35.39,52.18,9.01,33,4.6,Good,3.7,0,21.7,Major Delay
Urban,Local Bus,14,6,Clear,3.15,24.12,22.64,14.1,30,5.18,Average,2.98,0,9.42,Moderate Delay
Urban,Feeder Bus,22,2,Cloudy,6.39,100.0,85.3,16.31,12,7.1,Poor,0.0,0,12.89,Moderate Delay
Rural,Express Bus,15,2,Rain,12.11,47.58,34.74,23.11,22,17.47,Poor,0.79,0,16.05,Major Delay
Urban,Local Bus,17,6,Rain,5.03,43.17,90.31,12.49,15,4.91,Average,0.0,0,15.0,Moderate Delay
Urban,Express Bus,19,1,Rain,8.1,65.2,53.15,10.21,13,11.78,Good,0.0,0,16.01,Major Delay
Urban,Feeder Bus,19,2,Rain,0.36,66.76,82.35,4.08,10,17.99,Good,1.38,0,21.08,Major Delay
Urban,Local Bus,12,2,Cloudy,0.45,74.2,78.84,19.24,33,14.25,Good,6.13,0,13.46,Moderate Delay
Urban,Feeder Bus,18,2,Clear,2.29,17.34,77.24,15.25,24,18.11,Average,4.95,0,10.56,Moderate Delay
Urban,Feeder Bus,10,4,Clear,1.51,60.33,58.93,8.8,26,8.07,Average,8.44,0,20.91,Major Delay
Urban,Local Bus,15,5,Cloudy,5.45,41.26,34.11,18.62,13,14.14,Poor,5.42,0,21.77,Major Delay
Rural,Express Bus,10,1,Rain,5.44,26.82,54.36,11.96,34,16.75,Good,0.54,1,15.83,Major Delay
Rural,Express Bus,21,0,Clear,9.9,49.11,51.71,6.05,11,15.71,Poor,7.28,0,19.02,Major Delay
Urban,Local Bus,18,4,Clear,3.12,6.34,55.96,21.98,10,15.45,Poor,0.0,0,20.87,Major Delay
Urban,Local Bus,15,3,Clear,0.36,69.23,33.45,3.0,22,5.03,Average,8.39,0,17.9,Major Delay
Urban,Feeder Bus,13,4,Cloudy,10.0,41.31,52.27,14.86,33,14.34,Poor,0.0,0,17.31,Major Delay
Urban,Express Bus,14,3,Clear,9.58,37.02,10.0,13.34,27,13.44,Good,0.0,0,10.49,Moderate Delay
Urban,Local Bus,19,5,Clear,2.32,44.83,51.99,4.17,33,10.25,Good,6.22,0,19.57,Major Delay
Rural,Local Bus,9,4,Clear,9.83,44.15,60.52,15.95,22,7.98,Good,1.95,0,5.5,Moderate Delay
Rural,Local Bus,19,5,Clear,2.53,74.24,42.36,9.84,12,13.25,Good,9.37,0,14.51,Moderate Delay
Rural,Feeder Bus,10,5,Cloudy,0.76,22.8,52.6,24.1,19,6.06,Good,8.31,0,6.92,Moderate Delay
Urban,Express Bus,7,3,Heavy Rain,7.92,39.21,61.25,20.02,19,8.84,Average,0.0,0,16.0,Major Delay
Rural,Local Bus,18,2,Clear,1.55,43.02,78.26,15.33,34,15.71,Good,11.12,1,21.15,Major Delay
Urban,Feeder Bus,17,4,Cloudy,8.84,23.5,79.09,3.0,13,16.21,Good,0.0,0,13.48,Moderate Delay
Urban,Feeder Bus,11,4,Cloudy,0.66,51.66,64.11,10.67,13,13.41,Good,5.82,1,15.38,Major Delay
Urban,Local Bus,16,4,Cloudy,18.48,31.35,57.41,10.2,17,8.7,Average,10.62,0,15.68,Major Delay
Rural,Local Bus,18,3,Clear,2.26,15.7,65.1,21.26,19,5.44,Poor,0.0,0,13.97,Moderate Delay
Urban,Express Bus,19,2,Clear,1.99,60.1,94.0,15.07,22,7.1,Good,14.06,0,16.26,Major Delay
Rural,Local Bus,22,0,Heavy Rain,7.39,83.59,68.03,15.9,10,17.43,Average,4.31,0,27.59,Major Delay
Urban,Local Bus,20,2,Heavy Rain,5.02,49.11,63.21,20.1,29,11.97,Poor,5.36,0,29.23,Major Delay
Rural,Express Bus,12,6,Clear,2.29,45.62,79.46,23.78,20,10.49,Average,9.37,0,8.95,Moderate Delay
Urban,Feeder Bus,9,5,Cloudy,1.91,45.14,58.96,22.75,19,11.82,Average,5.59,0,13.75,Moderate Delay
Urban,Local Bus,6,5,Clear,14.09,36.13,40.93,17.28,19,14.42,Average,0.0,0,15.16,Major Delay
Rural,Feeder Bus,15,5,Clear,2.92,74.91,67.18,12.37,32,5.87,Poor,0.0,0,15.54,Major Delay
Urban,Feeder Bus,16,6,Clear,3.06,50.16,61.41,16.61,28,8.57,Good,0.0,0,13.47,Moderate Delay
Urban,Local Bus,17,1,Rain,0.66,0.0,53.63,13.8,21,14.23,Average,0.0,0,16.08,Major Delay
Urban,Local Bus,5,5,Clear,11.61,75.58,68.87,18.72,18,12.2,Good,0.0,0,14.53,Moderate Delay
Urban,Express Bus,17,0,Clear,1.03,69.94,21.75,10.59,11,16.53,Good,0.34,0,14.81,Moderate Delay
Urban,Express Bus,19,1,Clear,0.88,61.84,47.19,19.42,9,14.77,Average,0.0,1,15.58,Major Delay
Urban,Local Bus,17,0,Clear,8.28,0.0,40.43,14.28,33,7.14,Average,0.0,0,20.36,Major Delay
Urban,Express Bus,14,3,Clear,4.56,47.93,42.5,16.32,33,2.0,Poor,6.23,1,14.86,Moderate Delay
Rural,Express Bus,5,0,Cloudy,3.35,68.55,54.92,6.82,13,12.02,Poor,8.71,0,12.3,Moderate Delay
Urban,Express Bus,13,2,Cloudy,3.57,56.73,39.8,12.36,13,5.77,Average,0.0,0,11.45,Moderate Delay
Urban,Express Bus,16,0,Clear,3.42,52.72,91.54,16.68,30,13.54,Average,6.95,0,14.54,Moderate Delay
Urban,Local Bus,15,0,Clear,1.34,68.6,67.03,12.91,12,18.95,Poor,0.0,0,17.59,Major Delay
Urban,Local Bus,15,3,Rain,2.85,51.2,42.11,3.0,25,5.85,Good,4.85,0,17.47,Major Delay
Urban,Local Bus,14,2,Clear,2.39,75.68,23.19,6.6,32,14.23,Good,9.42,0,11.08,Moderate Delay
Rural,Feeder Bus,14,2,Clear,10.56,51.72,46.33,16.05,32,15.35,Good,6.08,1,7.67,Moderate Delay
Rural,Feeder Bus,10,2,Rain,14.77,49.89,51.41,23.03,24,12.73,Average,3.37,0,19.97,Major Delay
Urban,Express Bus,15,2,Cloudy,3.69,68.53,45.3,12.6,8,12.64,Average,0.0,0,5.86,Moderate Delay
Urban,Local Bus,10,0,Clear,1.87,38.83,100.0,11.07,31,2.0,Average,12.95,0,18.31,Major Delay
Urban,Express Bus,13,3,Clear,12.07,22.76,24.92,20.31,10,11.33,Good,13.2,0,8.29,Moderate Delay
Urban,Local Bus,12,5,Clear,4.51,48.09,59.02,14.07,13,10.96,Average,7.0,1,16.65,Major Delay
Urban,Local Bus,17,0,Clear,2.95,61.58,55.4,18.46,10,16.25,Average,10.16,0,19.89,Major Delay
Urban,Local Bus,21,1,Rain,5.09,69.28,53.02,12.23,6,15.8,Poor,3.51,0,22.02,Major Delay
Urban,Feeder Bus,16,5,Cloudy,5.55,69.41,19.21,11.56,10,8.45,Good,7.31,0,12.22,Moderate Delay
Urban,Local Bus,7,3,Clear,1.69,46.42,57.14,18.93,17,2.0,Average,7.7,0,17.46,Major Delay
Urban,Express Bus,17,1,Clear,1.59,44.06,61.61,18.03,5,3.02,Average,3.18,0,7.4,Moderate Delay
Urban,Feeder Bus,10,5,Clear,1.13,34.38,72.19,12.08,12,18.04,Average,0.0,0,11.45,Moderate Delay
Urban,Express Bus,5,2,Clear,3.0,53.75,67.66,7.25,9,10.61,Good,7.88,0,23.76,Major Delay
Urban,Local Bus,8,4,Cloudy,2.23,10.25,82.37,3.98,26,3.77,Good,12.89,0,17.62,Major Delay
Rural,Feeder Bus,22,3,Clear,10.07,48.52,17.08,4.78,25,4.39,Good,9.71,0,14.29,Moderate Delay
Urban,Express Bus,12,1,Rain,16.86,100.0,53.3,10.2,11,12.15,Average,5.2,0,13.41,Moderate Delay
Urban,Local Bus,8,5,Rain,4.4,13.41,100.0,15.9,30,11.6,Average,4.82,0,23.25,Major Delay
Urban,Express Bus,7,4,Rain,10.08,51.61,79.2,4.01,7,19.28,Average,5.11,0,17.48,Major Delay
Rural,Feeder Bus,16,1,Rain,1.06,56.69,28.93,4.4,9,10.6,Average,0.0,0,11.03,Moderate Delay
Urban,Local Bus,18,5,Heavy Rain,2.35,59.65,59.76,16.27,19,12.93,Good,2.97,0,28.07,Major Delay
Rural,Local Bus,11,4,Heavy Rain,3.03,25.77,37.05,23.41,32,10.79,Good,2.42,0,22.58,Major Delay
Rural,Local Bus,6,5,Clear,1.66,59.86,49.37,20.53,13,15.09,Average,0.0,0,11.68,Moderate Delay
Urban,Local Bus,11,5,Clear,3.15,35.71,97.99,3.0,33,19.8,Average,8.77,0,20.19,Major Delay
Urban,Express Bus,16,2,Clear,13.68,15.17,77.17,16.35,12,15.72,Average,4.91,0,10.14,Moderate Delay
Urban,Local Bus,7,6,Cloudy,3.23,69.9,27.6,19.73,23,20.86,Average,0.0,1,14.66,Moderate Delay
Rural,Local Bus,9,0,Cloudy,5.41,63.29,42.7,11.03,14,13.7,Poor,4.67,0,18.56,Major Delay
Urban,Local Bus,5,2,Clear,1.99,25.77,58.02,12.58,22,3.07,Poor,9.88,0,17.62,Major Delay
Rural,Local Bus,13,4,Rain,4.28,35.49,52.71,16.0,14,6.88,Average,0.52,0,17.49,Major Delay
Urban,Local Bus,8,3,Rain,4.86,34.66,64.26,16.93,12,15.1,Good,0.0,0,18.01,Major Delay
Urban,Express Bus,8,1,Cloudy,6.98,10.2,42.51,16.26,18,9.79,Good,0.0,0,5.72,Moderate Delay
Urban,Local Bus,7,1,Clear,1.75,65.54,50.68,18.35,14,11.01,Average,4.0,0,8.55,Moderate Delay
Rural,Local Bus,18,5,Clear,2.47,66.4,42.28,15.29,22,6.95,Good,0.0,0,11.58,Moderate Delay
Urban,Feeder Bus,13,6,Cloudy,7.67,40.35,50.65,10.25,19,18.22,Good,0.0,0,7.29,Moderate Delay
Urban,Feeder Bus,22,4,Clear,1.97,47.35,72.08,11.32,21,18.66,Good,11.6,0,14.61,Moderate Delay
Rural,Local Bus,12,3,Cloudy,0.69,50.64,63.93,9.32,9,9.86,Poor,4.52,0,17.42,Major Delay
Rural,Local Bus,8,5,Clear,1.66,53.62,43.97,11.23,22,9.9,Good,0.88,0,13.98,Moderate Delay
Urban,Local Bus,8,1,Clear,7.44,17.01,80.65,17.37,26,17.38,Average,11.87,0,17.14,Major Delay
Urban,Local Bus,22,6,Clear,8.51,59.23,79.27,9.36,8,16.23,Poor,4.87,0,19.79,Major Delay
Urban,Local Bus,15,0,Cloudy,6.24,20.96,57.98,20.42,11,2.85,Average,2.83,0,16.57,Major Delay
Rural,Feeder Bus,10,4,Clear,9.81,63.67,52.84,8.07,6,14.4,Good,4.59,0,14.33,Moderate Delay
Urban,Express Bus,16,2,Heavy Rain,12.78,23.51,93.25,15.22,11,13.48,Average,0.86,0,19.76,Major Delay
Rural,Local Bus,15,6,Clear,6.56,18.1,90.14,19.01,32,11.93,Average,2.8,0,12.54,Moderate Delay
Urban,Feeder Bus,7,1,Rain,2.73,47.36,27.7,16.69,7,6.61,Good,6.42,0,14.62,Moderate Delay
Urban,Local Bus,17,4,Clear,0.39,46.84,81.89,3.0,11,6.72,Average,11.91,0,23.61,Major Delay
Urban,Local Bus,7,1,Clear,0.61,50.39,92.48,14.8,9,2.0,Good,0.75,0,13.48,Moderate Delay
Urban,Local Bus,8,1,Heavy Rain,1.16,27.47,71.13,9.57,29,7.72,Average,6.64,0,23.17,Major Delay
Rural,Local Bus,17,2,Rain,8.8,52.66,48.66,6.07,22,2.0,Poor,0.0,0,24.2,Major Delay
Urban,Feeder Bus,13,5,Cloudy,1.29,54.83,51.09,15.34,6,8.3,Average,6.03,0,12.06,Moderate Delay
Urban,Local Bus,8,1,Rain,1.27,74.81,92.21,6.51,12,13.01,Poor,12.52,0,28.21,Major Delay
Rural,Express Bus,6,4,Clear,1.46,52.26,74.71,15.47,25,5.16,Good,3.62,0,10.96,Moderate Delay
Rural,Local Bus,15,3,Rain,3.14,34.21,68.95,22.74,27,17.66,Poor,0.61,0,20.67,Major Delay
Rural,Feeder Bus,17,6,Clear,4.4,17.02,100.0,15.81,23,20.78,Average,0.84,0,18.09,Major Delay
Urban,Express Bus,8,2,Rain,4.39,12.8,37.85,12.6,21,12.18,Good,5.92,0,18.07,Major Delay
Urban,Local Bus,12,1,Heavy Rain,1.52,55.43,56.19,13.04,18,14.04,Poor,3.8,0,27.96,Major Delay
Rural,Local Bus,11,6,Rain,8.3,66.24,61.8,19.48,30,2.91,Poor,1.48,0,24.88,Major Delay
Urban,Feeder Bus,21,2,Rain,2.89,27.52,53.77,12.17,16,11.92,Good,6.77,1,15.92,Major Delay
Urban,Local Bus,19,1,Cloudy,7.28,53.87,21.19,11.21,33,3.97,Average,0.0,0,11.48,Moderate Delay
Rural,Local Bus,9,5,Cloudy,3.36,43.99,78.08,8.41,30,2.38,Good,7.83,0,16.01,Major Delay
Urban,Feeder Bus,14,5,Clear,1.45,64.52,42.98,8.64,32,4.67,Good,1.92,0,22.63,Major Delay
Urban,Local Bus,21,0,Rain,2.07,67.92,42.62,19.36,26,10.23,Good,6.79,0,16.69,Major Delay
Rural,Local Bus,11,5,Cloudy,1.08,0.0,50.82,11.08,15,10.8,Average,7.7,0,5.39,Moderate Delay
Urban,Local Bus,7,4,Clear,0.32,71.74,53.4,17.33,24,10.64,Good,0.0,0,24.16,Major Delay
Urban,Local Bus,10,1,Rain,3.81,53.8,55.57,17.82,18,5.18,Good,3.15,1,20.16,Major Delay
Urban,Local Bus,15,3,Clear,0.85,35.78,77.27,8.26,32,11.53,Poor,0.0,0,15.04,Major Delay
Urban,Local Bus,22,1,Rain,0.5,36.42,81.38,9.23,32,7.52,Average,0.0,0,14.2,Moderate Delay
Urban,Local Bus,10,1,Rain,6.94,48.73,52.81,17.46,7,11.64,Average,2.33,0,18.08,Major Delay
Rural,Local Bus,6,0,Clear,10.37,36.41,46.04,14.84,27,9.82,Good,5.04,0,14.85,Moderate Delay
Rural,Local Bus,8,1,Clear,1.28,26.45,55.43,12.93,27,2.0,Good,0.0,1,16.75,Major Delay
Urban,Feeder Bus,12,4,Rain,35.0,31.72,40.13,16.77,23,7.6,Average,4.86,1,22.52,Major Delay
Urban,Express Bus,6,5,Clear,6.75,24.08,57.43,20.07,34,13.72,Good,0.0,0,4.85,On Time / Minor
Rural,Local Bus,5,3,Heavy Rain,3.77,78.97,39.08,13.77,7,15.19,Average,3.84,0,16.08,Major Delay
Urban,Local Bus,16,0,Clear,0.12,49.29,100.0,10.59,34,4.84,Poor,16.15,0,22.63,Major Delay
Urban,Express Bus,19,3,Clear,5.32,99.82,60.56,14.7,5,7.18,Good,1.91,0,16.63,Major Delay
Urban,Local Bus,9,5,Clear,0.7,56.53,47.24,9.17,10,8.76,Average,0.0,0,12.88,Moderate Delay
Rural,Local Bus,14,5,Rain,0.89,61.54,72.12,14.86,24,16.86,Average,3.41,0,10.39,Moderate Delay
Urban,Express Bus,15,5,Cloudy,5.87,23.58,33.36,14.01,29,13.35,Good,2.55,0,12.78,Moderate Delay
Urban,Local Bus,17,2,Rain,16.6,42.98,43.77,9.1,32,4.6,Average,1.77,0,10.06,Moderate Delay
Urban,Express Bus,22,4,Heavy Rain,3.95,49.67,66.48,11.57,6,13.46,Average,3.67,0,16.72,Major Delay
Urban,Feeder Bus,20,0,Cloudy,8.21,33.34,60.71,12.05,29,17.34,Good,2.58,0,18.09,Major Delay
Urban,Feeder Bus,10,2,Clear,16.34,37.31,78.98,18.4,25,12.08,Good,0.0,0,17.16,Major Delay
Urban,Local Bus,22,3,Clear,0.31,57.66,10.0,8.75,17,7.12,Average,7.62,0,7.41,Moderate Delay
Urban,Local Bus,5,0,Rain,5.96,58.11,74.36,9.14,24,15.24,Average,10.07,0,24.46,Major Delay
Urban,Local Bus,22,0,Clear,10.68,17.25,47.13,11.76,16,11.92,Poor,1.64,0,19.73,Major Delay
Urban,Express Bus,7,5,Rain,9.26,54.53,34.59,17.38,18,9.75,Average,5.25,0,18.55,Major Delay
Urban,Feeder Bus,7,1,Rain,10.0,60.72,23.54,18.36,11,15.47,Good,0.0,0,13.76,Moderate Delay
Urban,Feeder Bus,7,0,Cloudy,1.76,34.42,46.89,15.57,15,10.98,Poor,3.41,0,18.12,Major Delay
Urban,Local Bus,7,4,Cloudy,4.56,32.09,89.8,18.29,24,11.4,Average,13.12,0,17.3,Major Delay
Rural,Feeder Bus,13,1,Heavy Rain,10.79,58.15,77.38,20.97,12,15.3,Good,7.5,0,23.51,Major Delay
Urban,Local Bus,16,6,Rain,5.76,0.0,90.69,14.95,28,8.5,Good,4.27,0,21.48,Major Delay
Rural,Feeder Bus,18,6,Cloudy,0.56,48.05,55.72,9.19,15,5.22,Good,3.28,0,10.83,Moderate Delay
Rural,Local Bus,5,5,Clear,0.77,85.59,60.14,13.54,32,12.63,Good,2.01,0,17.41,Major Delay
Urban,Local Bus,10,2,Clear,9.51,0.0,26.41,5.83,7,18.78,Average,5.6,0,16.9,Major Delay
Urban,Local Bus,7,6,Clear,6.11,66.93,26.41,16.37,15,2.0,Good,8.64,0,13.35,Moderate Delay
Rural,Feeder Bus,7,1,Heavy Rain,7.28,60.52,55.07,11.05,14,14.67,Poor,0.99,0,15.75,Major Delay
Urban,Local Bus,18,1,Cloudy,5.09,14.92,30.48,14.67,22,11.17,Average,7.26,0,15.68,Major Delay
Urban,Local Bus,16,6,Rain,7.32,59.97,40.86,13.49,20,8.33,Good,0.0,0,4.17,On Time / Minor
Urban,Local Bus,8,4,Clear,7.26,71.03,58.87,11.7,6,7.77,Poor,1.31,0,23.74,Major Delay
Urban,Local Bus,10,0,Rain,0.02,20.94,83.45,15.35,20,15.51,Average,0.0,0,20.66,Major Delay
Urban,Feeder Bus,21,6,Clear,0.15,31.73,58.2,13.25,20,14.4,Good,4.3,0,10.69,Moderate Delay
Rural,Local Bus,15,1,Rain,1.3,48.6,30.79,10.22,22,5.81,Good,3.92,0,17.11,Major Delay
Rural,Local Bus,9,4,Clear,5.07,70.49,21.56,7.41,21,12.52,Average,5.48,0,11.67,Moderate Delay
Urban,Express Bus,21,3,Rain,4.55,35.55,60.4,16.14,26,17.86,Average,5.04,0,19.95,Major Delay
Rural,Local Bus,8,0,Cloudy,0.8,47.03,45.42,6.76,26,14.49,Average,7.12,0,17.92,Major Delay
Urban,Local Bus,10,5,Clear,12.83,32.71,60.32,24.77,8,2.66,Average,13.92,1,19.34,Major Delay
Rural,Local Bus,17,4,Clear,7.08,48.56,53.92,21.72,24,14.23,Average,7.16,0,14.82,Moderate Delay
Urban,Local Bus,14,6,Clear,0.15,72.07,56.59,4.46,30,4.76,Poor,0.0,0,17.01,Major Delay
Rural,Local Bus,6,4,Clear,3.99,50.44,82.03,17.77,18,12.09,Average,2.26,0,15.97,Major Delay
Rural,Local Bus,19,5,Clear,0.69,39.78,79.07,20.83,15,7.26,Average,3.32,0,11.17,Moderate Delay
Urban,Local Bus,9,6,Clear,4.93,47.25,65.38,10.48,20,13.01,Good,0.0,0,10.26,Moderate Delay
Urban,Express Bus,17,6,Clear,3.22,29.59,40.1,16.11,10,7.65,Average,7.65,0,15.27,Major Delay
Rural,Feeder Bus,11,3,Clear,2.19,25.13,46.98,13.25,18,5.77,Good,12.44,0,12.46,Moderate Delay
Urban,Feeder Bus,18,0,Rain,8.55,75.68,73.26,18.09,10,12.57,Average,0.0,0,15.06,Major Delay
Urban,Local Bus,21,2,Clear,8.41,85.67,84.03,11.32,15,11.58,Good,9.82,0,17.4,Major Delay
Rural,Local Bus,18,4,Clear,1.58,6.8,32.53,20.08,29,15.11,Average,8.87,0,14.19,Moderate Delay
Urban,Feeder Bus,21,0,Rain,9.29,61.39,88.55,13.14,32,8.35,Good,4.87,0,15.9,Major Delay
Urban,Express Bus,14,0,Clear,1.69,67.76,42.41,12.1,19,3.43,Average,7.65,0,12.96,Moderate Delay
Urban,Local Bus,6,2,Cloudy,0.44,20.13,71.38,17.89,33,14.38,Good,0.0,0,12.92,Moderate Delay
Urban,Local Bus,14,6,Heavy Rain,0.16,37.15,100.0,19.4,12,18.23,Poor,9.25,0,28.88,Major Delay
Rural,Local Bus,13,2,Rain,1.85,34.73,26.21,3.0,12,8.11,Good,9.83,1,17.65,Major Delay
Urban,Local Bus,17,6,Cloudy,2.08,91.72,68.1,3.0,32,13.43,Average,5.89,0,19.62,Major Delay
Urban,Local Bus,9,5,Cloudy,4.12,86.01,51.72,16.05,23,9.44,Average,5.03,0,16.45,Major Delay
Urban,Local Bus,17,2,Rain,1.29,26.81,66.94,10.03,22,20.66,Good,0.0,0,18.87,Major Delay
Rural,Feeder Bus,12,1,Rain,9.15,14.44,45.62,6.07,15,8.37,Average,8.23,0,8.04,Moderate Delay
Urban,Express Bus,17,5,Clear,0.23,65.78,10.0,11.76,24,10.77,Poor,3.57,0,11.12,Moderate Delay
Rural,Express Bus,12,5,Cloudy,1.65,60.51,42.92,31.47,33,2.0,Average,2.82,0,9.79,Moderate Delay
Rural,Local Bus,11,4,Rain,0.58,76.61,64.94,6.02,12,18.87,Poor,8.22,0,21.1,Major Delay
Rural,Express Bus,8,6,Rain,3.11,23.64,84.98,19.31,27,8.33,Good,2.06,0,17.49,Major Delay
Rural,Express Bus,19,0,Clear,0.22,64.64,66.11,9.43,16,17.49,Poor,0.0,0,10.68,Moderate Delay
Rural,Local Bus,6,2,Clear,2.28,31.17,87.46,5.29,15,7.65,Poor,8.94,0,15.66,Major Delay
Rural,Express Bus,9,4,Cloudy,1.57,62.33,48.13,10.33,14,10.61,Average,0.0,0,11.96,Moderate Delay
Urban,Express Bus,12,0,Clear,2.29,47.15,46.5,5.47,30,7.09,Average,7.14,0,12.02,Moderate Delay
Rural,Feeder Bus,7,6,Cloudy,2.61,91.71,64.86,4.59,12,6.33,Average,0.0,0,12.81,Moderate Delay
Urban,Local Bus,21,4,Clear,14.95,58.29,50.5,9.65,17,9.53,Average,0.0,0,11.88,Moderate Delay
Urban,Feeder Bus,11,2,Clear,5.19,40.78,80.45,7.46,31,10.31,Average,6.79,0,17.1,Major Delay
Rural,Local Bus,9,1,Clear,5.13,51.17,29.89,13.12,19,9.18,Good,5.12,1,14.25,Moderate Delay
Rural,Local Bus,9,0,Rain,1.53,45.69,75.25,15.01,8,3.39,Average,0.34,0,14.75,Moderate Delay
Rural,Local Bus,8,4,Rain,8.16,21.45,82.16,9.27,34,12.42,Good,0.0,0,13.62,Moderate Delay
Urban,Local Bus,16,6,Rain,9.13,92.27,65.3,17.78,7,2.0,Average,5.19,0,26.03,Major Delay
Urban,Local Bus,13,0,Rain,6.26,84.77,76.25,10.02,31,9.31,Average,1.16,1,23.6,Major Delay
Urban,Local Bus,9,2,Heavy Rain,5.71,43.95,45.02,13.08,16,3.1,Good,7.45,0,26.34,Major Delay
Urban,Express Bus,20,4,Clear,0.39,64.1,41.37,3.0,24,15.5,Good,0.62,0,11.68,Moderate Delay
Urban,Local Bus,16,3,Clear,4.96,95.18,65.04,14.49,24,17.16,Good,1.37,0,16.12,Major Delay
Urban,Feeder Bus,12,4,Rain,12.04,76.45,43.56,27.51,13,13.96,Average,9.04,0,19.1,Major Delay
Urban,Local Bus,14,4,Cloudy,5.21,40.93,64.01,18.77,14,8.62,Good,0.0,1,13.55,Moderate Delay
Rural,Express Bus,16,6,Clear,7.16,45.98,64.03,12.96,9,7.29,Good,0.0,1,10.47,Moderate Delay
Urban,Feeder Bus,7,4,Heavy Rain,2.31,8.5,56.65,7.05,11,9.73,Good,0.0,0,18.14,Major Delay
Rural,Feeder Bus,19,4,Clear,1.37,65.82,63.65,23.79,6,10.73,Good,4.71,0,11.01,Moderate Delay
Urban,Express Bus,9,2,Rain,0.7,76.59,70.69,13.03,6,13.41,Good,13.06,0,17.38,Major Delay
Urban,Express Bus,5,1,Cloudy,10.38,76.74,56.0,9.96,17,12.99,Good,4.26,0,16.24,Major Delay
Urban,Local Bus,14,0,Clear,2.92,64.12,48.46,10.11,29,2.0,Average,0.0,0,10.79,Moderate Delay
Urban,Local Bus,20,0,Rain,9.21,56.1,74.45,26.44,16,14.31,Average,0.0,0,24.95,Major Delay
Rural,Local Bus,18,5,Rain,1.97,25.05,63.47,13.29,27,12.93,Poor,5.55,0,23.1,Major Delay
Urban,Local Bus,10,0,Cloudy,9.78,55.35,67.02,16.7,14,7.09,Good,0.0,0,13.31,Moderate Delay
Urban,Local Bus,12,3,Cloudy,3.65,33.47,69.65,12.78,24,6.16,Good,0.0,0,15.66,Major Delay
Rural,Local Bus,15,4,Clear,2.28,60.08,60.97,13.61,20,11.31,Good,4.48,0,15.61,Major Delay
Rural,Feeder Bus,9,4,Clear,2.3,30.43,51.12,11.45,26,11.9,Average,7.92,0,15.88,Major Delay
Urban,Feeder Bus,19,0,Clear,7.88,59.93,45.66,22.53,25,5.49,Good,8.05,1,16.5,Major Delay
Urban,Feeder Bus,10,6,Clear,5.2,78.43,56.23,14.26,30,11.29,Good,5.23,1,13.18,Moderate Delay
Urban,Express Bus,8,3,Clear,7.92,56.67,67.64,5.55,21,11.92,Average,9.48,0,14.24,Moderate Delay
Urban,Local Bus,6,0,Cloudy,11.89,55.55,68.57,16.36,12,15.29,Good,2.56,0,14.04,Moderate Delay
Urban,Local Bus,17,0,Clear,2.68,69.0,60.88,13.31,7,10.44,Average,1.61,1,19.64,Major Delay
Urban,Express Bus,5,6,Cloudy,6.36,88.72,65.04,16.29,28,2.0,Average,3.24,0,14.78,Moderate Delay
Rural,Express Bus,19,6,Clear,3.13,45.53,35.91,12.01,11,12.26,Average,4.98,0,12.61,Moderate Delay
Urban,Local Bus,22,5,Clear,2.09,59.98,48.71,10.75,8,2.55,Good,22.95,0,14.62,Moderate Delay
Urban,Local Bus,7,2,Heavy Rain,5.27,82.76,71.42,19.36,17,6.75,Good,2.52,0,24.97,Major Delay
Urban,Local Bus,6,6,Heavy Rain,0.38,63.39,41.33,25.15,32,4.25,Average,4.4,0,28.88,Major Delay
Rural,Local Bus,21,1,Rain,8.71,1.95,60.83,3.0,14,13.47,Good,12.19,0,15.94,Major Delay
Urban,Local Bus,7,1,Clear,4.68,31.54,59.03,14.49,21,5.57,Good,6.27,1,16.32,Major Delay
Rural,Local Bus,12,5,Rain,1.46,65.27,55.72,10.76,18,16.0,Average,0.0,0,16.51,Major Delay
Rural,Express Bus,20,2,Clear,4.8,38.8,71.58,8.53,27,5.21,Good,12.1,0,16.72,Major Delay
Urban,Feeder Bus,7,3,Cloudy,0.19,81.13,62.54,3.0,29,2.0,Good,5.12,1,19.22,Major Delay
Urban,Local Bus,16,4,Rain,0.66,90.73,34.05,16.16,19,9.26,Average,0.0,0,19.69,Major Delay
Urban,Express Bus,11,1,Clear,0.67,34.42,68.32,11.1,18,4.36,Average,1.47,0,13.76,Moderate Delay
Urban,Feeder Bus,12,6,Heavy Rain,0.55,24.25,47.86,10.74,17,17.58,Good,0.0,1,25.57,Major Delay
Rural,Local Bus,21,1,Rain,2.77,39.69,30.72,21.22,26,7.6,Average,1.13,0,15.7,Major Delay
Urban,Express Bus,16,6,Clear,4.77,38.36,72.85,11.36,26,16.77,Poor,3.32,0,16.22,Major Delay
Rural,Local Bus,10,1,Clear,26.46,83.33,34.28,11.11,12,9.47,Good,7.11,0,16.72,Major Delay
Urban,Express Bus,21,2,Rain,9.95,24.19,50.91,5.98,14,12.78,Average,9.84,0,15.25,Major Delay
Urban,Local Bus,15,1,Clear,0.09,65.08,63.87,8.55,26,8.35,Good,10.02,0,16.52,Major Delay
Urban,Feeder Bus,6,3,Clear,15.29,79.92,56.53,22.8,22,22.89,Poor,11.51,0,25.1,Major Delay
Urban,Feeder Bus,12,0,Clear,1.48,66.84,45.51,17.67,26,5.26,Good,2.5,0,10.11,Moderate Delay
Urban,Local Bus,9,1,Heavy Rain,5.91,58.04,38.13,21.73,5,2.0,Good,0.0,0,13.33,Moderate Delay
Urban,Local Bus,16,3,Clear,2.87,44.27,42.8,8.96,31,12.3,Poor,0.0,0,17.2,Major Delay
Urban,Local Bus,20,4,Heavy Rain,16.12,90.53,36.45,16.17,30,5.88,Average,7.37,1,29.3,Major Delay
Rural,Express Bus,5,6,Cloudy,9.21,42.36,55.47,20.29,31,12.02,Good,3.2,0,14.03,Moderate Delay
Urban,Express Bus,19,5,Clear,14.21,69.81,47.09,17.48,10,10.65,Average,10.99,0,14.63,Moderate Delay
Rural,Local Bus,21,6,Clear,6.24,44.35,30.42,23.48,21,8.35,Poor,5.82,0,12.87,Moderate Delay
Urban,Feeder Bus,22,5,Rain,1.96,5.64,52.22,16.41,23,8.97,Average,0.0,0,11.2,Moderate Delay
Urban,Local Bus,16,5,Clear,7.15,41.8,45.14,13.99,13,13.05,Good,0.48,0,8.82,Moderate Delay
Urban,Local Bus,10,2,Clear,11.9,44.41,63.36,3.0,30,9.19,Good,5.64,0,14.26,Moderate Delay
Urban,Local Bus,7,6,Clear,1.18,44.7,65.24,16.5,6,10.24,Poor,0.0,0,12.13,Moderate Delay
Urban,Local Bus,22,6,Rain,5.49,32.81,84.84,17.59,25,8.51,Good,11.03,0,10.56,Moderate Delay
Urban,Local Bus,12,3,Cloudy,8.29,62.39,70.96,20.89,22,19.14,Good,1.3,1,20.17,Major Delay
Rural,Local Bus,11,0,Cloudy,1.74,64.95,36.24,9.23,19,17.55,Good,1.89,0,13.07,Moderate Delay
Urban,Local Bus,18,0,Clear,2.32,40.97,14.54,13.8,28,3.64,Good,0.0,0,19.1,Major Delay
Urban,Feeder Bus,17,3,Clear,3.16,40.77,27.63,4.46,20,11.01,Average,13.69,0,11.08,Moderate Delay
Urban,Local Bus,19,4,Rain,5.55,23.83,47.95,4.32,7,6.93,Good,2.52,1,24.28,Major Delay
Urban,Feeder Bus,20,3,Clear,3.66,53.85,25.84,17.08,18,4.77,Good,4.95,0,11.34,Moderate Delay
Urban,Express Bus,20,6,Heavy Rain,4.08,79.69,45.68,21.6,33,2.0,Good,0.0,0,13.81,Moderate Delay
Urban,Express Bus,8,3,Rain,17.6,79.71,58.65,21.81,6,9.37,Good,1.53,0,7.87,Moderate Delay
Urban,Local Bus,8,4,Clear,3.51,34.22,46.74,16.63,6,9.76,Good,5.04,0,10.29,Moderate Delay
Urban,Express Bus,8,5,Rain,13.32,93.8,63.57,26.28,28,17.78,Good,5.67,0,22.2,Major Delay
Rural,Local Bus,16,6,Cloudy,24.35,39.67,45.83,11.64,8,16.24,Average,6.38,0,14.95,Moderate Delay
Urban,Local Bus,15,4,Cloudy,1.34,24.63,42.76,19.39,33,13.46,Good,8.56,0,12.44,Moderate Delay
Rural,Local Bus,20,3,Clear,9.44,16.68,92.16,6.09,21,14.69,Good,6.97,0,19.65,Major Delay
Urban,Local Bus,20,0,Rain,2.13,23.25,57.34,3.0,26,15.26,Average,6.23,0,20.49,Major Delay
Urban,Feeder Bus,19,4,Clear,9.05,55.68,60.24,11.11,25,13.44,Average,0.21,0,10.46,Moderate Delay
Rural,Feeder Bus,6,1,Rain,2.04,42.08,74.88,13.28,31,17.92,Average,2.37,0,21.66,Major Delay
Urban,Express Bus,17,2,Clear,7.85,33.46,75.54,15.41,34,4.65,Poor,0.0,0,12.85,Moderate Delay
Rural,Local Bus,20,3,Clear,4.21,28.51,50.68,12.88,31,8.56,Good,1.0,0,9.11,Moderate Delay
Urban,Feeder Bus,22,0,Heavy Rain,12.31,23.02,78.92,16.17,25,7.86,Good,5.63,0,18.91,Major Delay
Urban,Express Bus,11,4,Clear,2.0,27.53,49.02,24.44,15,8.24,Good,5.51,0,9.14,Moderate Delay
Rural,Local Bus,18,1,Clear,3.47,71.35,78.32,18.43,14,10.24,Good,6.81,1,15.59,Major Delay
Urban,Local Bus,12,3,Rain,1.87,89.48,33.32,9.41,15,19.16,Poor,10.86,0,16.33,Major Delay
Urban,Express Bus,7,2,Clear,0.62,90.9,51.87,3.0,34,15.48,Average,0.0,0,14.6,Moderate Delay
Urban,Local Bus,11,2,Rain,5.34,63.8,62.45,7.55,18,17.12,Average,0.0,0,21.66,Major Delay
Urban,Local Bus,9,2,Rain,3.48,36.68,65.22,22.06,6,10.61,Poor,2.19,0,19.17,Major Delay
Rural,Express Bus,21,0,Clear,0.17,32.64,41.13,10.98,7,10.38,Average,10.87,1,16.01,Major Delay
Urban,Local Bus,8,1,Cloudy,12.68,65.39,25.02,18.07,21,13.89,Good,10.71,0,18.37,Major Delay
Urban,Local Bus,7,5,Heavy Rain,3.99,42.33,67.21,17.84,6,13.16,Poor,4.49,0,22.6,Major Delay
Rural,Local Bus,15,0,Heavy Rain,1.8,57.47,53.87,13.67,25,13.16,Good,2.07,0,16.79,Major Delay
Urban,Express Bus,15,3,Cloudy,7.95,92.4,50.19,13.48,5,22.59,Good,4.81,0,13.08,Moderate Delay
Rural,Feeder Bus,15,0,Cloudy,10.21,52.99,91.09,10.01,25,13.93,Average,9.1,0,17.75,Major Delay
Urban,Feeder Bus,7,3,Cloudy,0.74,100.0,52.14,27.36,20,7.06,Poor,0.0,0,18.52,Major Delay
Urban,Express Bus,13,4,Clear,0.56,22.08,47.66,8.26,25,7.48,Average,0.65,0,10.63,Moderate Delay
Rural,Express Bus,21,3,Cloudy,2.33,58.29,22.0,20.73,21,15.21,Good,3.98,1,10.71,Moderate Delay
Urban,Express Bus,6,5,Clear,5.7,55.22,36.34,18.98,16,14.82,Poor,9.1,1,16.67,Major Delay
Urban,Local Bus,19,1,Clear,14.65,25.37,75.52,17.69,7,15.89,Average,7.68,0,13.39,Moderate Delay
Urban,Local Bus,7,3,Clear,18.59,66.44,43.49,13.28,22,13.6,Average,0.0,0,13.06,Moderate Delay
Rural,Express Bus,9,1,Rain,4.44,83.21,70.57,5.12,10,5.8,Good,7.69,0,18.92,Major Delay
Rural,Express Bus,21,3,Clear,11.87,98.66,32.15,7.11,31,18.68,Good,3.43,0,9.49,Moderate Delay
Urban,Local Bus,10,0,Clear,11.15,57.46,40.62,9.35,27,17.71,Good,6.68,0,10.29,Moderate Delay
Urban,Feeder Bus,14,1,Clear,3.49,4.3,40.11,16.22,33,9.07,Poor,2.42,0,12.56,Moderate Delay
Rural,Express Bus,11,4,Clear,2.26,58.97,67.54,19.34,20,12.83,Poor,6.0,0,15.47,Major Delay
Urban,Local Bus,16,5,Heavy Rain,6.11,65.07,53.76,15.88,32,11.93,Good,3.73,0,21.12,Major Delay
Urban,Local Bus,12,1,Clear,4.56,42.59,35.79,15.56,28,9.14,Good,0.78,0,7.36,Moderate Delay
Urban,Local Bus,12,1,Clear,1.67,52.95,72.29,20.25,29,5.2,Good,0.0,1,19.19,Major Delay
Urban,Local Bus,19,2,Heavy Rain,3.5,36.88,67.89,3.0,11,13.87,Average,2.54,0,23.61,Major Delay
Rural,Local Bus,14,1,Clear,2.55,44.93,64.81,3.0,28,3.54,Average,0.0,0,17.53,Major Delay
Rural,Local Bus,15,6,Clear,3.87,71.4,63.9,4.71,22,8.02,Average,1.29,0,14.49,Moderate Delay
Rural,Local Bus,19,4,Rain,10.19,79.95,40.92,19.55,28,19.56,Good,1.89,0,20.13,Major Delay
Urban,Local Bus,12,2,Rain,2.52,18.77,83.17,3.0,12,13.08,Good,8.68,0,12.72,Moderate Delay
Urban,Express Bus,19,3,Clear,5.05,36.24,55.98,13.94,12,12.92,Poor,6.82,0,4.88,On Time / Minor
Urban,Express Bus,17,3,Rain,3.42,11.47,63.36,8.54,33,9.53,Average,13.56,0,19.01,Major Delay
Urban,Local Bus,20,3,Cloudy,3.38,90.28,65.66,14.93,17,3.19,Good,0.0,0,10.88,Moderate Delay
Urban,Local Bus,13,2,Cloudy,2.84,68.03,39.1,13.15,32,13.07,Good,2.22,0,17.46,Major Delay
Urban,Local Bus,15,6,Clear,6.28,1.98,95.93,15.5,11,13.49,Good,9.66,0,16.37,Major Delay
Urban,Local Bus,7,2,Rain,0.01,46.52,57.46,11.61,14,14.97,Good,4.87,0,18.54,Major Delay
Urban,Local Bus,7,2,Cloudy,6.38,41.48,58.67,18.24,17,9.04,Good,2.41,0,11.08,Moderate Delay
Rural,Local Bus,6,0,Rain,4.72,30.61,49.75,22.78,9,8.96,Average,0.0,0,12.59,Moderate Delay
Urban,Local Bus,16,3,Heavy Rain,4.41,71.83,81.0,21.59,17,13.84,Good,6.97,0,24.1,Major Delay
Urban,Feeder Bus,10,5,Rain,0.23,71.31,81.84,11.83,9,4.71,Good,4.43,0,18.67,Major Delay
Rural,Local Bus,10,6,Rain,9.89,54.2,61.17,8.81,9,15.07,Average,1.81,0,14.8,Moderate Delay
Rural,Feeder Bus,15,3,Clear,2.74,33.24,28.68,15.17,10,10.2,Good,8.54,0,2.12,On Time / Minor
Rural,Local Bus,12,0,Clear,2.56,33.44,54.71,25.85,15,12.47,Average,14.69,0,15.11,Major Delay
Urban,Local Bus,7,5,Cloudy,1.22,49.01,56.7,13.68,23,22.54,Poor,0.0,0,19.34,Major Delay
Rural,Feeder Bus,15,4,Clear,1.45,37.49,48.97,19.03,16,9.64,Good,6.42,1,14.11,Moderate Delay
Urban,Local Bus,14,6,Rain,0.21,47.87,38.33,18.7,10,11.7,Average,4.19,0,15.06,Major Delay
Urban,Express Bus,7,3,Rain,4.03,60.84,26.92,18.63,33,11.15,Good,6.75,0,15.47,Major Delay
Urban,Feeder Bus,9,0,Cloudy,1.98,12.73,87.42,21.64,10,2.0,Good,10.1,0,12.37,Moderate Delay
Urban,Express Bus,9,6,Clear,8.49,30.56,72.83,6.1,24,14.06,Good,10.61,0,13.8,Moderate Delay
Urban,Local Bus,17,4,Rain,5.33,47.23,58.69,8.22,17,2.0,Average,1.01,0,26.35,Major Delay
Urban,Local Bus,9,5,Cloudy,4.57,84.0,45.0,14.29,6,14.79,Good,0.0,0,13.46,Moderate Delay
Rural,Local Bus,5,0,Cloudy,2.25,67.44,65.2,21.38,28,7.54,Average,3.03,0,13.74,Moderate Delay
Urban,Local Bus,9,3,Cloudy,3.01,47.92,62.08,21.37,8,7.31,Good,3.06,0,15.73,Major Delay
Urban,Local Bus,13,3,Clear,14.24,57.25,49.98,13.72,9,10.81,Average,0.0,0,14.63,Moderate Delay
Urban,Feeder Bus,18,1,Rain,2.21,45.67,65.79,19.99,6,4.37,Good,8.57,0,15.88,Major Delay
Urban,Express Bus,5,5,Clear,2.86,72.78,68.25,11.47,9,10.44,Good,0.87,0,7.24,Moderate Delay
Urban,Local Bus,20,1,Cloudy,1.0,57.98,71.75,9.04,14,5.52,Average,3.24,0,12.12,Moderate Delay
Urban,Local Bus,10,0,Clear,2.6,77.41,40.24,6.03,7,4.55,Good,0.65,0,12.89,Moderate Delay
Urban,Express Bus,11,1,Clear,3.81,16.83,66.63,13.18,10,9.91,Good,2.46,0,7.33,Moderate Delay
Rural,Feeder Bus,5,6,Clear,1.02,29.46,81.55,11.92,6,17.12,Average,9.88,0,11.23,Moderate Delay
Rural,Local Bus,9,0,Clear,0.18,54.32,63.93,20.02,11,14.61,Average,3.92,0,17.35,Major Delay
Urban,Local Bus,13,4,Rain,2.92,59.35,100.0,17.38,9,8.28,Average,14.11,0,23.69,Major Delay
Urban,Feeder Bus,16,1,Rain,12.62,100.0,54.39,14.33,13,10.18,Good,6.65,0,21.39,Major Delay
Rural,Feeder Bus,18,2,Clear,3.6,6.42,23.65,14.35,28,8.29,Good,7.01,0,6.91,Moderate Delay
Rural,Feeder Bus,14,3,Clear,4.87,47.24,41.02,11.49,8,5.03,Good,2.48,0,11.93,Moderate Delay
Urban,Local Bus,6,0,Rain,2.44,46.21,44.61,3.33,34,5.76,Good,3.2,0,9.96,Moderate Delay
Rural,Local Bus,12,1,Clear,5.77,53.47,69.17,6.91,20,12.32,Good,8.66,1,16.62,Major Delay
Rural,Local Bus,18,4,Clear,7.39,87.86,74.64,18.72,11,7.35,Good,9.44,1,21.68,Major Delay
Rural,Local Bus,16,0,Clear,10.65,68.15,60.72,13.17,9,10.7,Good,4.83,0,8.81,Moderate Delay
Urban,Feeder Bus,15,3,Cloudy,13.55,11.11,63.85,6.13,10,5.9,Average,6.28,0,7.92,Moderate Delay
Urban,Local Bus,14,4,Heavy Rain,5.19,83.28,96.3,22.2,27,14.96,Good,2.8,0,23.36,Major Delay
Urban,Express Bus,14,1,Clear,10.92,82.63,41.38,24.19,9,14.19,Good,4.6,0,16.06,Major Delay
Urban,Feeder Bus,22,1,Heavy Rain,8.53,54.05,56.54,21.23,21,18.78,Good,3.94,0,25.6,Major Delay
Urban,Feeder Bus,15,3,Rain,5.91,10.79,48.95,16.54,6,17.81,Good,3.7,0,15.97,Major Delay
Urban,Express Bus,15,5,Heavy Rain,3.52,44.51,34.52,15.72,18,6.39,Average,8.51,0,14.5,Moderate Delay
Urban,Feeder Bus,11,0,Rain,0.08,58.78,17.5,13.85,30,6.7,Good,3.25,0,13.87,Moderate Delay
Urban,Local Bus,13,2,Rain,20.66,70.92,83.93,14.98,29,12.76,Good,0.35,0,27.04,Major Delay
Rural,Local Bus,17,6,Cloudy,4.1,7.28,42.72,17.77,20,6.57,Poor,2.15,1,20.37,Major Delay
Urban,Local Bus,20,2,Rain,2.15,30.31,52.99,18.24,12,12.18,Good,2.07,0,9.79,Moderate Delay
Urban,Feeder Bus,19,2,Clear,2.16,73.25,66.61,16.72,14,9.27,Good,5.7,1,19.93,Major Delay
Rural,Feeder Bus,16,5,Rain,7.3,82.54,34.2,3.0,14,15.58,Average,0.71,0,13.21,Moderate Delay
Rural,Local Bus,19,3,Cloudy,0.69,57.9,41.31,20.91,11,15.73,Average,9.13,0,14.41,Moderate Delay
Rural,Local Bus,5,2,Clear,12.59,74.42,57.57,15.2,24,9.47,Poor,2.15,0,19.97,Major Delay
Rural,Local Bus,9,5,Clear,5.12,58.47,49.23,5.86,10,2.0,Poor,11.35,1,19.47,Major Delay
Rural,Local Bus,9,0,Clear,1.63,70.15,32.48,15.19,33,16.05,Average,3.63,1,17.17,Major Delay
Urban,Feeder Bus,16,4,Clear,6.39,51.34,70.14,15.81,8,7.94,Good,6.14,0,15.44,Major Delay
Urban,Local Bus,18,2,Clear,7.9,59.04,48.72,4.58,23,10.88,Average,8.47,0,20.99,Major Delay
Urban,Express Bus,7,6,Clear,1.54,19.9,60.74,10.14,24,10.32,Good,9.62,0,13.92,Moderate Delay
Urban,Express Bus,8,5,Clear,6.18,64.61,59.14,7.36,24,12.92,Average,6.64,0,23.54,Major Delay
Rural,Local Bus,13,6,Cloudy,2.47,19.2,77.39,8.16,24,7.89,Poor,16.61,0,19.93,Major Delay
Urban,Local Bus,22,0,Clear,2.53,64.58,65.06,17.42,18,5.41,Good,3.52,0,14.07,Moderate Delay
Urban,Feeder Bus,5,1,Clear,2.86,37.9,40.75,10.27,8,11.76,Poor,0.0,0,11.73,Moderate Delay
Urban,Express Bus,20,6,Clear,0.01,56.51,81.24,14.56,23,15.13,Average,3.33,0,11.99,Moderate Delay
Urban,Local Bus,8,2,Clear,9.92,26.09,48.53,18.43,11,10.38,Good,7.47,1,10.72,Moderate Delay
Urban,Local Bus,9,5,Clear,2.6,36.42,41.72,11.4,11,10.37,Poor,5.77,0,20.0,Major Delay
Urban,Feeder Bus,16,4,Heavy Rain,2.49,56.46,38.76,18.67,29,5.07,Average,0.0,0,17.56,Major Delay
Rural,Feeder Bus,18,3,Clear,11.16,65.35,11.13,22.13,9,13.57,Good,1.81,0,18.97,Major Delay
Urban,Feeder Bus,20,0,Clear,5.59,73.16,45.83,19.08,21,13.93,Average,0.0,0,11.95,Moderate Delay
Rural,Express Bus,5,0,Cloudy,1.32,21.55,65.93,17.6,15,10.46,Good,0.18,0,4.69,On Time / Minor
Rural,Feeder Bus,5,5,Rain,4.86,13.47,30.76,19.13,10,6.13,Good,3.03,0,10.44,Moderate Delay
Urban,Local Bus,13,0,Clear,5.77,25.57,92.17,16.37,33,11.41,Average,5.83,0,13.05,Moderate Delay
Urban,Express Bus,15,0,Clear,3.03,23.49,13.19,19.09,24,11.83,Poor,0.0,0,5.3,Moderate Delay
Rural,Local Bus,9,1,Cloudy,16.38,84.04,42.34,6.96,19,10.8,Average,0.33,1,21.69,Major Delay
Urban,Express Bus,16,6,Clear,2.89,78.82,28.25,13.55,30,5.58,Average,7.05,0,5.52,Moderate Delay
Rural,Feeder Bus,9,4,Clear,3.65,25.08,76.36,16.35,15,12.27,Average,0.0,0,13.28,Moderate Delay
Urban,Feeder Bus,21,5,Heavy Rain,3.81,87.34,71.05,13.55,14,11.81,Good,0.0,0,20.66,Major Delay
Urban,Local Bus,8,4,Heavy Rain,7.43,77.45,52.68,29.01,6,13.09,Average,14.49,0,27.93,Major Delay
Rural,Express Bus,16,3,Cloudy,1.14,10.52,29.56,12.85,27,10.32,Average,0.87,0,10.01,Moderate Delay
Urban,Feeder Bus,14,1,Clear,8.35,24.3,34.03,3.3,34,17.42,Good,0.0,0,21.45,Major Delay
Urban,Feeder Bus,6,3,Cloudy,22.32,9.84,63.0,14.33,30,10.99,Good,0.0,0,10.72,Moderate Delay
Rural,Express Bus,15,3,Heavy Rain,0.45,46.01,44.48,18.97,5,17.98,Average,0.0,0,10.26,Moderate Delay
Urban,Local Bus,7,6,Heavy Rain,1.26,48.4,46.76,8.76,15,12.11,Poor,11.75,0,36.33,Major Delay
Urban,Local Bus,14,6,Clear,0.34,48.36,56.52,13.78,33,5.21,Poor,3.14,0,17.68,Major Delay
Urban,Feeder Bus,16,5,Clear,1.21,1.39,49.75,13.56,32,15.18,Average,0.0,0,8.42,Moderate Delay
Urban,Express Bus,6,5,Clear,1.33,15.17,23.01,13.64,11,9.18,Average,6.31,0,2.66,On Time / Minor
Rural,Express Bus,8,5,Rain,7.94,53.98,31.38,10.41,17,8.78,Average,12.06,1,17.91,Major Delay
Rural,Express Bus,10,4,Clear,10.9,62.31,31.87,20.58,21,16.19,Poor,2.64,0,12.15,Moderate Delay
Urban,Local Bus,21,5,Clear,4.82,1.54,43.45,27.0,8,4.75,Average,11.67,0,8.22,Moderate Delay
Rural,Local Bus,8,0,Clear,9.77,18.53,59.8,8.96,16,2.24,Poor,1.82,0,8.25,Moderate Delay
Urban,Feeder Bus,21,0,Clear,7.31,71.52,58.98,6.16,27,9.9,Poor,0.0,0,16.11,Major Delay
Urban,Local Bus,14,3,Rain,1.75,19.84,81.73,11.37,27,12.51,Good,12.55,1,22.45,Major Delay
Urban,Express Bus,22,0,Clear,5.44,47.66,29.86,22.44,10,15.34,Poor,0.0,0,7.66,Moderate Delay
Rural,Express Bus,19,2,Clear,1.0,17.65,64.13,12.45,20,11.72,Average,0.67,0,9.35,Moderate Delay
Urban,Feeder Bus,10,1,Rain,3.65,67.12,42.27,16.2,11,2.0,Good,8.7,0,14.43,Moderate Delay
Urban,Local Bus,15,6,Cloudy,4.55,1.61,97.51,8.53,27,6.15,Good,3.68,0,14.02,Moderate Delay
Urban,Express Bus,17,4,Rain,6.54,41.0,55.88,24.7,24,4.7,Average,2.95,0,21.32,Major Delay
Rural,Local Bus,6,0,Rain,14.94,69.63,46.77,12.23,25,2.0,Good,2.23,0,16.21,Major Delay
Urban,Local Bus,16,4,Clear,0.62,62.03,63.49,15.5,20,10.15,Good,0.17,1,11.05,Moderate Delay
Urban,Local Bus,13,5,Clear,3.55,37.33,61.94,9.22,16,13.55,Average,4.4,1,16.33,Major Delay
Rural,Local Bus,5,2,Clear,12.74,31.93,50.4,8.65,7,15.86,Good,5.94,0,12.41,Moderate Delay
Urban,Feeder Bus,20,6,Rain,1.58,42.64,69.88,13.98,27,13.48,Good,2.38,0,13.13,Moderate Delay
Urban,Feeder Bus,9,6,Heavy Rain,1.07,18.34,88.21,14.62,29,8.21,Average,6.33,0,20.02,Major Delay
Urban,Local Bus,20,6,Clear,7.17,45.7,76.36,19.18,17,16.41,Good,5.56,0,12.51,Moderate Delay
Urban,Feeder Bus,8,0,Rain,6.17,46.09,55.02,3.87,5,9.95,Average,5.44,0,16.79,Major Delay
Urban,Local Bus,14,3,Rain,0.34,38.39,93.53,8.29,21,11.3,Good,2.08,0,15.6,Major Delay
Rural,Express Bus,11,5,Heavy Rain,1.91,71.01,67.64,9.88,10,7.69,Poor,1.64,0,14.33,Moderate Delay
Urban,Feeder Bus,21,3,Clear,0.83,23.38,36.05,14.72,32,9.77,Good,5.35,0,8.96,Moderate Delay
Rural,Express Bus,22,3,Clear,0.84,8.8,59.1,7.22,23,8.89,Average,0.0,0,8.56,Moderate Delay
Rural,Local Bus,18,2,Rain,5.74,35.92,53.66,13.43,34,4.09,Average,18.0,0,25.28,Major Delay
Urban,Local Bus,20,2,Rain,5.73,50.85,47.17,10.14,28,14.19,Poor,0.0,0,17.21,Major Delay
Urban,Local Bus,18,4,Rain,3.57,45.55,64.29,13.19,31,11.84,Average,0.7,0,16.63,Major Delay
Rural,Feeder Bus,10,0,Rain,0.61,44.52,20.42,9.35,18,14.97,Average,6.07,0,12.05,Moderate Delay
Urban,Express Bus,21,5,Clear,0.88,22.09,90.06,7.93,33,7.48,Good,7.15,0,6.85,Moderate Delay
Rural,Local Bus,14,5,Cloudy,5.28,25.4,70.24,15.71,18,14.53,Average,0.0,0,3.35,On Time / Minor
Rural,Local Bus,11,0,Clear,0.43,36.77,21.17,20.68,16,3.16,Average,0.25,0,10.35,Moderate Delay
Urban,Feeder Bus,8,5,Clear,0.16,34.95,70.0,18.88,33,13.71,Average,3.75,0,16.53,Major Delay
Urban,Local Bus,17,3,Clear,2.1,73.26,66.87,20.68,15,14.38,Good,0.0,0,16.07,Major Delay
Urban,Express Bus,9,2,Clear,3.59,54.07,87.31,21.38,14,5.81,Average,0.0,0,13.86,Moderate Delay
Urban,Express Bus,16,3,Clear,0.23,35.75,92.48,13.04,20,16.58,Average,7.88,0,12.5,Moderate Delay
Urban,Local Bus,6,3,Cloudy,5.51,73.19,95.85,25.23,21,18.79,Average,7.59,0,16.4,Major Delay
Urban,Local Bus,16,1,Rain,3.17,58.26,52.44,18.54,21,8.13,Average,3.56,0,20.77,Major Delay
Rural,Local Bus,16,4,Clear,0.76,16.78,68.82,8.3,24,18.25,Good,7.35,0,15.1,Major Delay
Rural,Local Bus,14,4,Clear,3.95,0.0,48.39,9.99,18,2.49,Average,3.97,0,9.7,Moderate Delay
Rural,Express Bus,16,2,Clear,0.08,17.5,77.57,14.91,32,10.32,Good,0.0,0,5.4,Moderate Delay
Urban,Feeder Bus,22,3,Clear,2.32,61.68,14.77,19.28,31,2.0,Average,0.0,0,11.48,Moderate Delay
Urban,Local Bus,20,4,Clear,2.44,68.5,32.49,12.63,27,15.65,Average,6.62,1,20.8,Major Delay
Urban,Local Bus,12,3,Cloudy,3.63,9.81,49.32,8.17,15,3.35,Good,0.13,0,7.46,Moderate Delay
Urban,Local Bus,20,3,Rain,4.12,63.15,56.8,18.74,8,2.0,Good,7.54,0,17.75,Major Delay
Rural,Local Bus,22,6,Cloudy,7.5,62.28,61.27,7.3,5,12.31,Average,1.97,0,15.47,Major Delay
Urban,Express Bus,7,6,Cloudy,3.41,80.09,83.49,15.82,27,16.18,Average,10.0,0,20.61,Major Delay
Urban,Express Bus,11,2,Rain,0.4,69.86,45.0,14.26,9,8.98,Good,0.0,0,14.79,Moderate Delay
Rural,Express Bus,18,5,Clear,1.07,79.09,32.16,5.95,23,11.68,Good,0.0,0,14.22,Moderate Delay
Urban,Local Bus,14,5,Clear,0.23,59.23,50.25,24.66,18,19.81,Good,4.53,0,16.45,Major Delay
Urban,Express Bus,7,0,Clear,18.63,58.46,45.88,14.1,28,6.25,Average,1.76,0,12.48,Moderate Delay
Urban,Local Bus,13,4,Clear,16.43,40.24,69.06,6.88,30,6.09,Good,4.24,0,17.56,Major Delay
Urban,Feeder Bus,11,5,Rain,0.38,66.87,88.5,14.29,7,16.43,Average,3.13,1,21.54,Major Delay
Rural,Express Bus,18,0,Clear,8.8,17.35,86.7,3.62,19,12.12,Average,0.92,0,15.66,Major Delay
Urban,Feeder Bus,14,2,Clear,5.42,44.81,79.79,16.17,32,18.12,Average,2.16,0,15.98,Major Delay
Rural,Local Bus,7,5,Clear,10.28,60.42,46.61,19.17,16,4.52,Poor,0.0,0,17.69,Major Delay
Rural,Local Bus,5,6,Clear,1.14,80.39,54.77,30.21,28,2.06,Average,10.95,1,14.13,Moderate Delay
Rural,Express Bus,10,6,Heavy Rain,5.45,37.01,66.49,14.59,27,3.83,Average,0.29,0,20.59,Major Delay
Urban,Local Bus,7,4,Clear,1.54,70.23,42.59,10.05,30,14.53,Average,5.68,0,22.53,Major Delay
Urban,Express Bus,20,0,Rain,0.78,43.46,44.45,15.24,7,17.0,Average,0.0,0,19.72,Major Delay
Rural,Local Bus,9,0,Clear,3.9,70.7,65.49,22.64,31,16.35,Average,0.0,0,16.26,Major Delay
Urban,Feeder Bus,16,5,Clear,7.27,29.57,30.71,17.01,5,13.78,Good,4.75,1,17.49,Major Delay
Urban,Local Bus,7,5,Clear,6.65,64.7,79.85,19.0,7,17.26,Poor,12.53,0,20.79,Major Delay
Rural,Feeder Bus,12,1,Rain,9.38,45.81,49.97,18.56,10,7.96,Good,5.71,0,15.04,Major Delay
Urban,Local Bus,21,0,Clear,1.28,20.74,68.81,17.04,28,2.0,Poor,6.25,0,16.63,Major Delay
Rural,Local Bus,16,1,Rain,16.33,44.47,62.14,5.59,9,2.92,Good,1.01,0,18.16,Major Delay
Rural,Local Bus,10,6,Clear,3.78,78.4,83.08,5.26,26,3.73,Average,3.39,1,21.32,Major Delay
Rural,Local Bus,18,5,Cloudy,0.71,24.56,15.44,4.52,13,2.0,Poor,2.46,0,11.77,Moderate Delay
Urban,Feeder Bus,14,6,Cloudy,8.76,13.86,83.21,6.82,25,4.2,Average,4.99,0,18.01,Major Delay
Rural,Feeder Bus,9,0,Cloudy,3.24,57.17,82.76,7.51,25,6.37,Average,9.65,0,16.22,Major Delay
Urban,Feeder Bus,22,4,Clear,1.81,9.41,63.62,25.16,16,14.03,Good,1.69,0,10.07,Moderate Delay
Rural,Feeder Bus,21,6,Clear,3.27,83.96,68.43,9.76,33,12.47,Good,3.58,0,8.61,Moderate Delay
Rural,Express Bus,15,3,Rain,0.15,83.38,69.93,14.6,12,18.54,Good,1.48,0,16.44,Major Delay
Rural,Local Bus,5,5,Cloudy,13.66,71.88,39.98,12.54,7,4.8,Average,2.15,0,6.02,Moderate Delay
Urban,Feeder Bus,12,4,Clear,6.09,47.74,59.08,15.16,23,12.87,Good,9.12,0,11.82,Moderate Delay
Urban,Local Bus,14,0,Clear,3.79,86.29,75.8,14.42,6,17.58,Good,5.69,0,10.11,Moderate Delay
Urban,Feeder Bus,21,3,Clear,2.49,78.95,22.25,6.46,13,8.45,Good,5.04,0,7.47,Moderate Delay
Urban,Local Bus,18,1,Clear,9.8,35.75,67.42,17.59,20,8.77,Poor,2.82,0,18.12,Major Delay
Urban,Express Bus,9,0,Clear,14.35,81.09,59.74,9.92,32,17.91,Average,0.0,0,14.61,Moderate Delay
Urban,Local Bus,14,4,Clear,0.58,27.03,70.55,9.72,26,9.22,Good,6.93,0,16.28,Major Delay
Urban,Local Bus,8,6,Clear,3.78,43.47,32.56,12.16,23,18.17,Poor,7.65,0,18.27,Major Delay
Rural,Local Bus,13,0,Cloudy,5.1,6.75,43.13,18.85,20,3.59,Average,7.86,0,12.0,Moderate Delay
Rural,Local Bus,14,2,Heavy Rain,9.72,51.36,30.08,10.25,15,19.1,Good,3.38,0,15.5,Major Delay
Urban,Local Bus,14,4,Rain,7.0,41.23,29.86,14.55,29,17.29,Good,0.0,0,17.61,Major Delay
Rural,Local Bus,12,2,Cloudy,5.44,37.6,74.62,16.42,5,6.22,Poor,6.66,0,15.97,Major Delay
Urban,Local Bus,12,0,Rain,3.41,44.19,46.22,15.54,9,9.46,Good,8.86,0,16.77,Major Delay
Urban,Express Bus,19,1,Clear,0.47,34.67,44.75,15.21,9,4.79,Good,7.66,0,12.62,Moderate Delay
Urban,Local Bus,14,0,Cloudy,4.07,48.96,79.81,5.58,23,8.53,Poor,0.0,0,21.19,Major Delay
Rural,Feeder Bus,5,6,Clear,2.62,77.52,51.13,14.76,13,3.18,Average,5.34,0,13.73,Moderate Delay
Rural,Local Bus,18,3,Clear,0.58,23.58,77.27,8.51,6,2.1,Average,0.0,0,12.74,Moderate Delay
Rural,Express Bus,16,6,Cloudy,14.38,67.84,37.01,3.44,9,4.73,Average,10.16,0,16.18,Major Delay
Rural,Local Bus,17,4,Clear,3.72,52.95,51.07,11.22,24,16.18,Average,4.32,0,16.73,Major Delay
Rural,Local Bus,17,2,Cloudy,6.81,56.6,39.89,10.89,21,2.0,Good,4.46,0,12.16,Moderate Delay
Urban,Express Bus,8,6,Cloudy,2.76,47.29,68.96,31.76,21,17.86,Average,11.21,1,21.48,Major Delay
Urban,Express Bus,22,1,Clear,0.92,31.5,53.86,19.86,26,15.57,Good,0.53,0,12.83,Moderate Delay
Urban,Local Bus,22,1,Clear,7.3,58.23,72.62,18.71,20,17.59,Good,4.08,0,14.29,Moderate Delay
Rural,Local Bus,7,5,Cloudy,15.21,59.93,61.06,11.55,31,12.72,Poor,0.0,0,22.18,Major Delay
Urban,Local Bus,8,3,Rain,9.6,29.59,19.08,12.89,22,19.25,Good,0.0,0,17.08,Major Delay
Urban,Local Bus,9,2,Rain,5.67,17.21,52.72,29.43,24,3.83,Good,4.89,0,15.59,Major Delay
Rural,Local Bus,22,4,Clear,2.66,49.96,27.29,10.18,14,17.84,Good,4.67,0,5.72,Moderate Delay
Urban,Express Bus,21,6,Rain,4.65,65.36,64.93,15.53,22,26.21,Average,0.0,1,15.13,Major Delay
Rural,Local Bus,9,1,Clear,7.08,71.12,69.1,25.05,10,9.68,Poor,7.15,0,17.05,Major Delay
Urban,Express Bus,16,6,Clear,2.4,75.68,71.18,9.66,12,10.72,Good,3.29,0,11.59,Moderate Delay
Rural,Local Bus,9,6,Cloudy,6.99,56.54,55.54,14.9,33,6.39,Good,7.26,0,12.13,Moderate Delay
Rural,Local Bus,5,5,Clear,2.91,41.95,25.36,13.89,31,11.33,Average,4.68,0,5.56,Moderate Delay
Urban,Local Bus,9,1,Clear,1.0,47.95,62.19,8.67,17,11.93,Average,8.73,0,17.01,Major Delay
Rural,Local Bus,6,0,Clear,3.08,19.41,66.14,18.65,14,2.0,Good,9.3,0,10.54,Moderate Delay
Urban,Local Bus,20,0,Rain,4.07,32.3,54.35,7.31,23,14.06,Good,4.5,1,23.43,Major Delay
Urban,Feeder Bus,19,4,Rain,8.76,46.78,59.71,18.66,26,16.55,Average,8.11,0,26.93,Major Delay
Urban,Express Bus,8,2,Heavy Rain,4.95,41.87,20.24,16.58,5,6.59,Good,7.91,0,11.39,Moderate Delay
Rural,Local Bus,15,6,Clear,0.27,50.12,59.32,19.39,27,8.88,Average,0.0,0,13.88,Moderate Delay
Urban,Local Bus,8,0,Clear,7.08,16.38,55.83,12.83,6,15.24,Good,0.0,0,19.81,Major Delay
Urban,Feeder Bus,15,2,Rain,2.51,21.52,33.75,16.34,6,6.35,Average,0.0,0,6.64,Moderate Delay
Rural,Local Bus,21,1,Clear,0.46,65.84,68.57,20.16,19,14.72,Average,6.82,0,11.52,Moderate Delay
Urban,Local Bus,20,6,Clear,7.02,28.83,48.11,5.55,24,12.43,Average,0.0,0,18.61,Major Delay
Urban,Feeder Bus,19,0,Clear,8.08,32.45,62.58,6.75,15,22.67,Average,0.0,0,15.59,Major Delay
Urban,Local Bus,9,2,Cloudy,4.31,50.19,67.76,17.49,32,10.36,Good,0.0,0,16.79,Major Delay
Urban,Local Bus,8,6,Cloudy,5.2,26.58,64.58,18.94,17,8.33,Good,1.59,0,15.44,Major Delay
Rural,Local Bus,7,6,Clear,4.16,73.45,31.18,14.81,25,12.24,Average,5.8,0,18.69,Major Delay
Urban,Express Bus,7,6,Clear,6.8,19.09,50.32,19.52,20,11.58,Average,9.96,0,14.73,Moderate Delay
Urban,Local Bus,16,4,Rain,3.0,48.04,100.0,11.83,19,19.16,Average,8.26,0,22.78,Major Delay
Rural,Express Bus,16,1,Cloudy,1.03,30.78,85.91,21.6,13,18.9,Good,4.39,0,5.6,Moderate Delay
Urban,Local Bus,20,0,Clear,1.34,51.59,74.69,13.56,17,7.35,Average,0.0,0,18.97,Major Delay
Rural,Local Bus,6,2,Clear,2.53,36.56,63.49,9.33,16,10.04,Good,0.0,0,15.96,Major Delay
Urban,Local Bus,9,3,Heavy Rain,2.86,47.46,38.24,22.55,9,7.53,Good,1.06,1,24.58,Major Delay
Rural,Feeder Bus,18,3,Cloudy,13.18,76.09,54.75,18.96,27,6.64,Good,2.07,0,16.21,Major Delay
Rural,Local Bus,17,0,Cloudy,3.66,32.19,49.55,11.3,11,2.0,Poor,4.0,0,22.25,Major Delay
Rural,Express Bus,12,4,Cloudy,5.2,32.0,56.31,11.42,5,19.44,Average,7.97,0,11.54,Moderate Delay
Urban,Local Bus,7,2,Heavy Rain,3.13,40.73,29.07,17.61,31,7.65,Average,6.86,0,26.25,Major Delay
Urban,Local Bus,13,0,Clear,4.17,81.9,77.09,8.0,25,8.77,Average,3.97,0,23.4,Major Delay
Rural,Local Bus,8,6,Clear,5.14,45.94,10.0,15.92,16,24.85,Good,1.51,0,10.29,Moderate Delay
Urban,Local Bus,14,2,Clear,9.63,76.39,75.14,12.99,27,7.8,Good,0.0,0,19.48,Major Delay
Urban,Local Bus,21,1,Rain,9.43,43.93,75.52,15.29,9,10.08,Good,0.0,0,10.72,Moderate Delay
Urban,Feeder Bus,8,3,Clear,0.43,75.36,100.0,3.0,15,12.34,Good,0.0,0,13.0,Moderate Delay
Rural,Feeder Bus,7,6,Clear,1.41,57.37,53.0,8.56,16,12.69,Average,16.46,0,13.63,Moderate Delay
Rural,Express Bus,18,5,Clear,2.51,60.76,47.6,15.52,19,7.91,Good,13.47,0,5.36,Moderate Delay
Urban,Express Bus,5,0,Cloudy,8.78,14.98,60.41,20.32,18,16.62,Average,0.0,1,10.28,Moderate Delay
Rural,Local Bus,22,4,Cloudy,4.67,11.56,69.2,13.21,17,11.8,Average,5.46,0,13.23,Moderate Delay
Urban,Express Bus,18,4,Clear,2.85,72.61,56.2,18.34,15,11.56,Poor,0.0,0,14.51,Moderate Delay
Urban,Local Bus,12,6,Clear,0.67,72.33,34.34,5.11,16,7.63,Good,4.62,0,8.29,Moderate Delay
Urban,Feeder Bus,11,6,Rain,7.35,100.0,69.17,11.31,5,10.35,Average,1.05,0,8.77,Moderate Delay
Urban,Feeder Bus,11,5,Clear,10.02,13.82,57.99,15.68,5,15.87,Good,2.79,0,6.6,Moderate Delay
Urban,Local Bus,12,4,Rain,1.1,59.17,37.84,13.63,16,15.89,Good,8.76,0,13.44,Moderate Delay
Rural,Feeder Bus,20,2,Clear,0.25,24.45,25.5,18.58,25,8.85,Average,5.36,0,18.47,Major Delay
Rural,Feeder Bus,19,6,Rain,3.34,30.97,100.0,12.46,31,7.13,Good,7.85,0,18.46,Major Delay
Urban,Local Bus,8,6,Clear,3.44,36.45,74.64,12.52,32,15.39,Average,6.01,0,24.63,Major Delay
Urban,Feeder Bus,8,6,Cloudy,12.6,56.79,69.19,17.92,13,12.51,Average,0.0,0,12.88,Moderate Delay
Urban,Local Bus,14,6,Clear,1.76,32.73,55.7,10.78,21,15.38,Good,0.0,0,15.44,Major Delay
Rural,Local Bus,16,4,Clear,1.4,48.77,71.8,8.55,15,6.16,Poor,2.0,0,16.28,Major Delay
Rural,Local Bus,18,6,Rain,1.32,67.14,36.95,16.79,6,10.89,Good,1.99,0,11.62,Moderate Delay
Rural,Express Bus,10,5,Cloudy,0.75,73.94,61.99,8.22,26,15.4,Poor,0.89,0,18.39,Major Delay
Urban,Local Bus,13,1,Rain,2.93,63.93,62.86,22.51,6,7.44,Average,0.0,0,14.49,Moderate Delay
Urban,Feeder Bus,6,0,Cloudy,7.77,58.39,37.45,3.0,9,20.44,Good,3.83,0,11.37,Moderate Delay
Urban,Local Bus,13,6,Cloudy,8.08,44.74,55.91,12.21,30,19.15,Good,10.11,0,10.68,Moderate Delay
Urban,Local Bus,17,2,Rain,0.81,34.91,49.74,23.76,30,9.98,Good,0.0,0,22.92,Major Delay
Urban,Express Bus,10,6,Clear,9.12,60.4,42.72,25.86,22,10.02,Average,0.0,0,14.29,Moderate Delay
Urban,Local Bus,10,2,Rain,3.72,23.83,47.22,13.45,21,12.61,Good,4.81,0,12.66,Moderate Delay
Rural,Express Bus,13,2,Clear,6.97,50.74,23.86,20.62,27,11.85,Average,0.0,0,10.52,Moderate Delay
Urban,Local Bus,20,5,Clear,1.91,23.26,79.26,18.65,21,17.07,Good,0.0,0,12.65,Moderate Delay
Urban,Feeder Bus,15,3,Rain,3.63,47.05,89.25,11.05,27,6.6,Poor,14.08,0,27.9,Major Delay
Rural,Express Bus,21,4,Clear,2.82,23.76,39.47,16.8,8,6.65,Good,6.31,1,7.69,Moderate Delay
Urban,Local Bus,6,2,Clear,3.99,38.79,80.2,8.83,34,12.35,Average,16.85,0,19.48,Major Delay
Rural,Local Bus,20,4,Clear,2.72,32.45,57.36,4.63,7,13.47,Average,0.0,0,10.8,Moderate Delay
Urban,Local Bus,5,3,Cloudy,4.41,29.68,57.8,17.03,27,10.82,Good,13.92,0,16.97,Major Delay
Rural,Feeder Bus,10,6,Cloudy,0.04,45.99,32.09,17.38,30,15.48,Good,0.0,1,14.45,Moderate Delay
Urban,Express Bus,12,3,Clear,1.81,0.0,46.85,6.89,5,17.84,Average,7.98,0,13.85,Moderate Delay
Urban,Local Bus,9,0,Clear,3.09,6.54,68.66,13.14,11,14.74,Average,0.0,0,14.42,Moderate Delay
Rural,Local Bus,22,5,Clear,6.23,66.49,38.49,6.88,13,12.86,Average,4.95,0,22.13,Major Delay
Urban,Feeder Bus,21,6,Clear,0.04,51.39,43.17,11.23,18,9.92,Good,5.3,0,10.85,Moderate Delay
Urban,Local Bus,15,6,Clear,9.6,31.36,47.84,11.38,10,11.38,Poor,1.26,0,11.82,Moderate Delay
Urban,Express Bus,13,0,Clear,3.66,70.4,10.0,18.45,20,4.17,Poor,0.0,0,9.01,Moderate Delay
Urban,Express Bus,18,6,Rain,8.91,33.3,64.57,11.0,33,5.05,Average,2.1,0,14.68,Moderate Delay
Rural,Local Bus,17,2,Rain,5.06,34.67,70.74,6.43,5,17.29,Good,4.7,0,13.51,Moderate Delay
Urban,Local Bus,13,5,Clear,11.8,29.98,65.29,24.29,31,19.77,Good,0.0,0,18.48,Major Delay
Urban,Local Bus,19,4,Clear,5.38,91.85,76.86,16.97,26,4.17,Poor,2.47,0,20.25,Major Delay
Urban,Local Bus,8,6,Clear,0.28,53.41,49.12,19.38,18,13.73,Average,3.18,1,18.93,Major Delay
Rural,Feeder Bus,9,2,Clear,6.51,52.5,94.22,17.65,21,3.38,Average,5.76,0,11.38,Moderate Delay
Urban,Express Bus,5,4,Clear,4.04,58.73,41.1,19.65,9,19.24,Poor,0.0,0,12.49,Moderate Delay
Rural,Feeder Bus,7,4,Rain,1.66,5.39,53.51,16.62,32,10.92,Good,0.53,0,5.56,Moderate Delay
Rural,Local Bus,8,1,Rain,4.23,34.34,51.54,16.79,6,23.6,Average,4.38,0,18.1,Major Delay
Urban,Local Bus,16,5,Clear,5.51,58.46,61.73,14.76,8,7.82,Average,1.51,0,11.25,Moderate Delay
Rural,Express Bus,20,1,Clear,4.47,47.91,53.21,11.37,26,8.45,Average,0.0,0,17.82,Major Delay
Urban,Local Bus,15,5,Cloudy,0.45,98.72,55.94,19.32,10,13.0,Average,8.18,0,19.58,Major Delay
Urban,Local Bus,13,0,Heavy Rain,12.8,35.69,44.43,12.41,7,15.52,Average,8.34,0,23.68,Major Delay
Rural,Local Bus,9,1,Clear,7.43,69.69,49.23,14.71,12,15.06,Good,7.27,0,11.64,Moderate Delay
Rural,Express Bus,6,3,Rain,3.41,66.54,13.31,16.22,22,15.87,Poor,1.67,0,16.44,Major Delay
Urban,Express Bus,15,1,Clear,2.5,51.28,74.05,16.73,14,9.87,Average,2.47,0,18.39,Major Delay
Urban,Local Bus,7,0,Rain,12.1,55.46,37.56,7.91,30,15.93,Good,9.74,0,17.96,Major Delay
Urban,Feeder Bus,19,0,Clear,4.43,41.33,48.19,15.21,33,22.12,Poor,7.51,0,16.97,Major Delay
Urban,Local Bus,12,2,Cloudy,0.5,2.62,36.8,7.88,17,15.01,Good,9.82,0,12.1,Moderate Delay
Urban,Local Bus,11,3,Clear,12.15,56.03,69.39,15.07,22,6.91,Good,3.92,0,14.92,Moderate Delay
Urban,Local Bus,5,0,Cloudy,2.07,57.85,47.13,18.68,22,13.13,Poor,6.55,0,20.3,Major Delay
Urban,Feeder Bus,9,0,Cloudy,0.49,61.47,10.0,24.8,13,2.0,Average,6.82,0,14.44,Moderate Delay
Urban,Local Bus,5,4,Cloudy,4.52,49.45,63.62,17.47,19,14.51,Poor,10.71,0,20.05,Major Delay
Rural,Local Bus,18,2,Cloudy,1.54,70.32,43.06,19.18,11,2.66,Poor,0.0,0,13.21,Moderate Delay
Urban,Local Bus,13,5,Clear,3.04,28.08,57.53,7.47,33,14.59,Average,4.11,0,22.44,Major Delay
Rural,Express Bus,19,5,Rain,5.27,81.77,74.64,17.23,20,10.8,Good,8.27,0,22.63,Major Delay
Urban,Express Bus,15,0,Clear,3.96,25.28,38.25,7.31,17,16.02,Average,9.38,0,13.4,Moderate Delay
Urban,Local Bus,22,6,Cloudy,9.98,45.52,56.98,21.21,11,11.24,Average,1.24,0,17.62,Major Delay
Urban,Feeder Bus,19,4,Clear,0.58,63.66,42.57,7.6,9,18.07,Average,5.45,0,15.16,Major Delay
Urban,Local Bus,7,5,Clear,7.67,36.16,77.73,8.14,7,13.86,Average,7.18,0,12.61,Moderate Delay
Urban,Local Bus,7,3,Clear,3.77,65.23,59.58,18.53,14,16.51,Good,9.77,0,19.65,Major Delay
Urban,Express Bus,21,0,Heavy Rain,5.9,40.12,57.54,24.08,23,9.08,Good,5.28,0,12.67,Moderate Delay
Rural,Express Bus,9,6,Cloudy,2.1,50.72,33.18,20.35,33,8.82,Average,4.79,0,20.42,Major Delay
Urban,Local Bus,18,3,Clear,4.39,43.83,73.0,11.88,25,4.03,Average,2.15,0,12.59,Moderate Delay
Rural,Express Bus,16,0,Rain,12.27,34.73,75.54,8.06,9,5.31,Average,9.11,0,19.59,Major Delay
Urban,Local Bus,17,1,Clear,5.99,99.77,42.68,11.43,7,11.48,Good,9.72,0,23.35,Major Delay
Rural,Express Bus,9,1,Clear,0.7,28.69,61.08,14.75,20,11.33,Good,8.72,0,6.76,Moderate Delay
Urban,Express Bus,10,2,Clear,9.25,0.0,69.76,13.54,20,13.01,Average,7.21,0,8.37,Moderate Delay
Urban,Feeder Bus,14,3,Rain,3.2,29.52,100.0,7.83,7,7.55,Good,4.73,0,16.86,Major Delay
Urban,Local Bus,5,2,Heavy Rain,0.06,51.02,65.82,21.72,22,11.85,Average,0.56,0,26.34,Major Delay
Rural,Express Bus,10,6,Heavy Rain,1.2,39.33,57.99,21.85,8,17.73,Average,0.0,0,19.84,Major Delay
Urban,Express Bus,14,6,Clear,0.85,71.43,54.89,25.31,24,13.17,Good,8.65,0,9.4,Moderate Delay
Urban,Local Bus,8,4,Clear,3.03,70.59,56.08,4.04,34,11.2,Average,9.16,0,25.89,Major Delay
Urban,Local Bus,10,4,Rain,9.49,40.68,73.35,9.15,5,12.43,Poor,4.73,0,29.53,Major Delay
Rural,Feeder Bus,22,6,Clear,7.35,9.31,40.36,15.51,13,17.22,Good,4.72,0,5.35,Moderate Delay
Urban,Local Bus,10,1,Cloudy,1.61,18.49,76.65,14.03,28,11.87,Good,4.57,0,17.18,Major Delay
Urban,Express Bus,21,3,Heavy Rain,5.44,47.26,27.18,11.3,26,8.4,Good,9.49,0,20.29,Major Delay
Urban,Local Bus,21,4,Clear,1.92,12.02,71.33,8.86,20,8.45,Average,7.28,0,13.39,Moderate Delay
Rural,Feeder Bus,17,1,Clear,2.47,39.54,76.9,8.01,33,8.28,Poor,1.35,0,15.08,Major Delay
Urban,Local Bus,7,6,Rain,4.77,80.69,74.12,26.16,17,8.15,Average,6.04,0,17.18,Major Delay
Urban,Feeder Bus,8,1,Cloudy,0.57,55.89,63.41,5.44,24,14.95,Poor,0.0,1,15.51,Major Delay
Rural,Express Bus,21,0,Heavy Rain,2.73,49.05,65.9,4.65,18,19.5,Average,0.41,1,24.28,Major Delay
Urban,Local Bus,5,2,Cloudy,2.78,24.06,50.0,6.87,34,8.96,Good,0.0,1,13.66,Moderate Delay
Urban,Express Bus,14,5,Clear,1.37,52.18,35.5,15.15,18,6.49,Good,0.0,0,14.01,Moderate Delay
Urban,Express Bus,15,2,Rain,5.36,42.05,62.99,12.36,8,4.65,Average,0.0,0,14.62,Moderate Delay
Urban,Local Bus,20,1,Rain,5.41,53.49,59.38,16.48,30,19.63,Average,0.0,0,20.22,Major Delay
Urban,Local Bus,21,6,Heavy Rain,0.97,64.72,76.47,9.76,17,15.83,Average,9.36,0,29.68,Major Delay
Urban,Express Bus,10,1,Clear,0.54,68.66,55.17,14.53,25,7.59,Average,0.96,0,13.83,Moderate Delay
Rural,Express Bus,14,1,Cloudy,3.24,50.96,61.18,14.51,17,11.7,Good,1.88,0,7.68,Moderate Delay
Rural,Local Bus,16,6,Clear,1.14,59.77,63.75,23.45,13,18.01,Good,0.0,0,13.76,Moderate Delay
Urban,Feeder Bus,22,2,Clear,2.14,36.22,69.45,24.67,12,10.68,Average,6.33,0,10.63,Moderate Delay
Urban,Local Bus,15,0,Heavy Rain,7.86,74.05,76.97,13.09,5,15.31,Average,10.4,0,24.75,Major Delay
Urban,Local Bus,7,3,Heavy Rain,0.72,27.6,38.93,19.13,7,10.22,Average,6.11,0,21.49,Major Delay
Rural,Express Bus,21,5,Cloudy,1.37,43.23,72.03,14.97,16,9.52,Good,5.24,0,10.26,Moderate Delay
Urban,Local Bus,14,5,Heavy Rain,0.1,76.44,54.39,18.62,28,2.0,Poor,0.0,0,25.23,Major Delay
Urban,Local Bus,8,0,Clear,1.77,36.92,70.85,16.31,10,8.98,Good,2.99,0,14.65,Moderate Delay
Urban,Local Bus,8,1,Rain,7.66,17.16,87.57,18.42,25,8.32,Good,6.74,0,19.26,Major Delay
Urban,Local Bus,8,4,Cloudy,0.3,38.55,15.83,19.12,23,13.6,Average,9.5,0,13.88,Moderate Delay
Urban,Local Bus,17,4,Rain,12.45,80.01,82.29,16.55,25,12.25,Poor,6.53,0,22.22,Major Delay
Rural,Express Bus,22,4,Rain,1.14,0.0,55.63,14.82,24,11.99,Poor,13.94,0,14.13,Moderate Delay
Urban,Local Bus,12,2,Cloudy,1.08,50.36,40.89,20.26,30,15.76,Good,0.0,0,10.46,Moderate Delay
Rural,Feeder Bus,6,6,Rain,11.95,33.42,49.25,13.19,14,2.0,Good,0.0,0,13.56,Moderate Delay
Urban,Express Bus,20,0,Clear,1.57,44.14,37.37,10.54,25,10.75,Average,5.42,0,19.62,Major Delay
Rural,Local Bus,16,5,Rain,2.09,39.98,68.15,4.67,30,5.15,Average,9.89,0,18.87,Major Delay
Rural,Local Bus,15,6,Clear,2.94,70.09,37.3,16.55,24,4.74,Average,10.69,1,21.54,Major Delay
Rural,Express Bus,6,4,Clear,5.1,49.24,82.09,18.15,34,9.55,Good,0.0,0,8.41,Moderate Delay
Urban,Local Bus,22,3,Rain,2.85,71.24,71.84,3.66,29,11.11,Average,4.05,0,20.15,Major Delay
Urban,Local Bus,6,2,Rain,5.27,77.54,62.54,10.32,19,13.51,Good,8.26,0,18.27,Major Delay
Urban,Feeder Bus,15,3,Rain,5.82,48.69,17.28,18.51,28,13.18,Good,8.12,0,16.99,Major Delay
Urban,Express Bus,15,1,Clear,4.52,39.73,31.55,13.14,19,6.87,Average,6.32,0,8.45,Moderate Delay
Urban,Express Bus,14,1,Clear,1.81,56.68,56.4,14.33,32,10.01,Good,3.07,0,14.2,Moderate Delay
Rural,Local Bus,14,4,Cloudy,14.41,61.11,57.49,19.48,7,18.19,Average,0.0,0,14.43,Moderate Delay
Rural,Local Bus,12,3,Rain,17.22,21.47,76.8,13.35,34,19.07,Average,13.78,1,24.19,Major Delay
Urban,Local Bus,15,3,Heavy Rain,10.37,53.43,10.0,16.31,31,9.47,Good,6.56,1,20.34,Major Delay
Urban,Express Bus,11,3,Rain,4.3,42.17,42.82,7.51,13,11.46,Good,0.0,0,5.6,Moderate Delay
Rural,Local Bus,13,0,Clear,1.6,38.33,74.74,16.11,9,6.52,Poor,1.88,0,12.56,Moderate Delay
Rural,Local Bus,17,6,Rain,2.75,32.11,51.26,5.97,22,16.14,Average,4.8,0,21.1,Major Delay
Urban,Local Bus,18,6,Clear,0.5,33.61,48.65,6.22,23,22.58,Poor,5.88,0,13.45,Moderate Delay
Urban,Express Bus,7,1,Heavy Rain,9.69,76.88,25.76,10.98,16,8.32,Good,0.0,0,12.61,Moderate Delay
Rural,Express Bus,22,2,Cloudy,5.92,39.63,79.17,17.29,24,16.88,Average,0.0,0,10.94,Moderate Delay
Urban,Local Bus,6,4,Clear,2.31,74.31,48.3,14.31,21,14.68,Poor,6.0,0,15.48,Major Delay
Urban,Local Bus,9,0,Cloudy,1.62,51.01,79.87,9.26,15,10.16,Good,0.61,0,26.46,Major Delay
Rural,Local Bus,11,0,Rain,4.53,21.95,87.32,19.26,19,7.52,Good,0.0,0,14.39,Moderate Delay
Rural,Local Bus,10,6,Clear,1.69,52.39,84.34,15.91,7,23.39,Poor,0.0,1,18.79,Major Delay
Rural,Local Bus,11,1,Clear,0.3,20.68,57.35,20.27,21,14.83,Good,3.44,0,14.37,Moderate Delay
Rural,Local Bus,10,4,Rain,1.12,61.96,48.32,8.66,24,15.79,Good,0.0,0,16.77,Major Delay
Urban,Express Bus,12,6,Heavy Rain,5.77,43.22,46.95,22.61,33,9.94,Poor,11.67,0,22.91,Major Delay
Urban,Express Bus,18,5,Cloudy,5.8,67.67,97.37,23.49,15,11.31,Good,9.44,1,24.53,Major Delay
Urban,Feeder Bus,19,1,Clear,2.56,80.97,53.76,19.47,7,4.92,Average,8.08,1,10.44,Moderate Delay
Urban,Feeder Bus,11,1,Cloudy,15.13,8.09,79.06,16.93,9,14.8,Average,3.95,0,9.34,Moderate Delay
Urban,Local Bus,9,5,Clear,2.47,37.39,67.65,16.98,31,9.13,Average,0.0,0,17.86,Major Delay
Urban,Local Bus,17,2,Clear,7.74,20.18,49.77,15.98,32,5.87,Good,0.0,0,9.76,Moderate Delay
Urban,Local Bus,6,6,Clear,2.38,97.64,52.94,5.76,28,6.73,Good,10.12,0,13.76,Moderate Delay
Rural,Express Bus,13,4,Clear,0.81,37.87,81.67,10.41,19,23.05,Average,0.0,0,14.46,Moderate Delay
Urban,Local Bus,8,0,Clear,1.66,17.75,58.63,13.38,34,9.51,Average,3.34,0,13.58,Moderate Delay
Urban,Local Bus,15,1,Clear,6.35,99.53,48.92,7.82,26,12.84,Good,2.05,0,16.95,Major Delay
Urban,Local Bus,6,5,Clear,5.06,31.3,41.86,22.61,11,5.03,Good,2.72,0,8.45,Moderate Delay
Urban,Local Bus,19,4,Cloudy,3.4,10.7,64.4,17.0,14,10.05,Average,2.87,0,15.43,Major Delay
Rural,Express Bus,9,5,Clear,5.12,21.36,47.67,24.69,33,4.15,Good,2.31,1,11.53,Moderate Delay
Urban,Express Bus,14,1,Clear,4.55,51.29,69.88,18.74,9,12.86,Average,1.24,0,13.73,Moderate Delay
Urban,Local Bus,15,1,Cloudy,5.13,49.05,100.0,5.62,26,6.45,Poor,1.9,0,23.04,Major Delay
Rural,Feeder Bus,13,1,Rain,5.15,28.77,68.36,21.84,6,14.99,Good,2.46,0,9.26,Moderate Delay
Urban,Local Bus,13,4,Rain,6.17,36.84,94.08,11.3,25,2.05,Poor,0.0,0,14.59,Moderate Delay
Urban,Local Bus,9,0,Clear,0.71,49.22,43.7,22.19,15,7.84,Average,0.0,0,12.85,Moderate Delay
Urban,Local Bus,18,5,Rain,19.88,78.45,71.68,23.05,5,16.88,Average,1.65,0,17.95,Major Delay
Urban,Express Bus,14,1,Rain,4.12,55.67,83.11,22.11,6,18.67,Poor,0.0,1,16.75,Major Delay
Urban,Express Bus,8,3,Cloudy,11.54,35.05,85.6,20.44,10,11.03,Good,3.17,0,6.16,Moderate Delay
Urban,Local Bus,9,1,Cloudy,4.21,42.75,83.59,16.6,34,9.06,Poor,0.0,0,18.92,Major Delay
Urban,Feeder Bus,12,2,Clear,4.46,65.7,58.33,13.94,34,11.58,Good,0.0,0,13.47,Moderate Delay
Urban,Local Bus,20,5,Clear,1.68,86.64,75.8,25.31,11,21.26,Average,10.77,1,19.79,Major Delay
Urban,Local Bus,22,1,Clear,2.01,22.59,37.65,15.63,14,9.66,Average,0.34,0,10.46,Moderate Delay
Urban,Express Bus,11,3,Clear,0.12,73.62,90.14,11.69,8,11.02,Good,0.0,0,13.13,Moderate Delay
Rural,Feeder Bus,12,0,Heavy Rain,16.94,40.81,38.96,16.65,20,5.74,Average,7.22,1,26.53,Major Delay
Urban,Express Bus,7,1,Clear,9.94,10.64,83.08,20.89,29,7.61,Average,1.04,0,18.42,Major Delay
Urban,Feeder Bus,14,4,Cloudy,1.67,6.09,78.87,20.67,20,13.2,Average,3.16,0,10.15,Moderate Delay
Urban,Local Bus,9,3,Heavy Rain,3.8,78.69,78.74,7.48,28,15.47,Average,4.09,0,24.46,Major Delay
Urban,Express Bus,19,4,Cloudy,6.25,81.43,99.31,20.48,34,12.51,Good,8.1,0,13.39,Moderate Delay
Urban,Feeder Bus,14,1,Clear,0.81,34.91,79.05,18.14,34,15.15,Good,4.57,0,16.56,Major Delay
Rural,Local Bus,8,1,Heavy Rain,1.47,43.12,31.47,11.93,14,6.0,Good,0.0,0,18.04,Major Delay
Rural,Local Bus,21,2,Clear,3.27,7.01,69.8,9.05,12,5.5,Poor,0.0,0,17.7,Major Delay
Urban,Feeder Bus,19,0,Clear,12.23,65.53,20.21,22.58,19,14.97,Average,0.0,0,14.21,Moderate Delay
Urban,Local Bus,10,6,Clear,1.61,47.35,56.18,23.17,6,8.62,Average,0.56,0,11.12,Moderate Delay
Rural,Local Bus,7,1,Clear,6.41,12.3,49.55,23.42,18,5.13,Average,4.99,0,12.17,Moderate Delay
Urban,Feeder Bus,9,5,Rain,16.24,52.71,70.76,6.15,26,12.01,Average,0.0,0,19.18,Major Delay
Urban,Feeder Bus,11,1,Clear,10.05,16.04,41.54,12.74,10,11.43,Good,0.0,0,5.78,Moderate Delay
Urban,Feeder Bus,12,4,Rain,0.67,60.82,42.14,14.34,29,10.05,Good,0.0,1,17.31,Major Delay
Urban,Feeder Bus,19,1,Clear,2.09,23.1,68.02,23.01,30,18.94,Average,0.12,0,11.62,Moderate Delay
Rural,Local Bus,22,1,Heavy Rain,3.29,55.75,81.5,18.85,15,20.37,Good,6.45,0,25.64,Major Delay
Urban,Feeder Bus,18,2,Clear,1.33,32.98,58.05,12.66,14,15.8,Poor,1.63,0,10.21,Moderate Delay
Rural,Local Bus,20,0,Heavy Rain,8.66,0.0,100.0,14.97,33,13.15,Good,8.62,0,27.34,Major Delay
Urban,Express Bus,7,0,Clear,0.56,70.91,51.13,18.28,29,17.9,Average,0.43,0,12.89,Moderate Delay
Urban,Local Bus,7,5,Rain,1.66,72.17,71.59,18.49,28,11.79,Good,3.25,0,9.54,Moderate Delay
Urban,Feeder Bus,21,2,Rain,5.08,36.0,64.83,24.08,15,10.03,Average,2.14,0,8.35,Moderate Delay
Urban,Express Bus,16,3,Cloudy,3.57,54.31,51.14,22.74,17,8.08,Poor,4.56,0,13.7,Moderate Delay
Urban,Feeder Bus,9,4,Clear,1.3,58.08,84.23,21.48,25,7.09,Good,5.8,1,16.35,Major Delay
Urban,Local Bus,19,4,Cloudy,13.39,58.82,40.19,9.41,26,15.64,Good,3.28,0,17.93,Major Delay
Urban,Local Bus,8,4,Cloudy,0.89,87.69,16.48,9.78,12,3.49,Average,16.62,0,16.6,Major Delay
Rural,Local Bus,18,6,Cloudy,7.58,57.59,55.48,8.06,5,8.03,Good,10.8,0,16.86,Major Delay
Urban,Local Bus,20,4,Cloudy,5.97,39.77,52.86,16.54,6,9.23,Good,0.48,0,12.29,Moderate Delay
Urban,Express Bus,13,2,Heavy Rain,6.32,57.84,79.26,11.18,15,3.96,Average,9.94,0,23.13,Major Delay
Urban,Local Bus,16,1,Heavy Rain,0.31,38.11,33.0,17.57,18,9.04,Good,9.4,0,21.79,Major Delay
Urban,Express Bus,18,5,Cloudy,3.33,23.49,68.47,18.44,10,11.47,Good,0.0,0,11.71,Moderate Delay
Rural,Local Bus,20,2,Clear,4.62,76.05,66.05,15.48,5,16.14,Good,0.0,0,12.27,Moderate Delay
Rural,Local Bus,15,3,Clear,5.33,60.29,64.46,19.44,14,8.47,Average,4.44,0,18.27,Major Delay
Rural,Express Bus,10,5,Rain,2.92,5.18,78.88,10.31,31,11.5,Poor,2.7,0,18.0,Major Delay
Urban,Local Bus,8,1,Heavy Rain,6.45,32.28,57.53,5.31,11,3.53,Good,0.0,0,16.72,Major Delay
Urban,Local Bus,11,1,Clear,3.1,65.43,59.04,9.94,24,4.92,Good,4.01,0,12.36,Moderate Delay
Urban,Local Bus,6,0,Clear,1.22,12.03,67.01,19.21,26,2.0,Average,3.6,0,13.87,Moderate Delay
Urban,Local Bus,17,0,Clear,1.33,30.68,55.96,25.22,23,15.89,Average,0.33,0,17.89,Major Delay
Urban,Express Bus,11,4,Clear,5.58,100.0,30.93,23.06,29,9.36,Good,11.26,0,15.77,Major Delay
Urban,Local Bus,17,3,Heavy Rain,1.41,40.39,49.79,13.0,13,12.1,Average,2.25,0,23.76,Major Delay
Urban,Local Bus,6,2,Cloudy,6.93,72.9,52.82,19.97,10,13.62,Average,1.4,1,15.44,Major Delay
Urban,Express Bus,10,1,Clear,1.4,82.51,46.75,5.89,9,15.04,Good,3.37,1,18.99,Major Delay
Urban,Local Bus,12,4,Clear,0.75,27.1,51.67,23.51,17,21.03,Good,0.0,1,13.08,Moderate Delay
Rural,Express Bus,6,0,Clear,17.15,54.13,61.59,17.38,20,10.79,Average,0.0,0,9.07,Moderate Delay
Rural,Local Bus,19,4,Cloudy,11.34,95.35,52.52,18.98,22,7.44,Good,0.0,0,8.55,Moderate Delay
Urban,Feeder Bus,15,6,Cloudy,4.01,58.57,75.08,3.0,31,14.49,Good,5.3,0,18.1,Major Delay
Rural,Local Bus,20,3,Clear,2.0,100.0,75.39,17.03,9,22.81,Average,7.95,0,16.71,Major Delay
Urban,Local Bus,19,3,Clear,7.04,33.35,10.42,25.33,23,8.3,Good,4.78,0,7.85,Moderate Delay
Rural,Feeder Bus,5,3,Rain,20.29,89.33,29.34,16.05,15,7.03,Good,4.39,0,10.04,Moderate Delay
Rural,Express Bus,20,0,Rain,2.3,48.38,10.0,13.73,25,2.0,Good,2.92,0,14.66,Moderate Delay
Urban,Express Bus,6,4,Cloudy,16.57,40.47,52.52,12.75,10,2.0,Poor,10.87,0,15.48,Major Delay
Rural,Feeder Bus,20,2,Clear,1.99,62.72,51.28,9.96,5,18.1,Average,2.57,0,15.25,Major Delay
Rural,Local Bus,17,3,Heavy Rain,0.43,45.44,61.02,14.83,21,10.13,Good,7.78,0,20.58,Major Delay
Rural,Feeder Bus,19,0,Rain,3.79,46.05,74.85,6.99,14,5.31,Good,7.27,0,16.59,Major Delay
Rural,Express Bus,13,6,Heavy Rain,0.29,59.16,57.15,17.0,32,11.02,Poor,0.0,0,20.66,Major Delay
Urban,Local Bus,7,2,Clear,6.71,6.42,45.94,20.96,26,24.01,Average,6.57,0,11.67,Moderate Delay
Urban,Local Bus,7,0,Clear,0.67,29.63,57.91,11.72,18,11.02,Average,0.0,0,17.11,Major Delay
Rural,Local Bus,7,5,Clear,5.83,64.62,48.12,16.6,16,20.57,Good,0.48,1,13.04,Moderate Delay
Urban,Feeder Bus,19,6,Rain,8.15,70.81,28.45,13.92,25,6.32,Good,2.38,1,17.01,Major Delay
Urban,Local Bus,14,3,Cloudy,15.31,56.22,77.16,16.67,18,18.3,Good,9.55,0,18.0,Major Delay
Urban,Local Bus,8,0,Clear,0.44,54.35,66.49,19.76,26,8.19,Average,0.0,0,19.46,Major Delay
Urban,Express Bus,7,6,Heavy Rain,1.65,57.25,86.98,16.79,26,7.15,Poor,4.94,0,22.97,Major Delay
Urban,Express Bus,6,1,Heavy Rain,2.45,70.03,33.26,19.46,34,6.3,Good,0.0,0,19.68,Major Delay
Rural,Local Bus,9,1,Clear,6.16,15.2,25.7,17.43,14,9.38,Average,2.35,0,12.25,Moderate Delay
Urban,Feeder Bus,18,4,Cloudy,3.1,36.28,39.28,19.48,23,15.88,Poor,0.9,1,18.2,Major Delay
Rural,Local Bus,21,2,Cloudy,0.97,46.29,65.98,16.2,19,8.59,Poor,9.6,1,19.54,Major Delay
Rural,Feeder Bus,15,0,Clear,1.96,52.5,75.18,16.29,10,16.35,Average,0.0,0,11.35,Moderate Delay
Urban,Local Bus,22,4,Cloudy,4.51,0.0,63.73,18.45,11,7.41,Good,0.0,0,10.0,Moderate Delay
Urban,Local Bus,12,1,Clear,2.27,19.08,60.87,13.87,5,10.59,Poor,1.14,0,17.52,Major Delay
Urban,Express Bus,10,6,Rain,13.54,47.62,75.09,17.0,13,8.35,Good,0.22,0,15.58,Major Delay
Rural,Local Bus,17,1,Rain,5.29,71.3,48.81,8.95,9,20.06,Good,4.52,0,16.5,Major Delay
Rural,Local Bus,7,6,Rain,0.97,38.36,79.13,3.42,10,13.59,Good,9.91,0,16.62,Major Delay
Urban,Local Bus,21,5,Rain,3.44,32.66,97.7,14.85,8,12.42,Average,1.63,0,17.31,Major Delay
Urban,Express Bus,19,1,Clear,6.51,60.16,36.74,9.5,5,9.61,Good,5.14,0,9.19,Moderate Delay
Urban,Feeder Bus,5,4,Clear,4.84,40.45,52.92,25.88,20,8.09,Average,2.82,1,7.96,Moderate Delay
Urban,Feeder Bus,8,6,Rain,2.11,68.26,30.2,9.49,32,5.97,Poor,5.82,0,25.75,Major Delay
Rural,Feeder Bus,16,0,Clear,2.89,42.91,38.7,18.87,18,17.61,Average,0.0,0,9.96,Moderate Delay
Rural,Feeder Bus,18,5,Rain,3.34,22.35,65.85,10.01,20,2.93,Poor,3.21,0,17.66,Major Delay
Urban,Local Bus,8,3,Clear,8.99,80.67,24.29,14.13,23,9.19,Poor,8.05,0,24.7,Major Delay
Rural,Local Bus,18,6,Clear,6.68,76.46,42.41,7.57,22,15.41,Average,0.0,0,14.2,Moderate Delay
Urban,Feeder Bus,13,1,Cloudy,0.42,26.02,79.07,7.01,7,2.62,Average,2.46,1,15.77,Major Delay
Rural,Feeder Bus,17,5,Cloudy,12.99,57.1,62.47,15.98,18,11.89,Poor,2.98,0,17.83,Major Delay
Urban,Feeder Bus,12,6,Cloudy,16.49,40.49,73.36,11.88,29,6.65,Average,0.0,0,15.96,Major Delay
Urban,Express Bus,13,2,Cloudy,2.36,62.24,32.13,18.72,11,11.13,Good,6.93,0,7.68,Moderate Delay
Rural,Local Bus,12,0,Clear,5.84,27.86,59.35,21.75,8,10.16,Poor,0.47,1,18.32,Major Delay
Urban,Feeder Bus,7,2,Rain,26.54,68.05,95.73,4.7,24,2.0,Average,3.09,0,28.3,Major Delay
Rural,Feeder Bus,8,4,Cloudy,3.64,75.48,44.76,20.56,25,14.19,Poor,6.39,0,15.44,Major Delay
Rural,Express Bus,8,4,Cloudy,4.49,26.21,48.24,8.23,26,6.06,Good,6.9,0,14.16,Moderate Delay
Urban,Feeder Bus,19,3,Clear,7.14,49.56,69.63,12.0,25,8.26,Good,0.0,0,14.42,Moderate Delay
Urban,Express Bus,12,6,Cloudy,11.59,75.97,40.0,5.59,13,11.25,Average,5.4,0,14.7,Moderate Delay
Urban,Feeder Bus,11,4,Clear,0.21,24.97,72.35,5.77,22,12.88,Average,8.25,0,16.21,Major Delay
Urban,Local Bus,20,4,Cloudy,3.53,32.62,22.07,3.0,30,13.24,Good,0.04,0,9.46,Moderate Delay
Urban,Feeder Bus,20,6,Clear,11.56,63.22,10.0,11.57,10,14.95,Poor,7.3,0,14.07,Moderate Delay
Urban,Local Bus,9,6,Rain,7.36,44.3,64.29,14.37,25,2.0,Average,5.39,0,18.72,Major Delay
Rural,Local Bus,11,2,Rain,5.31,11.77,38.4,11.77,23,13.41,Good,5.8,0,17.77,Major Delay
Urban,Local Bus,12,2,Cloudy,4.52,40.63,46.69,3.26,13,11.05,Average,7.66,0,13.79,Moderate Delay
Urban,Local Bus,20,5,Rain,11.07,88.17,75.53,3.0,32,8.23,Good,0.0,1,25.59,Major Delay
Rural,Local Bus,17,3,Cloudy,6.57,95.45,70.48,14.06,9,12.31,Average,0.0,0,16.87,Major Delay
Urban,Feeder Bus,14,3,Clear,15.48,33.35,33.45,18.73,29,15.6,Good,9.17,0,13.14,Moderate Delay
Rural,Express Bus,9,4,Rain,3.06,26.99,68.39,15.49,22,6.62,Good,1.82,0,13.49,Moderate Delay
Urban,Feeder Bus,11,4,Heavy Rain,0.07,37.47,52.0,25.21,8,18.01,Poor,0.0,0,16.91,Major Delay
Rural,Local Bus,5,6,Clear,9.92,89.44,66.34,13.77,18,16.73,Good,2.6,0,13.9,Moderate Delay
Urban,Local Bus,17,2,Clear,2.71,67.37,57.6,15.89,14,12.85,Average,2.88,0,14.75,Moderate Delay
Urban,Express Bus,21,5,Cloudy,3.91,81.67,27.93,13.87,17,4.88,Average,4.65,0,11.73,Moderate Delay
Rural,Express Bus,19,1,Clear,4.81,70.97,43.74,9.31,28,21.77,Good,1.5,0,10.67,Moderate Delay
Urban,Local Bus,10,6,Cloudy,2.05,17.65,10.0,13.01,24,12.42,Poor,12.12,0,24.29,Major Delay
Urban,Feeder Bus,13,0,Cloudy,0.63,26.18,61.7,19.03,10,11.74,Good,0.0,0,3.31,On Time / Minor
Urban,Feeder Bus,22,5,Rain,9.37,31.99,65.94,19.27,27,11.57,Average,0.0,0,10.03,Moderate Delay
Rural,Express Bus,12,0,Clear,20.88,35.99,43.91,16.15,26,13.76,Average,0.0,1,14.47,Moderate Delay
Urban,Feeder Bus,20,6,Clear,4.02,32.4,55.69,23.49,7,15.63,Average,0.0,0,14.91,Moderate Delay
Urban,Express Bus,15,6,Rain,0.07,35.07,38.52,16.74,32,10.87,Good,5.81,0,18.78,Major Delay
Urban,Express Bus,13,5,Clear,10.64,62.73,83.13,15.96,5,4.79,Average,2.4,0,10.69,Moderate Delay
Urban,Local Bus,15,5,Cloudy,0.2,51.12,32.28,23.01,13,16.17,Poor,5.16,0,15.63,Major Delay
Urban,Local Bus,9,3,Clear,1.95,76.05,51.78,9.71,13,6.92,Average,0.06,1,19.7,Major Delay
Urban,Local Bus,12,1,Clear,16.91,53.79,32.03,22.57,7,5.98,Average,5.47,0,17.22,Major Delay
Urban,Express Bus,10,6,Clear,6.08,32.45,62.7,8.16,24,10.68,Good,0.0,0,7.09,Moderate Delay
Urban,Express Bus,18,3,Clear,5.25,52.33,78.76,12.4,18,8.72,Good,4.21,0,13.84,Moderate Delay
Urban,Local Bus,16,5,Rain,5.97,13.24,16.48,3.0,29,12.9,Average,6.39,0,18.57,Major Delay
Urban,Express Bus,12,4,Cloudy,1.22,0.0,71.08,15.51,14,13.85,Good,0.0,0,6.67,Moderate Delay
Urban,Local Bus,19,4,Rain,6.29,62.79,90.63,21.95,30,8.65,Average,11.8,0,25.04,Major Delay
Urban,Local Bus,13,2,Rain,5.54,71.42,60.58,8.37,20,11.61,Good,0.0,0,14.53,Moderate Delay
Urban,Feeder Bus,22,2,Clear,3.28,49.66,44.5,12.3,5,8.57,Good,6.9,0,14.66,Moderate Delay
Urban,Local Bus,15,3,Clear,13.13,39.0,57.24,12.67,14,14.83,Good,7.57,0,7.37,Moderate Delay
Urban,Local Bus,20,4,Rain,8.2,17.14,47.09,12.71,15,13.45,Good,0.0,0,14.04,Moderate Delay
Urban,Local Bus,22,5,Clear,0.81,74.84,97.29,7.71,20,14.59,Average,4.98,0,20.08,Major Delay
Rural,Local Bus,10,1,Clear,2.46,59.33,74.7,14.23,26,9.58,Average,0.0,0,14.97,Moderate Delay
Urban,Express Bus,9,1,Clear,1.91,54.7,76.01,23.42,9,12.29,Good,4.86,0,14.82,Moderate Delay
Urban,Feeder Bus,20,0,Cloudy,1.27,47.89,100.0,10.99,29,13.55,Good,2.28,0,17.09,Major Delay
Urban,Express Bus,9,3,Clear,11.8,37.2,84.89,15.38,10,14.74,Good,3.39,0,13.5,Moderate Delay
Urban,Express Bus,18,4,Clear,2.45,22.39,55.57,15.33,34,14.31,Average,0.46,0,15.15,Major Delay
Urban,Local Bus,8,1,Cloudy,8.34,53.81,58.51,11.63,16,10.39,Good,0.49,0,14.47,Moderate Delay
Urban,Express Bus,20,4,Rain,6.43,35.61,100.0,15.67,33,5.25,Average,0.0,0,12.24,Moderate Delay
Urban,Local Bus,17,0,Clear,0.78,38.25,43.21,11.71,7,13.51,Average,6.6,0,20.67,Major Delay
Urban,Local Bus,14,6,Rain,11.79,87.51,54.57,16.51,11,13.26,Good,11.73,0,23.58,Major Delay
Rural,Feeder Bus,13,4,Clear,3.65,46.89,37.74,13.58,34,5.5,Good,14.77,0,15.82,Major Delay
Rural,Local Bus,16,4,Clear,2.45,0.0,21.63,5.57,10,15.23,Good,8.06,0,7.5,Moderate Delay
Urban,Local Bus,11,4,Clear,0.48,35.68,40.4,3.21,14,11.78,Good,3.36,0,12.9,Moderate Delay
Urban,Local Bus,12,2,Clear,1.38,24.97,40.8,3.0,21,10.36,Good,8.38,0,6.58,Moderate Delay
Rural,Feeder Bus,8,6,Clear,0.99,44.8,45.5,11.54,10,12.07,Poor,5.15,0,9.85,Moderate Delay
Urban,Local Bus,7,5,Rain,0.28,15.24,70.25,18.98,15,15.66,Good,1.68,1,26.58,Major Delay
Rural,Local Bus,21,1,Clear,5.99,57.97,57.76,9.62,26,18.79,Good,13.26,0,11.64,Moderate Delay
Urban,Feeder Bus,18,6,Heavy Rain,1.06,41.19,78.22,12.52,19,10.73,Average,8.29,0,22.5,Major Delay
Rural,Local Bus,12,5,Clear,4.28,37.06,61.02,10.08,17,9.85,Poor,0.0,1,17.54,Major Delay
Rural,Feeder Bus,19,2,Clear,10.77,51.44,61.58,8.99,25,14.04,Average,8.23,1,20.58,Major Delay
Urban,Local Bus,15,6,Cloudy,7.48,46.24,52.17,27.22,33,4.3,Average,6.3,0,15.24,Major Delay
Urban,Express Bus,15,1,Rain,4.98,44.9,96.94,9.21,30,15.31,Good,0.0,0,14.54,Moderate Delay
Urban,Feeder Bus,7,4,Clear,0.09,42.84,49.53,5.89,6,4.23,Average,3.8,1,15.03,Major Delay
Urban,Local Bus,14,4,Clear,1.8,47.53,76.33,8.63,23,4.13,Average,3.15,0,18.96,Major Delay
Urban,Express Bus,6,6,Cloudy,5.38,55.89,34.36,14.45,19,18.77,Average,0.0,0,13.63,Moderate Delay
Rural,Local Bus,17,3,Clear,1.03,53.01,53.13,10.56,17,2.0,Good,0.0,0,14.25,Moderate Delay
Urban,Express Bus,6,6,Cloudy,0.99,73.92,98.15,15.72,12,17.54,Good,8.9,0,7.63,Moderate Delay
Urban,Feeder Bus,14,1,Rain,10.3,35.43,71.7,9.62,13,18.8,Average,0.0,0,17.96,Major Delay
Rural,Express Bus,11,5,Clear,2.85,53.48,30.01,10.47,26,12.7,Good,6.41,0,10.26,Moderate Delay
Urban,Feeder Bus,7,1,Rain,0.32,100.0,37.36,9.76,34,14.03,Average,9.81,0,20.37,Major Delay
Urban,Express Bus,13,6,Clear,5.51,47.06,90.04,13.45,21,3.13,Good,0.0,1,19.46,Major Delay
Rural,Express Bus,8,5,Rain,0.61,47.95,59.77,18.28,11,8.54,Average,11.55,0,10.77,Moderate Delay
Urban,Local Bus,9,4,Heavy Rain,5.37,18.94,52.5,18.92,12,12.79,Good,2.63,0,18.86,Major Delay
Urban,Express Bus,21,0,Cloudy,2.35,31.6,42.42,22.45,10,12.65,Poor,5.43,0,16.46,Major Delay
Urban,Feeder Bus,11,3,Heavy Rain,3.89,45.55,51.65,6.12,20,13.22,Average,13.18,0,23.22,Major Delay
Rural,Express Bus,12,1,Rain,0.94,60.27,86.28,7.76,26,12.64,Average,8.32,0,10.76,Moderate Delay
Urban,Local Bus,5,6,Clear,2.19,62.93,44.0,8.49,28,11.11,Good,2.61,0,18.73,Major Delay
Urban,Local Bus,10,2,Clear,1.82,55.5,45.96,13.98,24,4.89,Average,0.83,0,9.14,Moderate Delay
Urban,Express Bus,11,5,Clear,1.13,66.49,69.99,7.54,34,12.76,Good,1.25,0,8.76,Moderate Delay
Urban,Feeder Bus,17,6,Clear,2.28,25.02,37.21,9.87,31,5.32,Good,0.67,0,15.19,Major Delay
Rural,Local Bus,7,0,Cloudy,0.1,59.25,39.3,18.11,11,9.18,Good,9.81,0,10.27,Moderate Delay
Urban,Local Bus,21,5,Clear,7.05,48.31,58.13,20.42,32,17.96,Good,6.2,0,14.06,Moderate Delay
Rural,Local Bus,7,2,Cloudy,6.68,50.87,58.63,18.16,6,3.18,Average,4.55,0,10.45,Moderate Delay
Urban,Local Bus,16,0,Clear,2.44,39.67,41.82,15.92,27,10.38,Good,2.4,0,12.16,Moderate Delay
Urban,Feeder Bus,5,1,Clear,2.53,26.08,67.46,10.02,21,15.34,Average,7.14,0,18.33,Major Delay
Rural,Local Bus,19,3,Clear,2.18,20.05,62.38,14.13,5,14.19,Poor,0.0,1,11.39,Moderate Delay
Urban,Local Bus,17,5,Heavy Rain,7.04,55.38,18.53,20.84,14,12.53,Average,12.81,0,23.83,Major Delay
Urban,Local Bus,20,4,Clear,1.7,59.45,73.61,17.97,31,7.61,Good,2.16,0,9.96,Moderate Delay
Rural,Local Bus,21,1,Clear,8.63,45.02,46.61,19.31,27,17.55,Average,0.0,0,20.39,Major Delay
Urban,Feeder Bus,20,2,Clear,0.5,47.66,74.12,19.7,21,4.88,Average,9.23,0,12.92,Moderate Delay
Urban,Local Bus,16,2,Heavy Rain,8.68,31.44,99.59,12.03,28,14.46,Good,9.12,0,25.58,Major Delay
Rural,Local Bus,20,5,Clear,0.03,59.57,56.66,17.8,10,11.77,Good,3.13,0,13.62,Moderate Delay
Urban,Local Bus,6,3,Cloudy,2.08,49.39,45.1,11.72,10,7.07,Good,10.14,0,13.43,Moderate Delay
Urban,Feeder Bus,16,0,Clear,7.17,39.59,85.58,17.57,23,9.05,Good,8.51,0,12.33,Moderate Delay
Urban,Feeder Bus,22,0,Clear,8.25,67.92,41.22,21.36,18,20.06,Good,5.4,0,7.88,Moderate Delay
Urban,Local Bus,11,0,Rain,0.54,62.84,95.85,23.32,11,5.19,Good,0.0,0,20.44,Major Delay
Urban,Express Bus,22,6,Cloudy,5.65,12.68,48.73,17.57,5,2.2,Average,4.13,0,4.8,On Time / Minor
Rural,Local Bus,14,3,Cloudy,5.08,49.13,45.46,16.36,18,7.81,Average,3.54,0,12.35,Moderate Delay
Urban,Express Bus,13,3,Clear,5.97,25.96,100.0,22.33,26,13.06,Good,2.26,0,10.09,Moderate Delay
Urban,Local Bus,10,5,Heavy Rain,24.22,51.21,65.26,8.81,16,18.12,Poor,1.65,0,30.7,Major Delay
Urban,Feeder Bus,6,1,Cloudy,26.34,0.0,90.44,22.68,21,11.13,Good,7.26,0,21.21,Major Delay
Urban,Feeder Bus,20,0,Heavy Rain,10.68,52.53,57.48,14.78,10,2.86,Good,0.0,0,16.29,Major Delay
Urban,Local Bus,17,1,Clear,1.06,64.38,56.05,14.83,34,11.48,Good,9.47,0,18.28,Major Delay
Rural,Local Bus,12,1,Clear,1.93,45.45,10.0,11.29,29,15.28,Good,3.25,0,14.52,Moderate Delay
Urban,Local Bus,22,5,Clear,4.05,21.21,78.23,6.96,15,12.6,Average,0.0,0,17.95,Major Delay
Urban,Local Bus,8,5,Rain,2.09,93.0,65.71,22.83,19,13.47,Good,2.05,0,18.57,Major Delay
Rural,Local Bus,19,4,Rain,1.07,74.59,55.76,16.42,24,2.0,Poor,4.5,0,20.88,Major Delay
Urban,Local Bus,13,6,Clear,8.38,35.79,69.84,11.78,9,4.29,Poor,10.71,0,21.6,Major Delay
Urban,Feeder Bus,16,3,Clear,0.52,42.0,58.77,16.1,22,10.33,Good,7.05,0,5.71,Moderate Delay
Rural,Local Bus,5,1,Clear,6.71,2.44,39.13,11.98,12,16.67,Average,9.41,1,17.31,Major Delay
Urban,Feeder Bus,15,2,Clear,6.49,58.89,65.25,3.77,21,7.05,Average,3.18,0,11.78,Moderate Delay
Urban,Local Bus,17,0,Rain,0.31,16.51,54.19,12.93,19,12.02,Average,2.44,0,17.64,Major Delay
Urban,Local Bus,22,6,Clear,0.3,63.33,72.82,5.56,17,11.83,Good,12.78,0,16.49,Major Delay
Urban,Local Bus,11,4,Clear,3.12,71.6,52.39,15.43,24,5.79,Average,2.81,0,12.68,Moderate Delay
Urban,Feeder Bus,6,5,Clear,4.38,46.38,48.63,23.52,16,7.32,Good,0.76,0,10.55,Moderate Delay
Rural,Local Bus,6,1,Clear,2.18,23.52,47.12,10.15,28,10.87,Good,0.25,0,9.16,Moderate Delay
Urban,Local Bus,7,5,Heavy Rain,1.65,76.73,40.32,18.75,11,9.17,Poor,4.97,0,28.5,Major Delay
Rural,Express Bus,10,2,Clear,2.92,48.05,47.55,10.16,6,15.1,Good,0.0,0,6.28,Moderate Delay
Rural,Express Bus,19,3,Heavy Rain,6.22,50.14,66.64,13.88,25,8.9,Good,4.42,0,15.59,Major Delay
Urban,Express Bus,8,4,Cloudy,0.34,26.57,43.01,8.73,22,15.44,Good,4.32,0,12.2,Moderate Delay
Rural,Local Bus,7,6,Cloudy,3.69,52.44,34.49,17.72,26,9.19,Poor,6.46,0,17.85,Major Delay
Rural,Local Bus,5,3,Clear,1.07,43.33,73.79,22.08,16,11.12,Good,0.0,0,15.78,Major Delay
Rural,Feeder Bus,11,4,Cloudy,21.77,17.44,55.24,15.15,25,15.0,Good,0.0,0,10.67,Moderate Delay
Urban,Express Bus,15,4,Cloudy,3.94,78.82,73.36,17.21,6,10.46,Average,1.31,0,12.25,Moderate Delay
Urban,Express Bus,10,2,Clear,12.51,88.46,53.59,17.2,34,8.87,Good,2.8,0,10.84,Moderate Delay
Urban,Local Bus,13,6,Rain,5.9,71.42,46.56,12.51,31,10.65,Good,0.0,0,17.51,Major Delay
Urban,Local Bus,9,6,Clear,16.64,67.98,23.14,21.84,14,15.47,Average,0.0,0,10.65,Moderate Delay
Urban,Feeder Bus,19,2,Clear,2.98,88.6,35.4,10.89,14,12.66,Poor,5.66,0,17.89,Major Delay
Urban,Express Bus,5,6,Clear,3.45,23.91,40.55,4.57,9,2.0,Average,1.94,0,5.09,Moderate Delay
Urban,Local Bus,8,3,Cloudy,2.51,23.63,63.62,8.47,34,7.39,Good,7.54,1,20.8,Major Delay
Rural,Feeder Bus,15,5,Clear,1.29,38.47,55.82,17.69,6,7.43,Good,0.0,0,7.07,Moderate Delay
Urban,Express Bus,20,3,Clear,0.39,54.85,37.49,11.68,29,13.92,Average,2.96,0,17.97,Major Delay
Urban,Local Bus,12,5,Clear,4.42,41.27,10.0,14.56,8,2.0,Good,11.86,0,6.73,Moderate Delay
Urban,Local Bus,6,6,Clear,8.11,24.54,67.25,12.57,34,12.4,Average,2.01,1,17.79,Major Delay
Urban,Express Bus,14,2,Clear,2.78,48.13,75.55,15.09,12,14.18,Average,0.58,0,11.71,Moderate Delay
Urban,Local Bus,9,4,Rain,1.78,45.83,77.29,20.56,18,14.18,Poor,8.06,1,24.88,Major Delay
Urban,Express Bus,10,3,Clear,12.14,67.35,38.7,23.15,6,10.58,Good,9.59,0,15.68,Major Delay
Urban,Express Bus,21,5,Heavy Rain,0.73,49.02,78.54,8.18,13,2.92,Poor,0.32,0,20.11,Major Delay
Urban,Local Bus,21,1,Cloudy,3.28,4.2,69.32,19.59,33,9.71,Good,0.69,0,8.35,Moderate Delay
Urban,Feeder Bus,9,5,Rain,6.79,56.87,69.22,15.18,22,18.37,Average,7.83,0,22.19,Major Delay
Urban,Local Bus,15,4,Heavy Rain,1.04,84.38,45.81,6.66,14,8.02,Good,5.0,1,29.38,Major Delay
Urban,Local Bus,14,3,Clear,3.33,48.67,55.35,16.97,31,21.9,Average,5.11,0,13.89,Moderate Delay
Urban,Express Bus,22,2,Cloudy,8.38,70.7,94.63,25.09,32,15.06,Good,4.68,0,14.54,Moderate Delay
Urban,Express Bus,22,4,Clear,1.01,36.38,91.55,9.57,17,10.28,Good,3.25,0,11.64,Moderate Delay
Urban,Local Bus,11,2,Clear,6.05,61.01,57.03,12.63,16,12.13,Good,8.51,0,17.57,Major Delay
Urban,Express Bus,5,0,Clear,0.2,30.87,61.83,4.36,30,12.87,Good,10.44,0,15.33,Major Delay
Rural,Feeder Bus,5,6,Cloudy,2.72,42.33,14.1,13.3,21,8.11,Poor,0.0,0,12.53,Moderate Delay
Rural,Feeder Bus,5,3,Rain,9.69,42.51,82.08,14.96,13,8.93,Average,7.94,0,14.99,Moderate Delay
Rural,Feeder Bus,19,1,Clear,6.3,58.96,72.91,25.84,22,20.97,Average,3.28,1,16.45,Major Delay
Urban,Local Bus,18,1,Rain,10.24,29.04,64.9,8.39,15,18.46,Average,0.0,0,20.21,Major Delay
Urban,Local Bus,19,5,Clear,2.84,14.31,45.95,19.78,16,9.11,Good,0.0,0,8.28,Moderate Delay
Urban,Express Bus,7,2,Clear,1.16,58.81,59.33,15.8,24,7.11,Good,1.45,1,9.65,Moderate Delay
Rural,Local Bus,6,1,Clear,3.01,57.95,87.32,27.4,15,3.03,Good,8.79,0,11.91,Moderate Delay
Rural,Express Bus,8,3,Cloudy,8.75,50.59,65.24,15.05,20,21.78,Average,0.0,0,11.99,Moderate Delay
Rural,Local Bus,16,0,Clear,13.53,69.46,100.0,13.69,24,16.12,Average,0.0,0,15.38,Major Delay
Rural,Local Bus,5,3,Clear,19.15,43.34,74.23,19.08,32,17.23,Good,2.18,1,18.6,Major Delay
Urban,Local Bus,16,0,Clear,1.85,54.47,39.62,16.93,32,8.28,Good,1.11,1,15.24,Major Delay
Rural,Local Bus,21,5,Cloudy,0.14,39.95,49.78,19.61,31,7.95,Good,8.85,0,12.22,Moderate Delay
Rural,Local Bus,7,3,Rain,0.06,42.05,43.8,17.37,27,6.39,Average,4.78,0,13.22,Moderate Delay
Urban,Express Bus,18,1,Clear,0.5,55.82,75.15,5.15,18,2.0,Good,7.06,0,12.0,Moderate Delay
Rural,Express Bus,14,3,Rain,7.96,100.0,81.07,17.13,18,6.63,Good,1.53,0,9.05,Moderate Delay
Urban,Local Bus,21,1,Cloudy,5.25,65.07,92.33,16.99,7,12.6,Good,0.0,0,10.83,Moderate Delay
Rural,Local Bus,9,2,Clear,5.6,60.62,51.35,9.56,28,12.24,Good,10.06,0,13.73,Moderate Delay
Rural,Feeder Bus,9,0,Clear,2.95,65.79,67.36,15.74,33,7.92,Average,0.55,0,15.59,Major Delay
Urban,Local Bus,5,4,Heavy Rain,1.84,0.0,83.61,3.0,23,14.27,Poor,6.74,1,27.3,Major Delay
Urban,Local Bus,17,6,Clear,11.99,55.34,89.0,15.53,32,7.63,Good,1.66,0,16.31,Major Delay
Urban,Local Bus,20,3,Clear,0.01,68.94,33.39,18.11,20,14.84,Good,6.79,0,11.0,Moderate Delay
Rural,Express Bus,5,0,Rain,0.58,49.94,70.4,19.76,8,14.77,Good,5.01,0,5.81,Moderate Delay
Rural,Feeder Bus,13,0,Rain,6.56,47.01,34.14,18.2,31,15.1,Average,4.14,1,22.85,Major Delay
Urban,Express Bus,18,5,Rain,2.1,26.38,45.96,8.68,17,11.37,Average,5.57,0,12.52,Moderate Delay
Rural,Feeder Bus,19,2,Rain,7.68,38.03,31.86,5.21,20,6.92,Average,2.29,0,14.6,Moderate Delay
Urban,Feeder Bus,21,2,Clear,6.95,28.83,45.58,19.65,23,5.04,Average,0.0,0,9.06,Moderate Delay
Urban,Local Bus,18,0,Rain,6.23,70.99,29.01,16.43,18,2.0,Poor,4.94,0,23.72,Major Delay
Urban,Local Bus,21,4,Clear,5.9,82.54,34.36,16.96,18,14.79,Good,9.23,0,15.6,Major Delay
Urban,Local Bus,22,0,Rain,8.4,92.51,39.91,24.09,25,2.57,Good,3.28,0,13.89,Moderate Delay
Urban,Local Bus,21,6,Clear,8.4,28.45,64.06,4.36,14,10.32,Good,1.93,0,13.82,Moderate Delay
Urban,Express Bus,12,1,Clear,3.37,32.63,58.68,24.82,18,12.09,Average,4.81,0,5.89,Moderate Delay
Urban,Local Bus,12,0,Clear,2.47,30.76,25.12,10.63,9,5.65,Good,8.4,0,9.86,Moderate Delay
Urban,Local Bus,12,4,Rain,4.85,24.57,100.0,18.95,13,10.38,Poor,2.09,0,8.81,Moderate Delay
Rural,Local Bus,22,2,Cloudy,10.6,24.94,48.23,13.92,26,12.59,Average,0.0,0,13.74,Moderate Delay
Urban,Express Bus,10,4,Rain,1.18,36.14,31.41,11.93,20,9.63,Poor,4.29,0,15.92,Major Delay
Rural,Express Bus,18,0,Clear,2.71,68.11,69.65,4.95,15,13.3,Poor,5.32,0,16.29,Major Delay
Urban,Feeder Bus,16,6,Clear,1.73,31.49,57.91,9.97,33,8.78,Average,4.37,0,18.21,Major Delay
Urban,Local Bus,6,2,Cloudy,0.88,72.22,41.75,16.8,11,9.61,Poor,1.03,0,13.14,Moderate Delay
Urban,Local Bus,13,5,Clear,1.95,79.45,65.81,16.13,20,6.56,Average,5.17,0,13.36,Moderate Delay
Urban,Feeder Bus,8,6,Cloudy,0.45,54.56,44.55,19.71,7,10.32,Good,2.35,1,8.93,Moderate Delay
Urban,Express Bus,18,3,Heavy Rain,0.34,76.27,52.09,9.85,34,11.03,Average,1.31,0,22.74,Major Delay
Urban,Express Bus,13,2,Cloudy,14.85,16.69,87.31,18.48,30,6.38,Poor,2.07,0,15.11,Major Delay
Urban,Local Bus,11,2,Clear,0.74,35.16,60.47,14.4,29,13.14,Average,4.37,0,17.44,Major Delay
Urban,Local Bus,6,4,Cloudy,6.17,52.36,70.28,17.8,13,2.0,Average,4.9,0,14.2,Moderate Delay
Urban,Feeder Bus,7,0,Rain,19.11,53.13,47.56,17.08,19,16.41,Good,0.93,0,17.95,Major Delay
Urban,Express Bus,18,1,Cloudy,9.82,80.87,61.06,11.17,18,3.91,Average,4.5,0,17.48,Major Delay
Rural,Express Bus,20,4,Rain,5.94,25.03,42.58,15.51,15,16.2,Good,5.41,0,13.99,Moderate Delay
Urban,Local Bus,10,0,Clear,6.99,35.65,41.7,16.77,5,14.1,Average,6.29,0,13.71,Moderate Delay
Rural,Local Bus,19,2,Rain,1.77,46.05,49.75,18.72,24,16.06,Average,5.91,0,20.45,Major Delay
Rural,Local Bus,14,4,Clear,10.03,36.07,44.11,23.03,5,5.37,Average,10.01,0,13.67,Moderate Delay
Rural,Express Bus,11,1,Rain,16.04,24.02,78.76,10.19,33,9.98,Good,6.93,0,18.53,Major Delay
Rural,Local Bus,13,6,Rain,2.23,37.04,69.58,7.0,9,12.47,Average,13.52,0,25.85,Major Delay
Urban,Local Bus,17,6,Rain,0.31,42.35,12.15,21.72,17,13.14,Good,8.66,0,12.13,Moderate Delay
Urban,Local Bus,21,0,Clear,8.09,81.29,92.48,6.28,14,15.2,Good,8.5,1,21.69,Major Delay
Urban,Feeder Bus,13,1,Rain,23.86,24.53,70.82,20.2,11,14.26,Good,0.0,0,13.58,Moderate Delay
Rural,Local Bus,11,6,Clear,0.87,66.75,80.89,8.54,34,13.38,Average,7.28,0,18.45,Major Delay
Urban,Local Bus,18,0,Clear,2.76,77.26,54.58,10.22,8,13.46,Good,7.76,0,18.5,Major Delay
Urban,Express Bus,14,3,Cloudy,1.61,36.21,28.12,13.53,29,14.42,Good,3.28,0,10.72,Moderate Delay
Rural,Feeder Bus,12,6,Clear,4.19,53.98,31.52,5.29,20,11.1,Poor,0.0,0,9.92,Moderate Delay
Urban,Express Bus,13,4,Clear,1.28,61.25,92.14,8.18,25,16.73,Average,0.0,0,12.5,Moderate Delay
Urban,Feeder Bus,14,2,Cloudy,2.64,57.45,25.45,3.96,18,10.62,Poor,2.1,1,19.76,Major Delay
Rural,Local Bus,7,0,Cloudy,0.78,49.89,29.09,18.02,5,2.54,Average,0.81,0,8.48,Moderate Delay
Urban,Feeder Bus,6,2,Cloudy,0.07,32.39,49.34,13.93,20,17.23,Good,0.0,0,6.87,Moderate Delay
Urban,Feeder Bus,16,3,Cloudy,3.0,63.24,30.3,14.09,5,13.34,Average,5.44,0,11.23,Moderate Delay
Rural,Local Bus,8,0,Rain,6.61,39.39,68.66,13.63,19,10.26,Good,0.0,1,13.37,Moderate Delay
Urban,Express Bus,14,3,Clear,0.48,48.66,70.22,13.89,22,11.57,Poor,0.0,0,11.5,Moderate Delay
Urban,Local Bus,19,2,Clear,20.79,52.04,66.27,11.11,22,18.54,Good,13.82,0,26.11,Major Delay
Urban,Local Bus,8,2,Cloudy,5.54,67.69,45.72,19.74,26,11.5,Average,6.02,1,18.45,Major Delay
Urban,Local Bus,11,6,Rain,1.77,92.34,63.78,3.42,14,18.6,Average,1.37,1,23.45,Major Delay
Urban,Local Bus,22,6,Clear,11.5,31.03,93.67,5.34,34,13.36,Average,0.0,0,14.0,Moderate Delay
Rural,Feeder Bus,5,4,Clear,8.4,49.21,29.32,22.15,19,9.19,Good,0.0,0,10.5,Moderate Delay
Rural,Local Bus,18,4,Rain,6.31,13.86,80.33,15.6,25,4.45,Average,0.39,0,15.97,Major Delay
Urban,Express Bus,8,3,Rain,4.02,82.07,74.16,3.0,17,11.46,Good,0.78,0,19.93,Major Delay
Urban,Local Bus,21,0,Cloudy,1.84,49.01,55.89,15.92,15,17.57,Average,1.89,0,13.06,Moderate Delay
Urban,Local Bus,12,2,Rain,5.0,41.11,61.33,4.46,20,8.16,Good,0.0,0,13.63,Moderate Delay
Rural,Local Bus,5,0,Heavy Rain,4.0,49.2,65.13,21.8,30,12.83,Good,0.0,0,18.55,Major Delay
Urban,Local Bus,17,2,Cloudy,10.97,50.36,38.47,19.52,18,18.68,Average,0.0,1,18.04,Major Delay
Urban,Express Bus,7,3,Clear,5.85,31.17,25.35,26.58,7,2.14,Average,0.0,0,8.74,Moderate Delay
Urban,Feeder Bus,11,4,Cloudy,2.33,75.32,76.13,12.21,24,12.99,Average,0.0,0,13.22,Moderate Delay
Rural,Local Bus,14,2,Rain,2.28,62.83,33.1,6.7,15,13.77,Average,0.45,0,12.1,Moderate Delay
Urban,Feeder Bus,18,1,Cloudy,1.23,66.04,36.14,10.76,26,12.78,Good,1.96,0,9.43,Moderate Delay
Rural,Express Bus,12,4,Clear,4.24,32.36,47.69,10.89,29,2.48,Average,5.83,0,8.51,Moderate Delay
Urban,Express Bus,20,1,Rain,1.96,31.12,63.69,16.31,17,7.2,Good,5.58,0,8.28,Moderate Delay
Rural,Local Bus,13,0,Rain,0.58,45.39,48.01,3.01,32,2.0,Average,6.62,0,12.89,Moderate Delay
Urban,Local Bus,11,4,Clear,7.72,66.4,43.52,13.97,26,4.41,Good,1.98,0,12.07,Moderate Delay
Urban,Feeder Bus,11,4,Heavy Rain,1.73,59.54,77.06,7.91,25,15.22,Good,6.78,0,24.02,Major Delay
Rural,Express Bus,19,6,Rain,2.49,30.11,51.34,10.92,32,9.35,Average,0.0,1,16.21,Major Delay
Rural,Local Bus,16,5,Rain,13.07,63.36,42.03,22.3,31,15.1,Poor,6.52,0,27.84,Major Delay
Urban,Feeder Bus,7,6,Heavy Rain,8.84,25.64,65.89,20.02,28,14.82,Poor,3.3,1,28.48,Major Delay
Urban,Local Bus,18,4,Clear,5.76,32.78,59.17,18.38,34,5.38,Average,8.31,0,18.02,Major Delay
Urban,Express Bus,12,5,Rain,4.19,51.63,58.57,17.82,28,11.85,Good,0.0,0,9.41,Moderate Delay
Urban,Local Bus,11,1,Clear,15.63,21.06,66.87,12.41,30,3.07,Good,8.06,0,16.13,Major Delay
Urban,Feeder Bus,6,3,Rain,2.59,25.84,55.25,13.71,26,12.37,Good,0.0,0,15.58,Major Delay
Rural,Local Bus,22,6,Rain,1.28,83.7,74.89,4.56,18,13.12,Average,9.1,0,16.97,Major Delay
Urban,Local Bus,5,5,Rain,10.92,79.42,29.43,6.6,16,9.86,Good,0.0,0,15.63,Major Delay
Rural,Express Bus,22,2,Rain,5.78,100.0,82.83,14.76,29,2.59,Poor,5.58,0,25.85,Major Delay
Urban,Local Bus,6,6,Rain,0.93,58.36,39.74,7.28,33,3.56,Good,3.07,0,17.2,Major Delay
Urban,Feeder Bus,14,2,Clear,5.79,62.83,25.27,18.14,22,23.71,Good,8.57,0,16.15,Major Delay
Urban,Express Bus,6,0,Clear,0.32,44.44,42.23,13.7,10,14.11,Average,4.26,0,8.98,Moderate Delay
Urban,Local Bus,13,5,Clear,9.06,39.94,51.01,12.21,29,9.61,Good,11.35,0,8.88,Moderate Delay
Urban,Local Bus,20,2,Rain,4.38,68.05,43.3,10.36,13,15.8,Good,0.0,0,18.68,Major Delay
Urban,Feeder Bus,15,0,Cloudy,5.08,79.33,38.7,16.7,27,18.36,Average,0.0,0,14.2,Moderate Delay
Rural,Express Bus,14,1,Cloudy,5.41,66.09,78.21,18.07,11,17.05,Poor,0.23,0,15.07,Major Delay
Rural,Feeder Bus,7,0,Clear,5.7,28.68,40.59,8.72,30,10.03,Good,6.67,0,13.14,Moderate Delay
Rural,Local Bus,22,6,Cloudy,3.18,57.01,12.84,10.85,19,9.33,Good,6.87,0,8.58,Moderate Delay
Urban,Feeder Bus,11,5,Clear,3.57,30.29,50.99,12.87,16,14.98,Good,0.0,0,10.1,Moderate Delay
Urban,Local Bus,14,6,Heavy Rain,1.93,40.54,98.91,15.93,27,9.82,Average,0.0,0,20.19,Major Delay
Urban,Express Bus,21,1,Rain,4.21,85.63,36.72,15.85,26,16.99,Good,4.94,1,14.23,Moderate Delay
Urban,Local Bus,16,5,Cloudy,3.19,20.41,40.01,13.39,12,11.56,Average,9.73,0,16.09,Major Delay
Urban,Local Bus,18,3,Rain,3.8,97.88,49.93,18.25,7,14.97,Average,0.0,0,16.0,Major Delay
Urban,Feeder Bus,8,2,Clear,0.49,60.64,88.88,13.19,33,16.2,Poor,0.0,0,19.84,Major Delay
Urban,Feeder Bus,13,4,Clear,1.54,37.28,50.81,5.62,34,4.51,Average,8.52,0,11.74,Moderate Delay
Urban,Local Bus,14,6,Cloudy,2.83,49.57,37.53,22.02,24,11.73,Average,0.0,0,18.15,Major Delay
Urban,Feeder Bus,8,3,Rain,0.75,32.25,65.26,19.88,8,16.74,Average,6.2,1,21.25,Major Delay
Urban,Local Bus,11,0,Clear,0.17,35.42,63.77,5.74,33,6.97,Good,0.0,0,9.51,Moderate Delay
Urban,Local Bus,19,5,Clear,4.21,49.69,67.73,15.07,18,8.26,Good,2.9,0,14.53,Moderate Delay
Urban,Local Bus,21,1,Cloudy,0.87,40.43,36.75,21.8,23,17.01,Average,1.73,0,13.34,Moderate Delay
Urban,Local Bus,19,1,Clear,1.54,26.54,46.71,12.17,25,18.64,Good,0.0,0,13.82,Moderate Delay
Urban,Local Bus,21,4,Clear,4.95,42.91,80.51,18.63,22,2.0,Good,10.7,0,12.26,Moderate Delay
Urban,Local Bus,22,5,Clear,7.43,17.76,66.18,20.66,11,16.99,Good,3.08,0,8.73,Moderate Delay
Rural,Local Bus,8,5,Heavy Rain,2.01,18.75,74.17,15.61,33,2.0,Good,2.66,0,25.38,Major Delay
Urban,Express Bus,20,6,Clear,9.06,18.51,56.92,26.86,20,10.68,Good,2.22,0,6.79,Moderate Delay
Urban,Feeder Bus,16,6,Clear,11.2,86.44,79.13,17.9,33,4.07,Average,0.0,0,12.47,Moderate Delay
Rural,Express Bus,20,0,Clear,3.01,57.33,63.86,14.61,9,8.26,Average,12.64,0,7.49,Moderate Delay
Urban,Local Bus,16,2,Clear,3.01,61.7,47.53,13.0,25,11.52,Good,1.62,0,12.19,Moderate Delay
Rural,Express Bus,7,5,Rain,1.43,48.26,72.91,13.72,10,13.65,Average,12.77,0,12.9,Moderate Delay
Rural,Local Bus,15,2,Clear,3.9,59.64,40.5,10.61,8,18.15,Good,0.0,0,18.03,Major Delay
Urban,Express Bus,18,5,Clear,7.47,75.04,88.87,7.32,31,4.27,Poor,3.59,0,15.11,Major Delay
Urban,Express Bus,7,3,Heavy Rain,10.51,57.38,78.16,8.61,8,16.78,Average,1.11,0,18.66,Major Delay
Rural,Local Bus,14,3,Rain,0.93,85.73,52.15,13.15,6,9.61,Average,0.0,0,22.94,Major Delay
Rural,Local Bus,16,0,Clear,3.25,47.14,54.3,18.82,6,9.72,Average,2.56,0,14.83,Moderate Delay
Urban,Feeder Bus,13,4,Clear,6.27,61.77,60.65,15.96,15,19.5,Average,11.82,0,9.66,Moderate Delay
Urban,Feeder Bus,19,6,Rain,0.19,64.19,54.54,15.01,9,15.21,Good,9.94,0,17.59,Major Delay
Urban,Express Bus,7,5,Cloudy,3.14,26.56,84.38,26.72,7,2.59,Good,3.62,0,10.89,Moderate Delay
Urban,Feeder Bus,11,2,Heavy Rain,15.18,48.98,47.22,24.1,21,10.61,Poor,0.0,0,18.21,Major Delay
Rural,Feeder Bus,22,4,Clear,8.23,5.65,27.95,8.52,11,7.26,Poor,5.11,0,13.4,Moderate Delay
Urban,Local Bus,14,1,Rain,0.89,45.01,52.83,18.23,18,8.83,Average,0.86,0,10.56,Moderate Delay
Rural,Express Bus,8,4,Clear,12.83,41.58,73.05,6.88,8,10.34,Average,0.0,0,5.89,Moderate Delay
Rural,Local Bus,7,2,Clear,2.22,40.2,78.29,15.61,25,13.32,Good,6.69,0,18.67,Major Delay
Urban,Local Bus,15,6,Rain,0.58,38.63,60.28,5.76,17,4.72,Average,0.0,0,17.69,Major Delay
Urban,Local Bus,21,4,Rain,4.07,59.78,45.32,10.36,31,9.89,Average,4.02,0,25.03,Major Delay
Rural,Feeder Bus,5,0,Clear,0.53,27.63,57.12,17.74,29,9.03,Good,5.73,0,10.26,Moderate Delay
Rural,Express Bus,6,6,Clear,3.2,90.78,44.9,11.27,16,12.92,Poor,6.79,0,20.66,Major Delay
Rural,Local Bus,11,5,Rain,6.25,61.05,11.89,7.53,14,10.74,Average,0.0,0,11.94,Moderate Delay
Urban,Local Bus,8,1,Clear,1.69,29.53,40.96,9.87,31,15.69,Poor,11.86,0,24.42,Major Delay
Urban,Local Bus,7,1,Clear,1.57,62.89,68.21,8.34,15,12.29,Average,4.83,0,23.83,Major Delay
Urban,Express Bus,10,1,Clear,0.71,70.88,52.59,16.47,31,14.02,Good,3.37,0,10.63,Moderate Delay
Rural,Feeder Bus,16,2,Clear,0.16,56.49,51.83,21.22,7,12.16,Average,0.0,0,3.49,On Time / Minor
Urban,Local Bus,19,6,Rain,1.98,24.87,80.14,12.82,25,5.25,Good,0.0,0,17.53,Major Delay
Urban,Local Bus,10,6,Clear,3.06,99.46,38.72,20.18,18,9.13,Poor,1.57,1,22.01,Major Delay
Urban,Express Bus,17,3,Cloudy,2.2,62.71,40.68,10.56,30,7.66,Good,3.21,0,12.67,Moderate Delay
Urban,Local Bus,19,2,Cloudy,4.91,19.31,64.62,13.39,7,14.79,Average,5.07,0,18.4,Major Delay
Rural,Local Bus,5,2,Clear,3.96,52.81,43.76,24.7,32,15.26,Average,1.58,0,9.38,Moderate Delay
Urban,Local Bus,20,6,Cloudy,2.54,42.93,43.66,12.93,34,10.59,Good,10.59,0,16.68,Major Delay
Urban,Local Bus,8,1,Clear,6.11,48.15,88.98,20.42,18,11.73,Good,1.46,0,12.4,Moderate Delay
Rural,Local Bus,17,5,Rain,3.28,20.54,36.56,9.68,24,3.1,Average,4.32,0,21.74,Major Delay
Rural,Feeder Bus,18,6,Rain,2.47,49.25,43.35,13.88,20,9.05,Good,9.03,0,18.66,Major Delay
Urban,Local Bus,20,5,Rain,1.36,28.88,66.78,8.85,23,2.0,Poor,0.6,0,17.73,Major Delay
Urban,Local Bus,12,5,Clear,0.28,39.96,57.02,14.4,20,15.05,Good,0.0,0,11.85,Moderate Delay
Rural,Express Bus,16,6,Rain,2.41,56.91,30.53,15.44,24,22.14,Good,1.28,1,13.96,Moderate Delay
Rural,Feeder Bus,5,1,Cloudy,7.52,37.04,93.68,18.54,18,8.33,Good,7.91,0,8.25,Moderate Delay
Urban,Local Bus,13,6,Clear,1.27,41.32,42.11,10.53,34,12.14,Good,3.69,0,18.91,Major Delay
Urban,Local Bus,22,0,Clear,2.19,66.87,53.09,13.0,33,13.09,Good,6.73,0,14.04,Moderate Delay
Urban,Express Bus,7,0,Clear,8.04,27.56,66.74,21.13,28,5.32,Poor,0.0,0,25.72,Major Delay
Urban,Local Bus,7,1,Clear,30.39,33.09,100.0,6.75,7,10.34,Average,0.0,0,17.19,Major Delay
Rural,Express Bus,17,4,Clear,3.07,19.14,49.81,3.0,11,13.34,Poor,6.25,0,18.28,Major Delay
Urban,Local Bus,14,1,Heavy Rain,4.83,29.07,39.61,10.08,15,11.84,Good,5.1,0,18.41,Major Delay
Urban,Local Bus,13,4,Heavy Rain,0.26,50.97,67.95,17.66,8,11.3,Good,0.0,1,21.57,Major Delay
Rural,Local Bus,9,0,Clear,5.54,62.71,99.76,14.5,32,9.52,Good,0.0,0,15.04,Major Delay
Rural,Express Bus,8,4,Heavy Rain,1.86,29.46,60.72,8.26,13,6.92,Average,2.53,0,11.57,Moderate Delay
Rural,Local Bus,18,1,Rain,1.36,62.03,52.29,14.43,28,14.38,Good,3.13,0,23.63,Major Delay
Urban,Local Bus,11,3,Clear,6.32,50.42,65.83,11.8,32,19.8,Good,0.0,1,15.01,Major Delay
Urban,Local Bus,18,0,Heavy Rain,0.82,16.2,16.49,4.61,13,2.0,Average,3.01,0,23.78,Major Delay
Urban,Express Bus,12,6,Rain,6.41,52.01,45.7,11.96,26,2.0,Good,0.0,0,19.61,Major Delay
Urban,Local Bus,12,2,Cloudy,17.86,75.47,21.49,18.47,24,4.93,Average,0.18,0,11.76,Moderate Delay
Urban,Express Bus,9,4,Clear,8.61,4.48,50.8,12.33,24,8.79,Average,0.0,0,8.16,Moderate Delay
Urban,Express Bus,16,3,Clear,0.94,94.12,47.74,4.92,5,9.69,Average,2.82,0,9.99,Moderate Delay
Urban,Local Bus,10,4,Rain,1.55,33.96,10.0,24.35,21,11.64,Good,0.16,0,6.78,Moderate Delay
Rural,Feeder Bus,21,3,Clear,7.67,10.07,61.58,8.04,20,11.36,Average,10.11,0,14.0,Moderate Delay
Rural,Feeder Bus,12,0,Clear,0.89,51.18,70.36,16.24,5,10.31,Good,4.89,0,14.47,Moderate Delay
Urban,Local Bus,19,5,Clear,3.06,67.12,54.13,19.01,32,17.36,Good,0.0,0,12.55,Moderate Delay
Urban,Local Bus,13,4,Clear,2.22,41.55,27.43,16.53,27,6.37,Good,7.92,0,13.82,Moderate Delay
Urban,Local Bus,12,1,Clear,3.92,55.17,83.3,12.61,23,15.54,Good,2.38,0,13.96,Moderate Delay
Urban,Local Bus,13,0,Heavy Rain,4.12,96.75,95.94,3.1,15,20.93,Average,7.14,0,26.18,Major Delay
Urban,Local Bus,12,6,Clear,5.7,52.73,66.0,21.03,32,3.65,Average,0.0,0,14.31,Moderate Delay
Urban,Feeder Bus,13,2,Rain,12.55,100.0,50.92,7.0,17,2.0,Average,6.37,0,19.98,Major Delay
Rural,Feeder Bus,20,6,Cloudy,9.11,77.09,51.18,19.83,7,11.93,Good,13.61,0,12.79,Moderate Delay
Urban,Local Bus,17,5,Cloudy,8.44,49.19,66.67,20.67,34,14.23,Good,6.28,1,20.19,Major Delay
Rural,Local Bus,5,6,Clear,7.33,54.71,59.8,6.67,21,11.18,Good,0.4,1,12.63,Moderate Delay
Urban,Local Bus,6,4,Clear,4.18,40.65,66.71,6.58,22,2.0,Poor,9.11,0,18.47,Major Delay
Urban,Local Bus,5,1,Rain,3.11,53.74,67.0,11.64,25,2.57,Good,0.0,0,12.39,Moderate Delay
Urban,Local Bus,17,0,Rain,9.57,60.92,43.24,19.52,9,8.46,Good,5.78,0,19.87,Major Delay
Urban,Feeder Bus,8,1,Clear,7.58,38.7,41.54,10.41,5,13.08,Good,14.6,0,12.74,Moderate Delay
Urban,Feeder Bus,11,3,Rain,1.28,16.26,52.39,14.56,18,9.23,Average,0.47,0,9.05,Moderate Delay
Rural,Local Bus,19,4,Rain,6.17,78.39,67.35,10.99,30,12.07,Good,5.93,0,19.55,Major Delay
Urban,Express Bus,7,6,Clear,4.26,70.39,26.81,18.71,34,11.93,Good,13.4,0,14.82,Moderate Delay
Urban,Express Bus,7,0,Cloudy,5.3,15.41,53.43,10.19,12,15.66,Average,8.29,0,11.64,Moderate Delay
Urban,Feeder Bus,6,4,Rain,10.81,51.93,57.28,9.68,34,5.2,Average,6.94,0,13.13,Moderate Delay
Urban,Local Bus,10,0,Rain,1.41,71.62,48.26,7.81,30,11.44,Average,0.0,0,19.76,Major Delay
Urban,Local Bus,6,3,Clear,1.22,69.25,86.05,7.62,29,18.19,Poor,0.0,0,20.52,Major Delay
Urban,Express Bus,16,0,Clear,4.68,32.04,82.64,20.38,13,7.05,Poor,7.71,0,15.73,Major Delay
Rural,Local Bus,18,2,Clear,1.61,70.59,66.31,11.85,26,7.87,Average,1.82,0,20.01,Major Delay
Urban,Express Bus,8,4,Clear,0.33,48.35,93.41,8.29,34,11.43,Poor,0.9,0,20.46,Major Delay
Urban,Local Bus,14,5,Clear,0.7,56.94,75.57,3.97,22,5.71,Average,9.26,0,18.11,Major Delay
Rural,Express Bus,10,5,Cloudy,20.56,26.85,60.68,12.38,31,5.18,Good,6.68,0,15.1,Major Delay
Rural,Feeder Bus,6,3,Cloudy,3.88,0.0,48.46,9.07,13,9.26,Average,0.0,0,6.9,Moderate Delay
Urban,Local Bus,13,1,Clear,6.34,30.12,50.1,7.94,30,9.78,Average,7.18,0,18.61,Major Delay
Urban,Local Bus,17,6,Cloudy,2.78,60.34,65.61,9.36,10,14.76,Average,0.0,0,15.97,Major Delay
Urban,Express Bus,9,6,Clear,9.91,43.28,50.56,14.73,25,6.52,Average,0.0,0,12.04,Moderate Delay
Urban,Local Bus,19,6,Clear,14.31,62.95,27.66,7.03,15,11.15,Average,4.94,0,11.86,Moderate Delay
Urban,Express Bus,22,5,Rain,3.8,73.44,50.39,12.16,17,17.17,Poor,0.0,0,19.17,Major Delay
Rural,Express Bus,6,5,Rain,1.59,40.4,78.55,19.31,27,16.87,Good,0.0,0,14.01,Moderate Delay
Urban,Local Bus,7,0,Clear,12.58,38.13,10.0,10.68,18,10.45,Average,0.0,0,15.75,Major Delay
Rural,Feeder Bus,10,4,Rain,5.95,0.0,86.06,7.62,30,11.94,Average,4.15,0,13.06,Moderate Delay
Urban,Local Bus,20,2,Rain,3.21,12.4,69.48,20.33,22,6.47,Poor,7.25,0,23.27,Major Delay
Rural,Express Bus,7,1,Cloudy,0.41,17.18,53.31,13.47,20,12.44,Good,1.85,1,11.46,Moderate Delay
Rural,Local Bus,13,0,Heavy Rain,3.35,60.8,63.75,12.95,13,18.65,Good,0.0,0,15.67,Major Delay
Urban,Local Bus,14,1,Clear,4.31,40.63,77.22,17.13,24,17.5,Good,0.0,0,11.69,Moderate Delay
Urban,Local Bus,7,6,Clear,4.92,35.71,58.67,13.48,12,10.89,Good,0.0,0,9.72,Moderate Delay
Urban,Feeder Bus,5,6,Rain,1.32,33.08,76.97,14.42,27,12.73,Good,6.88,0,17.54,Major Delay
Rural,Feeder Bus,7,5,Clear,1.38,30.08,75.02,4.57,19,7.32,Good,0.0,0,10.29,Moderate Delay
Urban,Feeder Bus,6,0,Clear,0.66,69.24,61.5,8.96,20,6.35,Good,4.42,0,12.57,Moderate Delay
Urban,Local Bus,14,4,Clear,1.54,50.15,35.79,25.17,20,9.18,Poor,0.0,0,12.54,Moderate Delay
Urban,Local Bus,21,0,Clear,6.99,70.8,56.04,7.76,6,12.35,Good,9.63,0,13.89,Moderate Delay
Rural,Express Bus,11,4,Clear,17.09,0.0,17.17,14.41,28,14.61,Good,3.21,0,3.05,On Time / Minor
Urban,Express Bus,9,0,Clear,2.68,60.25,66.91,24.45,34,10.6,Average,0.0,0,7.42,Moderate Delay
Urban,Local Bus,9,1,Heavy Rain,5.07,36.87,49.61,18.12,27,13.2,Good,0.25,0,30.0,Major Delay
Rural,Feeder Bus,22,0,Clear,0.6,41.53,45.69,15.74,10,2.0,Average,4.18,0,9.72,Moderate Delay
Urban,Local Bus,22,6,Rain,0.63,79.12,71.11,9.19,23,11.85,Average,0.0,0,29.32,Major Delay
Rural,Local Bus,16,3,Clear,9.39,39.03,32.59,10.26,9,7.9,Good,5.09,0,9.51,Moderate Delay
Urban,Feeder Bus,13,6,Clear,6.01,59.31,60.24,12.14,24,4.75,Average,9.66,0,15.28,Major Delay
Urban,Local Bus,7,0,Rain,6.27,24.59,51.2,16.02,18,13.27,Good,7.84,0,16.15,Major Delay
Rural,Local Bus,21,5,Clear,9.64,48.83,54.39,21.64,31,18.24,Good,3.14,0,15.08,Major Delay
Urban,Express Bus,5,3,Clear,5.37,11.4,63.69,14.71,22,10.93,Average,10.41,0,12.49,Moderate Delay
Rural,Feeder Bus,7,3,Rain,0.37,46.68,94.47,10.57,6,15.4,Good,4.24,0,11.58,Moderate Delay
Urban,Local Bus,17,6,Clear,11.65,56.86,65.97,13.42,31,8.91,Average,2.63,0,14.34,Moderate Delay
Urban,Express Bus,8,0,Clear,1.91,73.45,85.17,17.12,22,21.26,Average,2.76,0,12.25,Moderate Delay
Urban,Local Bus,6,6,Heavy Rain,10.89,29.19,85.91,16.02,31,3.12,Good,3.7,0,21.33,Major Delay
Urban,Local Bus,15,0,Clear,8.87,35.83,73.39,12.51,6,10.5,Good,5.43,0,12.8,Moderate Delay
Urban,Local Bus,5,2,Cloudy,5.17,33.19,21.12,7.28,12,14.76,Average,0.0,0,12.02,Moderate Delay
Urban,Local Bus,9,0,Clear,8.95,42.16,53.21,20.46,8,10.85,Good,8.92,0,11.44,Moderate Delay
Urban,Local Bus,16,3,Clear,13.05,25.83,36.19,12.43,13,17.88,Average,9.74,0,9.85,Moderate Delay
Urban,Local Bus,8,4,Clear,5.99,0.0,100.0,15.47,19,2.0,Poor,15.61,0,24.13,Major Delay
Urban,Express Bus,18,4,Cloudy,8.03,24.02,37.92,9.94,24,10.44,Average,0.0,0,12.83,Moderate Delay
Urban,Express Bus,6,5,Clear,1.1,46.87,28.06,9.79,16,9.75,Good,3.43,0,10.45,Moderate Delay
Rural,Express Bus,16,5,Rain,7.47,44.59,10.0,16.98,19,10.45,Good,0.0,0,12.38,Moderate Delay
Urban,Feeder Bus,6,6,Rain,1.06,60.7,37.27,6.4,27,3.09,Average,6.5,0,9.74,Moderate Delay
Urban,Local Bus,18,3,Cloudy,4.64,67.37,60.46,7.02,17,9.54,Average,9.38,0,19.07,Major Delay
Rural,Local Bus,18,1,Clear,1.62,37.66,79.74,23.05,29,9.31,Poor,3.47,0,22.05,Major Delay
Rural,Local Bus,19,1,Cloudy,2.17,11.53,36.6,18.96,8,12.22,Average,1.74,1,9.23,Moderate Delay
Urban,Express Bus,10,1,Rain,14.53,57.27,81.43,16.5,28,16.49,Good,0.88,0,13.64,Moderate Delay
Urban,Local Bus,9,4,Clear,3.69,47.77,56.73,7.56,29,11.56,Good,2.34,0,11.49,Moderate Delay
Urban,Local Bus,22,0,Rain,4.6,42.06,48.29,15.32,22,13.09,Poor,5.19,0,14.37,Moderate Delay
Urban,Local Bus,18,6,Clear,7.79,76.07,61.46,13.56,13,17.29,Average,5.16,0,19.86,Major Delay
Rural,Local Bus,8,6,Heavy Rain,4.27,58.36,86.35,11.35,5,16.95,Poor,10.8,0,27.68,Major Delay
Rural,Feeder Bus,5,1,Heavy Rain,7.35,50.83,59.02,13.46,34,2.0,Average,2.52,0,15.7,Major Delay
Urban,Express Bus,11,5,Clear,8.02,51.77,35.83,5.41,5,14.99,Poor,7.9,0,7.48,Moderate Delay
Rural,Local Bus,16,4,Clear,1.97,67.54,66.48,3.0,7,14.96,Average,0.0,0,10.26,Moderate Delay
Urban,Express Bus,11,3,Cloudy,0.81,32.14,66.16,15.78,10,9.69,Poor,0.0,0,15.95,Major Delay
Urban,Express Bus,19,5,Cloudy,4.2,27.75,54.19,14.97,10,8.71,Poor,8.41,0,11.13,Moderate Delay
Rural,Local Bus,14,4,Rain,2.18,42.61,78.43,15.51,13,5.35,Average,5.46,0,9.8,Moderate Delay
Urban,Local Bus,22,2,Clear,8.65,20.91,12.22,18.62,11,2.0,Poor,0.8,0,10.57,Moderate Delay
Urban,Express Bus,20,3,Cloudy,2.27,46.96,65.14,17.07,18,15.25,Average,0.0,0,8.95,Moderate Delay
Urban,Local Bus,13,0,Heavy Rain,12.97,50.23,73.69,22.91,31,14.83,Average,1.07,0,28.56,Major Delay
Rural,Local Bus,20,1,Heavy Rain,13.4,46.42,29.02,21.08,16,10.5,Average,4.54,0,20.8,Major Delay
Urban,Local Bus,13,6,Clear,12.01,39.69,28.33,14.35,9,14.55,Average,4.24,1,13.18,Moderate Delay
Urban,Express Bus,5,1,Heavy Rain,6.76,86.02,77.96,14.95,9,16.12,Average,0.0,0,18.42,Major Delay
Urban,Feeder Bus,10,4,Clear,1.69,69.64,81.49,15.35,30,2.02,Average,0.0,0,13.99,Moderate Delay
Urban,Express Bus,12,2,Cloudy,2.63,45.77,85.2,4.8,7,12.25,Good,4.15,0,9.25,Moderate Delay
Urban,Local Bus,22,3,Clear,6.65,50.14,44.14,19.52,33,9.79,Average,6.4,0,23.51,Major Delay
Rural,Local Bus,19,1,Cloudy,3.28,79.66,62.02,17.51,5,13.16,Poor,0.0,0,20.35,Major Delay
Rural,Express Bus,7,3,Clear,3.06,34.56,64.67,4.05,6,11.93,Average,0.0,0,9.6,Moderate Delay
Rural,Feeder Bus,5,3,Clear,12.53,25.79,23.86,23.3,7,14.85,Average,3.65,0,9.09,Moderate Delay
Rural,Feeder Bus,14,4,Clear,0.56,53.22,61.15,11.43,32,3.09,Poor,0.0,0,11.93,Moderate Delay
Urban,Feeder Bus,14,2,Rain,7.04,57.52,60.77,13.25,5,17.57,Average,1.55,1,21.28,Major Delay
Urban,Local Bus,18,4,Cloudy,6.25,59.24,72.91,13.14,31,8.38,Average,6.47,0,7.29,Moderate Delay
Urban,Express Bus,9,5,Rain,4.51,67.04,46.57,12.97,5,10.33,Average,2.27,0,12.68,Moderate Delay
Urban,Feeder Bus,19,5,Cloudy,1.0,31.15,83.01,28.37,26,2.2,Average,0.0,0,9.78,Moderate Delay
Rural,Express Bus,12,3,Clear,2.69,15.61,59.61,12.43,18,10.48,Average,11.03,0,13.41,Moderate Delay
Rural,Express Bus,11,2,Clear,4.43,34.55,92.19,12.05,12,10.91,Good,3.53,0,8.93,Moderate Delay
Rural,Local Bus,12,3,Clear,0.83,61.38,72.93,14.12,25,10.6,Good,4.54,0,6.81,Moderate Delay
Urban,Express Bus,22,3,Clear,10.48,26.8,63.55,8.91,26,7.32,Poor,7.89,0,14.44,Moderate Delay
Urban,Local Bus,12,6,Heavy Rain,3.94,3.52,34.36,15.75,17,4.9,Poor,2.59,0,18.86,Major Delay
Urban,Local Bus,15,2,Clear,3.63,51.32,31.6,9.07,8,14.21,Good,2.12,0,15.21,Major Delay
Urban,Feeder Bus,21,2,Cloudy,7.43,34.96,90.02,17.0,12,2.31,Poor,9.63,0,17.23,Major Delay
Urban,Feeder Bus,5,5,Rain,14.84,8.28,75.55,7.74,5,15.02,Average,0.0,0,13.39,Moderate Delay
Urban,Feeder Bus,14,4,Rain,2.61,49.71,52.3,10.48,23,19.47,Good,8.07,0,16.14,Major Delay
Urban,Local Bus,17,2,Clear,0.7,39.12,49.66,7.97,15,22.08,Average,0.0,0,6.3,Moderate Delay
Rural,Local Bus,21,0,Heavy Rain,16.37,86.55,62.44,10.81,23,5.58,Good,0.0,0,17.02,Major Delay
Urban,Local Bus,6,4,Cloudy,4.93,50.04,31.1,3.28,21,13.95,Good,4.96,0,5.81,Moderate Delay
Urban,Feeder Bus,18,5,Cloudy,21.82,61.48,48.65,3.0,26,8.19,Poor,10.64,0,28.12,Major Delay
Rural,Express Bus,19,6,Rain,13.17,47.6,70.25,12.07,18,17.12,Average,4.24,0,14.7,Moderate Delay
Urban,Feeder Bus,11,3,Clear,1.45,34.26,72.93,4.78,13,12.97,Good,0.0,1,14.9,Moderate Delay
Rural,Local Bus,18,3,Rain,3.16,36.78,50.64,24.4,23,9.54,Average,7.06,0,13.16,Moderate Delay
Rural,Express Bus,13,1,Cloudy,0.02,72.86,90.0,11.85,33,6.45,Average,0.0,0,11.73,Moderate Delay
Urban,Express Bus,16,3,Rain,1.68,65.2,78.9,18.25,25,9.15,Average,6.67,0,15.17,Major Delay
Rural,Local Bus,12,0,Rain,0.53,13.76,42.62,15.85,10,7.63,Good,4.94,0,12.3,Moderate Delay
Urban,Feeder Bus,8,3,Cloudy,1.88,19.28,32.48,7.62,12,10.88,Good,0.0,0,8.96,Moderate Delay
Rural,Express Bus,19,4,Clear,0.24,20.56,69.89,11.48,33,11.14,Average,5.3,0,10.4,Moderate Delay
Rural,Local Bus,8,5,Clear,1.28,72.38,49.0,18.44,26,8.23,Average,0.0,0,6.91,Moderate Delay
Rural,Local Bus,8,4,Rain,1.8,8.18,45.2,18.05,23,7.78,Poor,10.26,0,26.33,Major Delay
Urban,Feeder Bus,20,5,Cloudy,3.62,66.09,62.46,19.2,26,14.14,Good,0.0,0,12.15,Moderate Delay
Urban,Express Bus,21,4,Rain,0.39,57.16,72.39,10.06,13,14.5,Poor,2.7,0,15.55,Major Delay
Rural,Express Bus,15,5,Clear,10.89,51.38,73.84,17.5,32,6.94,Poor,0.0,0,11.52,Moderate Delay
Rural,Express Bus,15,3,Cloudy,1.7,37.12,59.1,10.37,10,10.73,Good,10.55,0,14.0,Moderate Delay
Urban,Local Bus,11,4,Rain,5.21,75.34,12.12,20.07,33,6.68,Good,0.0,0,11.64,Moderate Delay
Urban,Express Bus,16,4,Rain,1.61,50.61,77.09,19.88,11,24.04,Average,15.15,1,17.9,Major Delay
Urban,Feeder Bus,15,4,Clear,3.86,14.78,41.88,5.76,14,6.3,Poor,1.69,0,12.53,Moderate Delay
Rural,Local Bus,14,3,Clear,3.46,20.14,64.17,15.66,24,12.27,Good,0.68,0,13.95,Moderate Delay
Rural,Express Bus,16,5,Rain,11.33,10.17,55.56,7.43,19,13.23,Good,7.36,0,11.27,Moderate Delay
Urban,Local Bus,14,1,Rain,2.87,75.61,100.0,18.97,33,7.67,Average,3.33,0,20.35,Major Delay
Urban,Local Bus,20,2,Clear,3.06,80.76,99.16,7.23,30,6.7,Average,0.0,0,18.37,Major Delay
Urban,Local Bus,17,3,Cloudy,0.91,72.98,48.81,15.94,31,9.6,Good,0.0,0,13.21,Moderate Delay
Urban,Feeder Bus,11,4,Clear,0.24,44.71,31.11,18.43,22,6.67,Good,1.01,0,14.87,Moderate Delay
Urban,Local Bus,16,3,Clear,4.9,15.19,32.67,14.4,34,11.94,Good,0.03,0,7.2,Moderate Delay
Urban,Local Bus,9,1,Clear,5.02,23.76,63.43,19.17,26,6.75,Poor,7.55,0,19.17,Major Delay
Urban,Express Bus,8,5,Clear,4.44,25.26,47.21,15.76,14,11.73,Average,3.93,0,8.71,Moderate Delay
Urban,Local Bus,19,3,Rain,8.96,46.95,35.78,23.4,22,2.0,Average,5.81,0,18.96,Major Delay
Urban,Express Bus,15,3,Clear,3.56,79.91,47.53,7.39,16,6.97,Poor,1.41,0,13.38,Moderate Delay
Urban,Feeder Bus,5,6,Rain,2.27,79.82,67.02,11.7,13,8.9,Average,6.72,0,18.0,Major Delay
Rural,Local Bus,11,3,Clear,4.33,36.77,56.43,3.0,27,16.0,Poor,0.03,0,15.67,Major Delay
Urban,Local Bus,22,1,Clear,2.96,0.0,48.35,12.22,17,2.0,Good,0.0,0,3.73,On Time / Minor
Rural,Feeder Bus,16,6,Clear,9.8,21.16,50.86,6.88,12,16.08,Good,0.95,0,7.97,Moderate Delay
Urban,Local Bus,20,2,Clear,1.63,75.34,54.76,5.68,30,14.3,Good,10.62,1,14.14,Moderate Delay
Urban,Local Bus,14,6,Cloudy,3.18,53.33,62.45,4.67,15,2.07,Good,0.62,0,12.3,Moderate Delay
Urban,Feeder Bus,5,3,Rain,1.84,39.82,63.63,11.16,27,13.69,Average,0.85,1,16.41,Major Delay
Urban,Feeder Bus,8,1,Rain,11.24,38.22,25.03,15.52,13,6.35,Average,4.59,1,16.48,Major Delay
Urban,Express Bus,6,2,Rain,1.92,30.73,61.33,16.87,16,13.86,Good,2.85,0,11.28,Moderate Delay
Urban,Express Bus,18,6,Rain,12.8,20.31,50.76,20.01,17,14.15,Average,0.0,0,13.97,Moderate Delay
Rural,Feeder Bus,18,6,Rain,1.44,95.66,37.72,19.67,19,14.97,Average,0.0,0,8.32,Moderate Delay
Urban,Express Bus,13,0,Cloudy,7.06,87.53,50.55,7.23,28,8.14,Average,7.24,0,13.51,Moderate Delay
Urban,Express Bus,18,6,Rain,3.05,29.1,81.12,9.54,15,14.41,Good,0.0,0,14.54,Moderate Delay
Urban,Feeder Bus,14,5,Clear,0.34,7.66,74.17,15.16,5,18.7,Poor,7.92,0,19.16,Major Delay
Urban,Express Bus,18,4,Clear,12.43,51.89,59.94,15.25,9,9.54,Average,1.16,1,23.2,Major Delay
Rural,Local Bus,17,1,Rain,1.29,44.61,40.06,22.28,5,10.18,Poor,0.0,0,22.75,Major Delay
Rural,Local Bus,13,4,Rain,2.37,62.45,30.81,12.27,32,14.55,Average,6.73,0,14.5,Moderate Delay
Urban,Local Bus,16,2,Clear,4.79,67.66,39.16,18.61,5,2.0,Average,7.51,1,16.33,Major Delay
Urban,Local Bus,10,0,Heavy Rain,0.73,21.09,58.24,13.14,32,6.09,Good,6.41,0,24.81,Major Delay
Urban,Local Bus,18,6,Clear,1.57,77.45,58.67,16.15,24,16.04,Average,1.17,0,19.01,Major Delay
Urban,Local Bus,21,4,Rain,2.78,39.88,44.97,16.33,5,11.77,Good,1.72,0,11.9,Moderate Delay
Rural,Feeder Bus,8,0,Heavy Rain,0.29,61.98,75.56,13.87,15,9.92,Poor,1.23,0,24.01,Major Delay
Rural,Local Bus,17,2,Clear,4.34,41.99,65.69,8.14,28,6.29,Good,0.0,0,14.39,Moderate Delay
Urban,Local Bus,6,5,Rain,0.6,69.22,10.0,15.66,19,11.13,Good,4.9,0,11.74,Moderate Delay
Urban,Local Bus,11,3,Rain,6.92,0.0,60.18,17.86,29,8.35,Average,2.47,0,15.94,Major Delay
Urban,Local Bus,17,3,Rain,9.94,64.98,73.11,14.64,18,2.27,Average,1.18,0,14.49,Moderate Delay
Urban,Express Bus,9,0,Heavy Rain,7.34,28.87,62.05,3.0,15,17.51,Average,0.0,0,27.77,Major Delay
Urban,Local Bus,9,0,Cloudy,8.27,49.69,69.63,12.94,11,7.53,Average,4.24,0,14.69,Moderate Delay
Urban,Local Bus,11,6,Clear,2.64,76.63,52.73,18.07,24,9.64,Average,9.84,0,18.2,Major Delay
Rural,Feeder Bus,7,6,Cloudy,0.5,29.53,56.69,8.12,28,2.08,Poor,4.09,0,16.98,Major Delay
Urban,Local Bus,16,0,Clear,9.53,25.92,57.11,20.4,25,8.32,Average,0.0,0,12.75,Moderate Delay
Urban,Local Bus,7,3,Clear,1.62,39.44,61.68,10.32,10,16.03,Average,3.38,0,17.11,Major Delay
Urban,Feeder Bus,10,4,Clear,3.35,37.99,46.42,12.08,15,15.65,Poor,5.91,0,20.68,Major Delay
Urban,Express Bus,10,6,Clear,1.06,23.85,79.85,15.24,25,11.13,Good,7.05,0,13.05,Moderate Delay
Rural,Express Bus,22,3,Rain,0.86,50.44,86.46,8.47,11,7.88,Good,6.08,0,15.78,Major Delay
Urban,Feeder Bus,22,6,Heavy Rain,4.67,51.64,47.38,19.47,27,11.13,Good,4.17,0,20.4,Major Delay
Rural,Feeder Bus,6,0,Heavy Rain,3.81,58.65,34.63,21.59,32,13.53,Average,17.05,0,17.83,Major Delay
Rural,Local Bus,7,0,Clear,1.72,29.15,31.09,7.4,12,3.52,Average,0.0,1,13.45,Moderate Delay
Urban,Express Bus,18,3,Cloudy,16.68,26.29,66.1,12.89,16,12.25,Good,10.95,0,13.04,Moderate Delay
Urban,Express Bus,10,1,Cloudy,6.16,45.27,69.76,25.36,26,14.83,Good,6.27,0,15.83,Major Delay
Rural,Local Bus,16,5,Clear,1.49,42.36,66.18,20.6,27,10.7,Good,14.97,0,16.75,Major Delay
Urban,Feeder Bus,21,2,Cloudy,2.27,42.81,67.9,4.32,11,10.9,Average,0.0,0,12.98,Moderate Delay
Urban,Local Bus,7,2,Clear,3.72,31.73,46.63,21.0,19,7.37,Good,11.18,0,15.32,Major Delay
Rural,Feeder Bus,22,3,Heavy Rain,2.28,55.59,18.2,3.0,20,12.49,Average,11.69,0,20.64,Major Delay
Rural,Express Bus,5,6,Clear,11.74,26.32,48.05,17.69,29,19.04,Poor,2.71,0,11.21,Moderate Delay
Urban,Local Bus,9,0,Rain,5.81,45.19,91.08,8.86,26,18.03,Average,0.0,0,25.38,Major Delay
Urban,Local Bus,14,3,Rain,7.36,40.95,63.3,16.76,9,8.12,Poor,14.12,0,22.6,Major Delay
Urban,Feeder Bus,20,2,Rain,8.08,47.23,66.49,15.48,9,9.13,Poor,0.0,0,25.56,Major Delay
Rural,Express Bus,14,0,Clear,5.78,75.26,76.09,14.8,32,17.83,Average,8.73,0,14.97,Moderate Delay
Urban,Local Bus,7,5,Clear,6.58,17.77,41.2,17.51,25,13.97,Average,10.98,0,14.11,Moderate Delay
Urban,Local Bus,9,6,Heavy Rain,11.31,0.0,62.47,11.02,30,13.87,Average,2.7,0,15.23,Major Delay
Rural,Express Bus,18,1,Clear,6.89,34.33,68.24,10.41,8,2.0,Average,2.66,0,18.66,Major Delay
Rural,Local Bus,15,5,Clear,0.76,21.52,39.35,19.58,20,15.57,Good,12.33,0,13.29,Moderate Delay
Rural,Express Bus,5,4,Heavy Rain,14.96,0.0,65.28,14.03,7,9.6,Good,1.96,0,15.97,Major Delay
Urban,Express Bus,14,4,Rain,0.18,88.17,83.91,10.58,19,12.17,Average,0.71,0,23.05,Major Delay
Urban,Local Bus,12,3,Rain,5.57,60.87,49.99,12.93,15,7.47,Poor,0.0,0,19.06,Major Delay
Rural,Express Bus,5,2,Clear,4.13,63.34,23.55,12.41,14,19.25,Average,9.11,0,8.8,Moderate Delay
Rural,Local Bus,9,0,Clear,2.06,41.43,61.45,11.92,11,6.13,Good,1.63,0,14.89,Moderate Delay
Urban,Feeder Bus,21,0,Rain,8.11,57.68,44.87,16.66,8,20.76,Average,7.41,0,15.8,Major Delay
Urban,Feeder Bus,17,1,Clear,3.03,38.28,61.62,8.78,9,11.14,Average,2.76,1,9.92,Moderate Delay
Urban,Local Bus,6,3,Clear,5.89,66.73,41.16,23.12,21,10.16,Average,10.18,0,20.7,Major Delay
Urban,Local Bus,5,0,Clear,0.63,52.35,59.22,15.34,12,6.58,Average,10.38,0,10.75,Moderate Delay
Urban,Local Bus,11,4,Cloudy,9.46,47.16,82.54,3.0,14,8.39,Good,0.0,0,11.11,Moderate Delay
Urban,Feeder Bus,13,4,Clear,8.73,48.9,57.44,15.65,27,9.98,Good,1.18,0,14.76,Moderate Delay
Urban,Local Bus,13,2,Rain,3.63,81.71,25.02,8.42,17,11.67,Poor,6.41,0,13.44,Moderate Delay
Rural,Express Bus,17,0,Clear,1.13,51.85,65.51,13.83,30,13.7,Good,10.54,0,14.5,Moderate Delay
Urban,Feeder Bus,8,3,Clear,10.05,24.32,58.4,13.09,23,9.96,Poor,4.06,0,18.1,Major Delay
Urban,Local Bus,5,5,Heavy Rain,0.2,55.73,62.26,18.07,33,13.69,Good,4.57,0,25.32,Major Delay
Urban,Express Bus,17,2,Heavy Rain,3.83,59.25,77.46,18.0,26,16.91,Poor,5.24,0,27.74,Major Delay
Urban,Local Bus,21,5,Cloudy,2.58,44.67,47.5,15.33,33,16.29,Good,0.0,0,15.96,Major Delay
Urban,Express Bus,8,2,Heavy Rain,5.41,46.8,52.24,25.46,26,14.13,Average,1.23,0,23.11,Major Delay
Urban,Local Bus,11,0,Clear,2.53,23.48,37.41,9.65,23,13.5,Average,2.57,0,17.82,Major Delay
Urban,Feeder Bus,16,4,Clear,8.31,50.23,61.87,22.19,16,5.7,Average,8.5,0,11.92,Moderate Delay
Urban,Local Bus,7,6,Clear,0.76,20.07,61.34,22.36,25,12.04,Average,12.47,0,13.33,Moderate Delay
Rural,Local Bus,20,6,Clear,10.12,42.23,52.81,16.02,17,5.58,Good,0.0,0,8.46,Moderate Delay
Urban,Feeder Bus,9,6,Rain,3.14,32.61,72.94,16.75,14,16.08,Good,7.11,0,19.09,Major Delay
Rural,Feeder Bus,14,0,Rain,1.94,70.61,37.27,19.7,5,12.44,Good,4.59,0,11.21,Moderate Delay
Rural,Express Bus,11,0,Clear,5.28,83.65,60.54,12.11,31,16.65,Average,0.99,0,11.53,Moderate Delay
Rural,Express Bus,17,3,Clear,7.89,21.68,70.02,10.96,13,16.88,Average,0.0,0,15.04,Major Delay
Urban,Local Bus,8,6,Heavy Rain,2.84,47.89,47.16,11.28,15,13.21,Good,4.64,0,23.07,Major Delay
Urban,Express Bus,6,6,Cloudy,3.14,40.86,30.53,15.75,28,7.62,Average,0.58,0,15.91,Major Delay
Urban,Local Bus,14,1,Clear,1.34,58.68,24.09,11.19,27,2.0,Good,5.36,0,13.07,Moderate Delay
Rural,Local Bus,20,2,Clear,0.18,50.21,61.11,9.67,25,13.71,Good,0.0,0,15.71,Major Delay
Urban,Feeder Bus,16,4,Clear,1.81,39.09,91.88,7.79,28,10.16,Good,0.0,0,11.67,Moderate Delay
Rural,Express Bus,18,6,Clear,3.68,50.16,45.81,8.1,34,15.0,Average,8.88,0,7.93,Moderate Delay
Urban,Local Bus,12,1,Clear,2.37,43.06,67.03,10.16,34,14.49,Good,4.48,0,13.1,Moderate Delay
Rural,Local Bus,7,6,Cloudy,2.38,84.55,10.0,10.3,19,13.99,Poor,4.36,0,15.44,Major Delay
Urban,Feeder Bus,12,5,Clear,0.74,29.75,65.47,14.64,5,12.24,Average,0.97,0,5.87,Moderate Delay
Urban,Local Bus,22,0,Cloudy,0.95,53.92,36.23,9.34,8,2.71,Average,7.29,0,13.75,Moderate Delay
Urban,Local Bus,19,5,Clear,0.72,59.72,50.13,16.95,12,17.32,Good,2.59,0,17.11,Major Delay
Urban,Local Bus,17,4,Clear,3.78,58.08,59.58,25.81,21,4.72,Average,7.39,0,14.7,Moderate Delay
Urban,Local Bus,10,6,Clear,5.49,41.15,24.78,21.5,19,7.76,Poor,1.23,0,16.93,Major Delay
Urban,Local Bus,15,1,Rain,3.94,79.47,100.0,7.63,23,9.35,Average,0.0,0,18.35,Major Delay
Urban,Feeder Bus,16,6,Rain,5.78,0.0,45.89,12.21,28,11.09,Good,0.0,1,14.28,Moderate Delay
Urban,Local Bus,16,0,Clear,0.93,22.84,70.14,6.38,26,9.4,Good,5.62,0,11.32,Moderate Delay
Urban,Local Bus,21,0,Clear,3.46,63.26,87.85,15.17,26,8.22,Good,0.0,0,15.38,Major Delay
Rural,Express Bus,17,3,Cloudy,1.98,27.76,63.86,15.52,30,15.01,Good,12.56,0,16.09,Major Delay
Urban,Express Bus,8,4,Clear,2.9,26.41,33.45,15.04,7,4.34,Average,0.0,0,14.78,Moderate Delay
Urban,Express Bus,8,1,Cloudy,0.35,37.25,60.05,7.7,16,8.93,Good,2.75,0,9.64,Moderate Delay
Urban,Express Bus,16,1,Heavy Rain,0.69,29.93,21.25,10.1,30,2.0,Average,9.45,0,17.22,Major Delay
Urban,Express Bus,20,2,Clear,3.65,62.65,51.38,19.73,8,5.85,Average,4.93,0,16.24,Major Delay
Urban,Express Bus,22,0,Cloudy,1.33,68.8,91.54,16.38,17,3.18,Average,1.74,1,14.45,Moderate Delay
Urban,Express Bus,15,1,Cloudy,1.45,50.03,29.78,8.79,28,14.67,Poor,9.25,0,17.91,Major Delay
Rural,Express Bus,14,1,Cloudy,2.64,72.26,41.52,6.3,30,11.93,Good,0.0,1,11.57,Moderate Delay
Urban,Express Bus,19,6,Clear,5.59,16.11,95.07,13.56,29,6.96,Good,2.06,0,14.08,Moderate Delay
Rural,Local Bus,22,6,Cloudy,7.73,49.75,54.52,13.26,31,2.0,Average,0.0,0,15.67,Major Delay
Urban,Express Bus,5,4,Clear,0.21,79.0,40.13,6.28,6,3.37,Average,7.92,0,16.17,Major Delay
Urban,Express Bus,10,4,Rain,1.87,70.47,65.78,12.15,32,5.5,Average,6.3,0,16.66,Major Delay
Urban,Local Bus,11,0,Cloudy,4.16,81.03,48.62,11.09,19,9.2,Poor,6.31,0,20.63,Major Delay
Urban,Feeder Bus,15,0,Clear,5.35,34.43,10.0,10.48,28,14.79,Average,4.15,0,11.56,Moderate Delay
Urban,Local Bus,10,2,Heavy Rain,7.12,69.1,30.79,11.43,13,3.81,Poor,3.91,0,18.72,Major Delay
Urban,Local Bus,10,6,Rain,4.84,38.18,99.14,15.65,27,4.25,Good,4.04,1,19.55,Major Delay
Rural,Feeder Bus,5,3,Cloudy,1.52,61.69,64.56,14.54,9,2.62,Good,5.02,0,7.99,Moderate Delay
Urban,Local Bus,5,5,Heavy Rain,4.07,78.15,87.27,21.53,20,11.01,Good,4.15,0,23.67,Major Delay
Urban,Local Bus,13,2,Rain,3.57,29.74,37.42,15.19,6,2.0,Average,0.0,0,9.5,Moderate Delay
Urban,Local Bus,22,2,Clear,0.63,5.32,56.9,18.83,21,2.17,Good,0.0,0,9.3,Moderate Delay
Urban,Feeder Bus,10,5,Cloudy,1.3,90.49,54.62,6.06,34,13.36,Good,13.94,0,20.12,Major Delay
Urban,Local Bus,9,3,Cloudy,4.54,59.23,47.05,14.91,20,18.62,Poor,0.26,0,21.25,Major Delay
Urban,Express Bus,9,5,Cloudy,7.14,45.54,62.2,11.77,6,11.32,Good,2.62,0,9.75,Moderate Delay
Rural,Express Bus,22,5,Heavy Rain,1.74,44.27,35.7,18.34,20,9.43,Good,9.07,0,10.66,Moderate Delay
Urban,Express Bus,16,5,Clear,16.68,0.0,82.19,15.52,11,21.89,Good,5.18,0,13.42,Moderate Delay
Urban,Feeder Bus,16,4,Clear,0.01,52.8,67.35,23.45,11,8.39,Good,0.0,0,7.81,Moderate Delay
Rural,Feeder Bus,8,5,Clear,3.25,35.8,54.52,8.41,22,8.41,Good,0.0,0,15.26,Major Delay
Rural,Local Bus,21,3,Rain,3.65,49.21,60.67,9.73,14,8.32,Good,7.9,0,15.3,Major Delay
Urban,Feeder Bus,8,2,Clear,8.43,48.7,51.95,16.05,16,18.5,Good,6.48,0,14.58,Moderate Delay
Urban,Local Bus,22,3,Clear,1.46,0.0,23.53,13.22,10,13.69,Average,0.92,0,11.27,Moderate Delay
Rural,Local Bus,22,2,Clear,1.8,59.27,38.19,8.34,24,13.64,Good,3.29,0,14.45,Moderate Delay
Rural,Local Bus,15,0,Cloudy,1.84,52.35,54.4,16.24,26,12.63,Average,3.69,0,14.09,Moderate Delay
Urban,Express Bus,20,2,Clear,8.06,55.44,50.94,11.03,31,8.72,Average,4.74,0,13.69,Moderate Delay
Rural,Local Bus,22,3,Clear,9.42,43.78,70.95,16.7,17,9.38,Average,5.6,0,13.71,Moderate Delay
Urban,Express Bus,15,3,Clear,2.21,49.13,69.21,3.8,5,6.18,Poor,1.56,0,6.74,Moderate Delay
Rural,Local Bus,18,2,Clear,1.06,51.97,46.8,12.24,12,9.02,Average,7.0,0,17.97,Major Delay
Urban,Local Bus,15,5,Clear,1.11,54.31,38.86,14.94,34,12.41,Good,6.47,0,11.17,Moderate Delay
Urban,Local Bus,14,1,Clear,0.48,58.94,73.1,15.02,28,10.02,Good,7.86,0,13.6,Moderate Delay
Urban,Feeder Bus,11,4,Cloudy,10.31,54.5,61.79,18.19,21,15.05,Good,7.35,0,12.74,Moderate Delay
Urban,Local Bus,16,1,Clear,3.32,90.54,45.57,12.53,31,12.31,Average,7.23,1,21.54,Major Delay
Urban,Local Bus,9,6,Clear,7.69,31.3,35.16,16.69,12,11.95,Average,1.23,0,12.68,Moderate Delay
Urban,Local Bus,8,4,Cloudy,2.49,39.38,44.48,13.58,5,6.66,Good,2.88,0,14.39,Moderate Delay
Urban,Local Bus,9,3,Clear,18.78,86.94,65.84,18.4,24,4.87,Good,0.0,0,18.2,Major Delay
Urban,Express Bus,5,3,Clear,6.6,44.44,91.74,4.77,31,5.37,Poor,4.51,0,14.37,Moderate Delay
Rural,Local Bus,21,5,Clear,4.61,69.43,53.76,3.0,8,16.44,Average,0.0,0,10.4,Moderate Delay
Rural,Local Bus,9,2,Clear,5.57,51.12,41.34,21.52,5,2.36,Good,5.85,0,10.0,Moderate Delay
Urban,Feeder Bus,19,5,Cloudy,0.97,42.76,100.0,10.59,27,11.95,Poor,9.5,0,24.39,Major Delay
Urban,Local Bus,12,1,Heavy Rain,1.89,70.68,50.56,3.78,26,11.95,Average,3.5,0,25.04,Major Delay
Urban,Local Bus,11,5,Clear,7.59,59.92,42.12,13.04,6,7.58,Average,0.79,1,16.83,Major Delay
Rural,Express Bus,9,6,Cloudy,3.43,12.72,49.85,10.89,31,10.82,Average,5.97,0,12.03,Moderate Delay
Urban,Express Bus,19,1,Rain,5.9,51.99,48.86,16.21,34,11.86,Average,8.66,1,24.96,Major Delay
Urban,Express Bus,14,1,Clear,2.4,25.11,83.41,16.95,12,5.22,Good,0.0,0,9.33,Moderate Delay
Rural,Local Bus,13,6,Rain,2.93,77.24,24.53,11.5,30,7.05,Poor,4.08,0,17.44,Major Delay
Rural,Local Bus,16,2,Cloudy,9.64,88.33,69.89,19.57,33,10.33,Average,5.07,0,16.8,Major Delay
Urban,Local Bus,19,4,Cloudy,4.04,91.1,57.78,6.73,18,10.48,Average,2.11,0,21.26,Major Delay
Urban,Local Bus,16,1,Heavy Rain,4.22,56.22,46.87,3.0,26,3.89,Average,6.06,0,27.7,Major Delay
Urban,Local Bus,13,2,Clear,3.11,37.38,51.28,14.89,19,11.02,Poor,0.0,0,9.0,Moderate Delay
Rural,Feeder Bus,21,4,Rain,2.11,55.4,52.99,12.45,34,11.21,Good,5.22,0,16.62,Major Delay
Urban,Express Bus,21,6,Clear,2.57,26.39,59.76,3.0,7,15.58,Good,12.47,0,5.41,Moderate Delay
Urban,Local Bus,22,3,Cloudy,3.45,100.0,48.97,17.66,10,10.47,Average,6.3,0,13.44,Moderate Delay
Urban,Local Bus,6,0,Clear,10.08,75.47,56.69,3.81,12,8.57,Good,3.69,0,15.61,Major Delay
Urban,Express Bus,21,2,Clear,3.49,55.0,42.45,13.33,8,14.42,Average,0.0,0,10.14,Moderate Delay
Urban,Local Bus,8,4,Clear,8.49,70.93,100.0,18.6,7,16.15,Average,1.78,0,14.88,Moderate Delay
Urban,Local Bus,16,6,Heavy Rain,1.12,36.69,78.19,15.54,24,3.66,Good,5.04,0,18.56,Major Delay
Rural,Local Bus,16,5,Cloudy,5.24,22.52,67.77,15.2,22,7.95,Good,3.97,0,14.9,Moderate Delay
Rural,Express Bus,8,5,Rain,0.16,0.0,49.12,11.15,20,2.0,Average,0.0,0,11.79,Moderate Delay
Urban,Express Bus,5,1,Clear,1.38,49.91,74.43,15.01,27,5.76,Good,4.75,0,11.47,Moderate Delay
Rural,Local Bus,21,3,Clear,1.46,43.21,63.99,17.05,29,17.98,Good,0.0,0,15.79,Major Delay
Urban,Local Bus,21,4,Clear,1.93,59.94,60.38,10.13,13,5.19,Good,0.63,0,14.48,Moderate Delay
Urban,Express Bus,8,3,Clear,8.47,48.3,47.34,7.21,17,12.88,Good,7.98,0,11.78,Moderate Delay
Urban,Express Bus,15,6,Clear,0.2,58.9,63.49,18.73,24,12.6,Average,2.31,0,14.45,Moderate Delay
Rural,Express Bus,7,6,Heavy Rain,9.43,66.65,91.67,25.11,5,7.63,Poor,0.27,0,20.72,Major Delay
Rural,Local Bus,15,1,Rain,2.26,14.42,59.61,22.97,20,8.27,Average,0.0,0,13.57,Moderate Delay
Rural,Express Bus,10,6,Clear,2.41,67.98,52.73,3.0,19,17.51,Average,0.0,0,7.47,Moderate Delay
Rural,Feeder Bus,18,5,Clear,12.2,38.65,59.98,21.51,13,15.26,Good,0.8,0,9.33,Moderate Delay
Rural,Express Bus,15,4,Cloudy,6.32,59.9,58.88,10.19,24,21.73,Poor,7.79,0,17.47,Major Delay
Urban,Local Bus,13,2,Cloudy,15.73,71.51,47.06,24.8,14,2.0,Poor,3.34,0,12.58,Moderate Delay
Rural,Express Bus,17,5,Cloudy,17.72,71.67,43.18,7.77,14,13.21,Average,9.52,0,14.38,Moderate Delay
Urban,Local Bus,13,4,Cloudy,8.42,50.97,73.87,7.23,26,2.0,Good,0.0,0,8.28,Moderate Delay
Urban,Local Bus,5,6,Clear,1.33,52.1,82.11,13.7,20,10.34,Good,9.95,0,17.77,Major Delay
Urban,Local Bus,15,4,Clear,4.99,68.51,100.0,11.59,10,9.42,Good,2.75,0,19.4,Major Delay
Urban,Feeder Bus,19,6,Heavy Rain,3.72,13.47,67.17,11.89,23,4.79,Good,2.37,0,15.6,Major Delay
Urban,Local Bus,13,2,Rain,1.73,26.11,60.33,19.66,14,7.49,Good,2.31,1,10.28,Moderate Delay
Urban,Feeder Bus,8,0,Heavy Rain,7.99,41.58,76.04,21.42,26,9.02,Poor,14.8,0,29.72,Major Delay
Urban,Local Bus,5,3,Clear,0.47,17.35,39.84,8.34,19,12.7,Good,1.12,1,13.62,Moderate Delay
Urban,Local Bus,10,6,Cloudy,1.1,41.75,70.85,23.84,12,4.78,Good,13.85,1,19.69,Major Delay
Rural,Local Bus,18,4,Clear,0.19,40.49,78.78,6.62,7,6.82,Poor,7.82,0,20.2,Major Delay
Urban,Express Bus,10,4,Rain,0.92,50.0,78.48,10.37,13,13.11,Poor,0.0,0,19.34,Major Delay
Urban,Local Bus,22,4,Clear,1.24,46.69,91.35,29.2,24,14.11,Good,0.0,0,17.84,Major Delay
Urban,Local Bus,10,4,Cloudy,2.81,72.6,46.03,16.22,25,23.66,Good,4.46,0,22.37,Major Delay
Urban,Local Bus,12,0,Clear,8.57,61.18,48.15,10.06,29,11.35,Average,4.02,0,22.68,Major Delay
Urban,Local Bus,18,2,Clear,1.85,46.37,53.7,15.58,15,13.67,Poor,1.51,0,24.61,Major Delay
Rural,Local Bus,16,0,Clear,8.73,40.33,35.69,18.23,32,9.38,Average,0.82,0,9.94,Moderate Delay
Urban,Local Bus,5,2,Cloudy,17.45,46.91,68.77,16.02,27,17.52,Good,11.24,0,21.02,Major Delay
Rural,Local Bus,6,5,Rain,9.82,47.31,71.5,21.68,14,5.84,Average,4.27,0,16.56,Major Delay
Rural,Feeder Bus,8,5,Heavy Rain,1.01,100.0,69.23,8.81,13,10.17,Average,5.85,0,17.16,Major Delay
Urban,Local Bus,20,1,Cloudy,1.5,14.48,60.99,10.08,22,11.76,Good,4.09,0,16.03,Major Delay
Rural,Local Bus,5,4,Cloudy,8.78,26.7,78.12,8.66,27,12.95,Good,3.72,0,11.23,Moderate Delay
Urban,Local Bus,6,1,Rain,1.46,23.32,69.5,9.02,19,15.18,Poor,14.27,1,24.47,Major Delay
Rural,Local Bus,19,1,Clear,3.64,54.19,45.95,14.25,9,9.49,Average,6.37,0,10.22,Moderate Delay
Rural,Express Bus,16,6,Rain,5.34,53.28,10.0,7.62,28,14.97,Good,16.65,0,19.41,Major Delay
Rural,Local Bus,22,4,Rain,6.74,34.82,51.38,15.74,18,3.43,Average,7.39,0,12.37,Moderate Delay
Urban,Local Bus,8,1,Cloudy,4.2,68.61,58.78,17.8,5,11.76,Average,0.24,0,12.61,Moderate Delay
Rural,Express Bus,16,0,Clear,0.68,56.5,58.95,6.66,10,2.0,Good,9.72,0,13.62,Moderate Delay
Rural,Local Bus,7,0,Clear,2.13,69.58,54.42,10.22,22,9.37,Good,3.12,1,17.98,Major Delay
Urban,Feeder Bus,15,3,Clear,9.8,75.68,47.26,10.94,20,23.0,Good,11.12,0,21.98,Major Delay
Rural,Feeder Bus,6,0,Heavy Rain,3.36,0.0,41.06,12.68,9,11.83,Poor,0.12,0,20.25,Major Delay
Rural,Local Bus,21,4,Cloudy,14.44,63.77,37.34,13.01,26,8.12,Good,0.0,0,16.16,Major Delay
Urban,Local Bus,12,3,Cloudy,4.43,18.33,66.7,19.43,24,13.07,Average,4.01,0,10.58,Moderate Delay
Rural,Local Bus,9,4,Clear,1.18,53.74,79.77,19.88,20,10.26,Average,10.84,0,18.61,Major Delay
Urban,Local Bus,22,1,Rain,5.95,46.32,32.98,9.15,7,4.88,Poor,0.35,0,22.91,Major Delay
Urban,Local Bus,6,1,Clear,10.25,47.31,56.77,18.15,9,2.0,Poor,6.4,0,11.82,Moderate Delay
Urban,Express Bus,19,0,Clear,3.88,20.29,73.77,22.25,10,10.44,Poor,0.13,0,13.31,Moderate Delay
Urban,Local Bus,14,0,Cloudy,3.95,71.7,54.22,21.26,32,9.53,Poor,8.22,0,19.53,Major Delay
Rural,Local Bus,17,0,Clear,4.96,18.32,72.32,15.23,11,9.23,Good,1.67,0,12.41,Moderate Delay
Urban,Local Bus,9,1,Clear,5.52,65.26,79.57,13.67,5,14.72,Good,4.84,0,18.21,Major Delay
Urban,Feeder Bus,20,5,Clear,1.56,15.07,65.89,5.58,13,17.46,Good,1.83,0,12.77,Moderate Delay
Urban,Feeder Bus,13,4,Clear,0.21,47.59,48.09,11.52,26,14.22,Average,0.0,0,19.96,Major Delay
Urban,Local Bus,12,1,Heavy Rain,6.25,89.5,84.3,5.04,11,8.92,Good,0.0,0,13.43,Moderate Delay
Rural,Express Bus,13,6,Rain,3.39,100.0,52.65,20.84,26,11.27,Good,0.0,0,4.41,On Time / Minor
Rural,Local Bus,10,5,Heavy Rain,5.04,10.77,52.65,12.42,5,16.16,Good,2.11,0,16.57,Major Delay
Urban,Express Bus,10,5,Heavy Rain,2.77,31.8,68.3,13.48,31,15.06,Average,5.74,0,26.68,Major Delay
Urban,Express Bus,7,6,Clear,5.12,35.98,51.97,10.3,21,13.55,Good,12.77,0,13.37,Moderate Delay
Urban,Feeder Bus,13,5,Clear,1.04,99.87,53.52,5.54,30,8.24,Good,0.9,0,13.01,Moderate Delay
Urban,Local Bus,13,6,Cloudy,2.22,46.43,50.53,18.28,26,16.19,Average,0.32,0,7.7,Moderate Delay
Urban,Local Bus,11,2,Clear,0.98,72.72,54.39,17.01,9,17.73,Average,0.0,0,12.5,Moderate Delay
Urban,Feeder Bus,22,5,Heavy Rain,2.28,54.89,61.94,19.6,24,15.1,Poor,7.78,0,22.67,Major Delay
Urban,Local Bus,7,0,Clear,0.52,20.42,18.55,3.49,33,25.72,Average,6.36,0,16.03,Major Delay
Urban,Local Bus,21,2,Cloudy,6.83,5.22,56.04,21.91,19,14.74,Average,5.74,0,12.66,Moderate Delay
Urban,Express Bus,20,6,Cloudy,11.81,33.9,22.7,13.25,9,16.74,Good,5.22,0,13.01,Moderate Delay
Urban,Express Bus,5,0,Rain,0.57,100.0,49.87,18.66,21,14.2,Good,1.63,0,13.23,Moderate Delay
Rural,Express Bus,17,3,Cloudy,3.43,53.93,64.76,3.0,21,10.35,Average,10.29,0,12.86,Moderate Delay
Rural,Express Bus,8,2,Cloudy,2.77,72.25,51.45,16.46,28,5.12,Good,0.0,0,11.8,Moderate Delay
Urban,Express Bus,5,0,Clear,12.22,15.38,72.06,13.56,9,7.15,Average,1.13,0,9.45,Moderate Delay
Rural,Local Bus,20,1,Cloudy,3.68,40.52,64.95,12.68,24,7.21,Poor,0.0,0,13.17,Moderate Delay
Rural,Express Bus,7,3,Rain,9.4,65.91,14.88,13.41,16,4.96,Good,2.86,0,13.58,Moderate Delay
Urban,Express Bus,10,4,Cloudy,6.43,22.9,81.96,10.42,12,9.57,Average,0.0,0,8.29,Moderate Delay
Urban,Feeder Bus,6,4,Rain,4.52,46.53,62.99,5.53,28,11.02,Good,0.35,0,17.89,Major Delay
Urban,Local Bus,7,0,Clear,1.78,27.77,46.62,6.41,21,16.96,Good,0.0,0,11.48,Moderate Delay
Rural,Local Bus,6,2,Clear,4.55,67.01,48.6,14.16,33,4.97,Good,0.0,0,8.32,Moderate Delay
Urban,Express Bus,20,0,Heavy Rain,0.95,57.17,16.31,21.87,12,15.46,Average,0.0,0,26.99,Major Delay
Urban,Local Bus,6,0,Clear,2.2,63.72,62.36,20.64,14,12.34,Poor,5.29,0,17.48,Major Delay
Urban,Local Bus,18,2,Cloudy,0.16,68.03,71.02,15.38,32,12.88,Good,0.0,0,20.57,Major Delay
Urban,Feeder Bus,7,4,Cloudy,10.78,42.76,44.4,11.07,18,10.52,Average,11.56,0,16.58,Major Delay
Rural,Local Bus,21,2,Heavy Rain,4.01,71.07,39.9,26.38,16,21.46,Good,8.23,1,26.85,Major Delay
Urban,Local Bus,20,0,Clear,10.52,34.43,60.81,18.09,29,7.07,Good,3.85,0,17.47,Major Delay
Rural,Local Bus,16,1,Clear,3.83,62.39,81.89,17.57,8,8.21,Average,6.35,0,13.04,Moderate Delay
Rural,Local Bus,19,3,Rain,4.14,2.67,79.82,6.01,22,11.59,Average,7.79,0,22.12,Major Delay
Rural,Express Bus,10,2,Cloudy,6.08,30.83,74.58,15.53,15,12.98,Average,1.03,0,16.37,Major Delay
Urban,Local Bus,19,5,Cloudy,3.15,100.0,98.4,6.57,31,12.12,Poor,2.48,0,23.17,Major Delay
Rural,Local Bus,8,4,Clear,2.74,62.05,76.49,26.49,8,10.75,Good,8.89,0,14.16,Moderate Delay
Urban,Local Bus,16,6,Clear,2.34,62.06,81.13,8.95,14,13.63,Average,9.21,0,24.37,Major Delay
Urban,Local Bus,21,1,Heavy Rain,1.05,29.05,59.74,10.36,10,14.01,Good,0.0,0,18.24,Major Delay
Rural,Local Bus,18,2,Cloudy,2.36,22.83,51.07,10.1,10,10.81,Average,14.98,0,19.7,Major Delay
Rural,Local Bus,9,0,Heavy Rain,8.63,41.92,80.69,11.78,12,20.18,Good,0.0,0,23.8,Major Delay
Urban,Local Bus,18,0,Heavy Rain,2.12,46.46,38.38,18.02,21,13.21,Good,0.0,0,23.63,Major Delay
Urban,Local Bus,20,6,Cloudy,16.9,92.03,66.48,14.02,19,9.62,Average,12.11,0,24.85,Major Delay
Rural,Local Bus,21,3,Cloudy,0.2,71.44,45.84,14.25,19,17.22,Good,7.14,0,4.24,On Time / Minor
Rural,Local Bus,18,4,Cloudy,8.96,50.51,64.79,18.31,31,2.0,Average,4.43,0,14.77,Moderate Delay
Urban,Local Bus,18,1,Rain,2.62,49.51,63.36,4.9,31,5.37,Poor,7.55,0,22.87,Major Delay
Rural,Local Bus,19,0,Cloudy,5.43,65.44,61.26,18.49,11,9.98,Average,0.1,0,15.64,Major Delay
Urban,Local Bus,18,6,Clear,1.16,17.67,57.65,14.81,7,5.11,Average,0.0,0,8.89,Moderate Delay
Urban,Local Bus,7,4,Heavy Rain,0.31,3.81,68.65,9.78,25,15.02,Poor,1.25,0,24.09,Major Delay
Urban,Local Bus,19,4,Cloudy,7.48,65.1,71.86,14.79,6,14.85,Average,0.01,0,11.88,Moderate Delay
Rural,Express Bus,8,3,Rain,10.51,49.66,30.02,14.68,23,19.16,Good,0.0,0,6.35,Moderate Delay
Urban,Local Bus,15,2,Clear,3.51,17.82,57.09,3.0,10,8.11,Average,0.49,0,21.04,Major Delay
Urban,Express Bus,11,2,Clear,2.12,0.0,49.64,22.25,10,13.84,Average,0.56,0,5.74,Moderate Delay
Urban,Express Bus,8,5,Cloudy,3.23,68.56,61.88,21.25,25,17.4,Average,1.14,0,19.68,Major Delay
Rural,Local Bus,10,1,Rain,3.22,36.0,49.68,6.16,28,11.81,Average,5.41,0,22.04,Major Delay
Urban,Local Bus,6,2,Clear,2.57,57.21,83.5,9.47,14,15.93,Good,6.29,0,13.51,Moderate Delay
Urban,Local Bus,12,2,Clear,3.91,41.93,56.63,22.12,15,10.5,Average,5.0,0,18.6,Major Delay
Rural,Local Bus,12,3,Rain,5.71,47.21,77.73,17.99,7,17.57,Good,0.0,0,10.84,Moderate Delay
Urban,Local Bus,12,6,Heavy Rain,5.26,34.38,38.96,16.33,31,7.19,Poor,0.0,0,22.02,Major Delay
Urban,Local Bus,6,6,Clear,1.66,46.24,52.39,16.62,31,3.24,Average,0.0,0,15.53,Major Delay
Urban,Feeder Bus,15,3,Clear,2.63,61.27,45.71,16.24,9,9.11,Poor,9.48,0,15.81,Major Delay
Rural,Local Bus,8,1,Clear,0.87,41.66,65.87,7.61,27,10.56,Good,0.0,0,13.22,Moderate Delay
Urban,Express Bus,20,6,Clear,5.11,40.35,34.3,10.61,32,13.19,Good,0.0,0,4.72,On Time / Minor
Urban,Express Bus,5,2,Clear,1.29,61.97,23.82,19.98,31,13.26,Good,6.94,1,16.11,Major Delay
Urban,Local Bus,5,2,Cloudy,1.88,63.51,45.49,17.94,17,7.45,Good,3.96,0,15.8,Major Delay
Rural,Feeder Bus,10,6,Cloudy,5.35,21.84,69.22,15.7,8,6.01,Good,16.07,1,14.39,Moderate Delay
Rural,Feeder Bus,12,1,Clear,5.64,47.34,41.81,10.11,20,19.13,Average,0.0,0,15.02,Major Delay
Urban,Local Bus,22,3,Clear,8.81,35.95,63.31,19.94,14,10.31,Good,2.41,0,12.39,Moderate Delay
Urban,Local Bus,14,6,Heavy Rain,19.23,48.32,45.05,8.2,15,8.62,Poor,0.0,0,26.82,Major Delay
Rural,Local Bus,11,2,Clear,3.36,80.98,22.94,22.89,23,12.59,Good,0.0,0,13.54,Moderate Delay
Urban,Local Bus,20,4,Rain,2.75,56.26,75.04,9.65,22,6.15,Good,0.0,0,16.93,Major Delay
Urban,Local Bus,9,0,Clear,3.83,97.78,70.99,8.77,7,7.43,Average,0.0,0,24.21,Major Delay
Urban,Local Bus,21,6,Rain,2.21,53.05,57.2,14.18,23,14.96,Good,4.43,0,13.59,Moderate Delay
Urban,Local Bus,12,2,Rain,0.74,44.17,58.86,15.28,34,5.93,Average,3.81,0,7.39,Moderate Delay
Urban,Express Bus,10,4,Clear,0.65,47.55,53.85,14.58,10,4.35,Average,3.34,0,2.44,On Time / Minor
Urban,Local Bus,10,3,Cloudy,2.99,51.28,37.35,6.06,34,9.22,Average,9.84,0,20.45,Major Delay
Urban,Local Bus,5,3,Cloudy,11.33,55.43,84.12,16.53,8,12.3,Average,6.29,0,8.15,Moderate Delay
Urban,Local Bus,17,2,Clear,2.04,25.18,55.99,19.88,20,17.87,Average,7.68,0,13.77,Moderate Delay
Rural,Express Bus,15,0,Rain,6.58,42.64,65.23,13.51,7,12.7,Poor,4.31,1,21.99,Major Delay
Urban,Express Bus,16,1,Clear,9.64,31.34,48.02,4.72,34,13.58,Good,5.05,1,5.62,Moderate Delay
Urban,Local Bus,16,2,Clear,6.49,71.68,66.86,12.73,28,5.89,Average,8.14,0,16.55,Major Delay
Rural,Express Bus,5,2,Heavy Rain,7.17,3.71,80.9,7.2,33,11.93,Average,0.0,0,17.76,Major Delay
Urban,Local Bus,20,1,Clear,0.74,51.61,61.33,3.0,6,5.4,Good,0.23,0,7.43,Moderate Delay
Rural,Express Bus,14,4,Clear,2.54,13.08,65.21,10.71,23,15.58,Average,3.87,0,11.3,Moderate Delay
Urban,Express Bus,17,5,Clear,0.38,57.94,75.56,23.74,29,11.57,Average,3.71,0,14.37,Moderate Delay
Rural,Local Bus,5,6,Heavy Rain,1.63,38.83,72.15,13.5,7,10.74,Good,0.0,0,18.98,Major Delay
Urban,Express Bus,18,6,Clear,0.63,6.21,78.88,12.36,32,13.53,Good,7.31,0,13.13,Moderate Delay
Urban,Feeder Bus,17,4,Clear,5.4,69.67,64.42,18.26,8,8.55,Average,10.7,0,14.66,Moderate Delay
Urban,Express Bus,11,2,Cloudy,0.63,0.0,64.41,17.67,8,8.57,Good,10.32,0,9.89,Moderate Delay
Urban,Local Bus,21,4,Rain,0.65,47.28,62.79,5.21,13,6.25,Good,0.03,0,18.93,Major Delay
Urban,Express Bus,16,0,Cloudy,3.14,63.9,75.3,25.21,32,19.91,Average,7.75,0,20.75,Major Delay
Rural,Local Bus,21,5,Heavy Rain,0.17,79.66,49.37,15.19,29,9.86,Average,1.48,0,23.51,Major Delay
Rural,Express Bus,19,3,Clear,17.84,10.97,68.61,19.44,17,9.42,Average,3.85,0,14.37,Moderate Delay
Urban,Feeder Bus,8,1,Cloudy,2.48,36.13,100.0,10.43,21,14.47,Good,9.01,0,14.88,Moderate Delay
Rural,Local Bus,22,2,Cloudy,9.44,72.92,65.18,3.0,6,11.06,Good,10.2,0,13.86,Moderate Delay
Rural,Local Bus,18,2,Clear,0.71,74.48,34.06,13.3,29,2.0,Average,1.29,0,16.41,Major Delay
Rural,Local Bus,8,2,Rain,4.61,77.46,52.2,7.39,6,21.11,Good,0.9,0,17.79,Major Delay
Rural,Local Bus,19,0,Cloudy,5.59,100.0,70.42,21.03,26,8.6,Poor,10.99,0,24.86,Major Delay
Urban,Local Bus,12,0,Clear,0.96,36.3,44.59,5.5,16,6.8,Average,3.0,0,17.71,Major Delay
Urban,Local Bus,20,2,Clear,6.91,56.56,38.44,14.16,29,10.19,Good,0.0,0,13.91,Moderate Delay
Urban,Express Bus,8,2,Clear,1.57,40.05,30.41,17.6,5,8.42,Average,5.7,0,5.25,Moderate Delay
Rural,Local Bus,9,6,Rain,2.02,2.57,53.83,16.55,12,8.52,Poor,0.0,0,13.22,Moderate Delay
Urban,Local Bus,11,1,Clear,0.95,45.93,90.23,10.99,24,11.58,Poor,2.08,0,19.03,Major Delay
Urban,Express Bus,13,2,Rain,7.23,2.13,47.38,3.32,26,2.0,Average,6.47,0,12.3,Moderate Delay
Urban,Local Bus,16,6,Clear,4.52,36.02,75.52,4.96,5,14.67,Good,0.0,0,7.35,Moderate Delay
Rural,Local Bus,8,6,Heavy Rain,4.23,14.23,52.42,9.46,7,15.77,Average,7.32,0,20.39,Major Delay
Urban,Express Bus,17,0,Rain,4.11,58.09,50.25,5.54,15,2.55,Average,0.0,1,15.19,Major Delay
Urban,Feeder Bus,5,0,Clear,4.39,30.09,68.34,13.55,25,13.28,Average,0.0,0,14.97,Moderate Delay
Rural,Express Bus,10,0,Clear,1.48,6.94,27.33,9.42,23,6.72,Good,5.09,0,13.64,Moderate Delay
Rural,Local Bus,16,3,Rain,6.43,67.91,91.39,6.24,19,8.81,Poor,0.0,0,24.84,Major Delay
Urban,Local Bus,9,4,Clear,1.2,34.11,68.75,5.46,22,12.76,Average,0.0,0,12.64,Moderate Delay
Rural,Feeder Bus,12,2,Clear,4.18,38.06,79.03,4.45,15,15.33,Good,5.17,1,12.42,Moderate Delay
Rural,Express Bus,15,0,Rain,2.86,25.51,52.84,13.66,22,12.66,Good,6.15,1,9.04,Moderate Delay
Urban,Express Bus,9,1,Rain,1.89,74.43,67.93,9.6,25,4.05,Good,2.61,0,20.55,Major Delay
Rural,Express Bus,22,4,Rain,2.95,54.22,76.66,14.15,11,11.32,Average,6.6,0,15.14,Major Delay
Urban,Local Bus,20,2,Rain,4.23,33.9,56.19,13.54,5,13.45,Good,23.64,0,25.65,Major Delay
Urban,Local Bus,22,0,Cloudy,6.4,3.98,40.54,12.78,13,7.14,Average,0.0,0,12.59,Moderate Delay
Urban,Express Bus,13,4,Rain,3.56,100.0,39.14,17.88,28,6.77,Good,0.0,0,12.67,Moderate Delay
Urban,Feeder Bus,11,4,Clear,7.99,93.53,49.54,5.16,30,10.64,Good,9.12,0,10.21,Moderate Delay
Urban,Local Bus,22,3,Rain,1.59,81.19,62.54,17.92,21,13.87,Good,0.0,0,17.76,Major Delay
Urban,Express Bus,18,6,Cloudy,2.47,31.83,54.74,16.36,30,8.17,Good,5.35,0,20.05,Major Delay
Urban,Local Bus,19,5,Cloudy,5.51,36.48,48.21,12.81,17,12.2,Good,6.54,0,17.75,Major Delay
Urban,Feeder Bus,8,0,Heavy Rain,0.71,57.22,71.56,9.15,26,4.7,Good,3.33,0,21.35,Major Delay
Urban,Local Bus,20,6,Clear,7.13,27.44,48.78,14.24,20,12.35,Average,4.89,1,20.78,Major Delay
Urban,Express Bus,14,0,Cloudy,0.8,25.24,46.05,16.69,5,2.0,Average,12.05,0,12.62,Moderate Delay
Rural,Local Bus,18,3,Cloudy,14.44,81.55,76.79,5.6,13,12.55,Average,0.44,0,22.23,Major Delay
Rural,Express Bus,19,6,Clear,1.61,46.73,69.01,17.66,25,15.41,Good,9.88,0,10.46,Moderate Delay
Urban,Express Bus,6,6,Clear,13.42,22.24,33.5,24.43,23,10.17,Good,0.0,0,8.92,Moderate Delay
Rural,Local Bus,6,0,Heavy Rain,6.64,69.91,31.38,13.61,27,13.79,Good,5.25,0,14.86,Moderate Delay
Urban,Feeder Bus,6,0,Clear,0.51,34.8,35.85,21.82,11,12.23,Average,5.93,0,4.23,On Time / Minor
Rural,Feeder Bus,16,1,Cloudy,1.13,2.47,57.39,16.85,10,4.11,Average,3.12,0,11.22,Moderate Delay
Urban,Feeder Bus,21,1,Cloudy,0.62,21.9,81.57,15.58,32,5.09,Average,8.35,0,19.57,Major Delay
Rural,Local Bus,5,1,Rain,2.42,36.12,86.95,9.8,16,9.19,Average,3.72,0,16.75,Major Delay
Rural,Express Bus,7,2,Rain,7.92,53.06,73.01,11.95,28,10.26,Good,5.16,0,16.14,Major Delay
Rural,Express Bus,13,2,Clear,12.03,51.95,96.26,8.12,6,7.09,Good,0.0,0,10.74,Moderate Delay
Urban,Express Bus,12,4,Clear,0.93,76.24,62.03,19.66,31,4.9,Poor,0.0,0,19.13,Major Delay
Urban,Local Bus,6,5,Rain,0.76,42.55,80.18,9.53,30,2.0,Good,0.0,0,19.29,Major Delay
Urban,Express Bus,15,3,Clear,4.86,37.29,46.58,24.57,26,19.37,Good,0.43,0,10.46,Moderate Delay
Urban,Local Bus,21,2,Cloudy,0.53,76.64,26.88,16.63,13,19.52,Good,0.0,0,14.46,Moderate Delay
Rural,Local Bus,8,3,Clear,7.81,70.51,51.83,16.36,7,6.78,Poor,12.84,0,21.69,Major Delay
Rural,Local Bus,5,4,Clear,6.11,43.09,55.5,6.06,11,3.8,Poor,1.96,0,10.49,Moderate Delay
Urban,Local Bus,9,6,Heavy Rain,3.62,54.72,100.0,17.99,20,18.27,Good,3.45,1,28.48,Major Delay
Urban,Local Bus,8,6,Heavy Rain,7.53,37.07,57.99,12.68,33,2.0,Good,0.0,0,16.68,Major Delay
Urban,Local Bus,13,1,Rain,7.32,21.27,37.64,10.62,26,16.14,Average,13.72,0,22.6,Major Delay
Urban,Express Bus,6,6,Clear,1.11,98.54,77.29,10.06,19,14.18,Good,2.23,0,16.36,Major Delay
Urban,Local Bus,11,5,Heavy Rain,0.73,35.54,42.81,6.55,23,9.25,Good,0.55,0,18.55,Major Delay
Urban,Local Bus,7,0,Cloudy,3.18,54.78,60.87,14.06,27,17.97,Average,1.01,0,17.05,Major Delay
Rural,Express Bus,17,3,Heavy Rain,7.69,13.15,75.55,13.0,25,7.7,Good,2.45,0,21.61,Major Delay
Urban,Feeder Bus,13,1,Clear,1.03,64.94,39.37,6.12,8,15.2,Good,1.98,0,11.79,Moderate Delay
Urban,Feeder Bus,6,3,Clear,0.8,20.27,88.35,17.09,21,9.75,Average,0.0,0,13.19,Moderate Delay
Urban,Feeder Bus,5,0,Cloudy,0.86,86.59,80.54,26.77,31,4.92,Average,7.8,0,18.34,Major Delay
Rural,Feeder Bus,13,2,Rain,2.08,89.34,65.07,5.46,23,21.21,Average,0.0,0,19.66,Major Delay
Rural,Express Bus,15,4,Clear,1.25,61.01,93.03,13.32,16,7.46,Good,7.55,1,18.15,Major Delay
Urban,Feeder Bus,8,2,Clear,5.24,50.64,50.36,23.95,21,8.85,Good,0.0,0,6.37,Moderate Delay
Urban,Feeder Bus,10,0,Cloudy,7.65,43.69,73.88,9.34,26,15.07,Poor,4.37,0,19.82,Major Delay
Urban,Local Bus,15,2,Heavy Rain,17.93,46.91,63.58,16.64,7,17.2,Good,0.0,0,11.95,Moderate Delay
Urban,Feeder Bus,13,3,Rain,3.05,57.41,45.24,16.36,10,4.41,Good,0.0,0,13.56,Moderate Delay
Urban,Express Bus,7,5,Heavy Rain,1.73,50.06,45.84,17.95,22,18.2,Good,5.91,0,17.35,Major Delay
Urban,Express Bus,12,0,Cloudy,14.97,70.58,98.62,25.0,7,10.97,Good,9.4,0,14.08,Moderate Delay
Rural,Feeder Bus,8,3,Rain,2.88,26.88,79.19,3.26,18,10.56,Average,12.61,1,19.25,Major Delay
Urban,Local Bus,21,1,Cloudy,10.53,83.15,75.79,15.15,27,10.16,Good,5.37,0,14.15,Moderate Delay
Urban,Local Bus,19,1,Clear,4.16,38.28,45.49,10.99,20,10.92,Average,3.47,0,13.76,Moderate Delay
Urban,Express Bus,10,0,Rain,0.61,30.84,72.16,13.76,29,3.2,Good,0.0,1,17.09,Major Delay
Rural,Express Bus,9,5,Cloudy,5.26,56.34,50.64,14.27,7,13.03,Average,0.0,0,13.69,Moderate Delay
Rural,Feeder Bus,7,6,Clear,6.55,57.81,91.96,12.24,18,12.02,Average,6.6,0,14.3,Moderate Delay
Rural,Feeder Bus,18,4,Clear,0.27,8.06,82.26,7.48,32,9.16,Good,2.23,1,15.84,Major Delay
Urban,Express Bus,21,2,Rain,7.14,36.93,76.39,7.88,23,12.03,Average,3.55,0,17.48,Major Delay
Urban,Feeder Bus,9,6,Rain,11.45,0.0,74.36,26.75,30,9.97,Poor,1.51,0,17.59,Major Delay
Rural,Local Bus,16,3,Clear,8.12,32.46,56.24,5.71,17,10.63,Good,0.0,0,11.97,Moderate Delay
Rural,Feeder Bus,9,3,Heavy Rain,5.4,33.45,67.74,21.36,6,13.09,Average,6.88,0,15.49,Major Delay
Urban,Local Bus,21,4,Clear,4.02,54.84,88.83,7.79,14,9.87,Average,12.02,0,14.39,Moderate Delay
Urban,Express Bus,10,4,Clear,2.08,29.88,67.33,14.57,31,7.11,Average,0.0,0,16.79,Major Delay
Urban,Local Bus,6,3,Clear,0.77,35.33,41.19,25.81,11,14.79,Good,0.0,0,1.4,On Time / Minor
Rural,Express Bus,20,3,Clear,0.24,77.99,83.1,18.77,30,5.62,Good,2.33,0,12.21,Moderate Delay
Rural,Local Bus,22,2,Clear,6.64,95.48,44.41,5.37,24,16.26,Good,0.0,0,14.28,Moderate Delay
Urban,Local Bus,12,4,Rain,2.43,26.82,57.41,11.98,28,9.28,Good,9.42,0,17.67,Major Delay
Urban,Express Bus,21,4,Rain,14.33,71.44,48.53,13.84,33,15.38,Good,6.03,0,17.7,Major Delay
Urban,Express Bus,9,3,Cloudy,4.03,56.92,10.0,20.18,32,18.19,Poor,12.98,0,17.56,Major Delay
Urban,Local Bus,9,4,Rain,2.14,8.01,61.51,14.28,20,10.7,Good,8.89,0,15.67,Major Delay
Urban,Express Bus,14,0,Heavy Rain,2.92,29.8,100.0,13.05,24,15.36,Good,4.02,1,18.76,Major Delay
Rural,Local Bus,15,2,Clear,3.15,0.0,64.4,24.32,8,14.15,Good,4.24,0,13.89,Moderate Delay
Urban,Local Bus,11,6,Clear,12.22,55.44,100.0,23.48,8,11.91,Good,5.46,0,16.9,Major Delay
Urban,Local Bus,19,5,Clear,8.28,23.23,54.94,18.19,32,14.01,Average,0.0,0,16.53,Major Delay
Urban,Express Bus,19,5,Cloudy,1.28,51.08,62.43,10.24,9,9.6,Average,5.68,0,13.53,Moderate Delay
Urban,Express Bus,7,6,Clear,0.8,100.0,55.92,3.0,6,19.21,Good,10.35,0,13.5,Moderate Delay
Urban,Express Bus,22,4,Cloudy,14.33,84.64,59.21,6.33,7,11.42,Good,0.34,0,11.4,Moderate Delay
Urban,Feeder Bus,7,4,Cloudy,2.48,30.36,65.4,4.74,5,7.35,Good,2.29,0,8.67,Moderate Delay
Urban,Express Bus,14,3,Cloudy,3.74,24.8,88.21,13.63,17,8.83,Poor,6.78,0,20.17,Major Delay
Rural,Express Bus,12,5,Clear,12.72,77.74,41.22,19.63,7,15.44,Good,10.99,0,7.65,Moderate Delay
Urban,Feeder Bus,13,4,Clear,4.98,24.89,58.17,25.85,9,6.4,Good,0.0,0,3.49,On Time / Minor
Urban,Local Bus,7,3,Clear,2.75,70.8,70.31,21.64,31,20.46,Good,4.72,0,28.19,Major Delay
Urban,Local Bus,11,0,Rain,1.51,100.0,83.6,9.74,6,17.53,Good,3.34,0,18.0,Major Delay
Rural,Local Bus,5,5,Cloudy,5.11,63.53,14.84,15.52,8,4.84,Good,2.13,0,6.0,Moderate Delay
Urban,Express Bus,22,2,Cloudy,3.9,75.23,30.03,16.41,20,14.87,Poor,0.0,0,16.84,Major Delay
Rural,Local Bus,7,2,Cloudy,3.11,72.56,58.81,4.64,11,6.16,Good,0.0,0,9.02,Moderate Delay
Rural,Local Bus,13,0,Cloudy,1.01,35.19,80.39,8.76,14,6.83,Good,0.0,0,8.75,Moderate Delay
Urban,Feeder Bus,8,1,Clear,3.14,54.67,48.39,11.42,18,8.66,Good,2.83,1,18.35,Major Delay
Urban,Feeder Bus,8,0,Clear,5.16,26.0,71.38,26.78,10,7.29,Good,1.23,0,18.22,Major Delay
Rural,Local Bus,12,0,Clear,10.46,77.67,97.56,16.32,26,14.63,Poor,0.0,0,22.84,Major Delay
Urban,Local Bus,22,0,Clear,3.82,23.04,58.21,6.11,26,12.27,Average,2.17,1,19.1,Major Delay
Urban,Local Bus,13,2,Clear,4.42,64.12,53.44,11.45,5,13.11,Poor,12.83,0,23.1,Major Delay
Urban,Local Bus,22,5,Rain,7.95,74.03,67.44,16.69,22,11.02,Poor,0.19,1,22.43,Major Delay
Urban,Feeder Bus,19,6,Clear,6.77,36.69,61.6,12.49,14,8.36,Average,1.56,0,8.63,Moderate Delay
Urban,Express Bus,12,1,Clear,5.07,31.42,63.1,11.86,21,8.4,Average,2.37,0,8.66,Moderate Delay
Urban,Local Bus,21,2,Clear,3.38,44.1,54.38,18.39,24,16.53,Average,0.0,0,18.55,Major Delay
Urban,Local Bus,11,5,Clear,7.36,27.47,52.86,22.41,15,9.26,Average,0.0,0,7.26,Moderate Delay
Urban,Local Bus,14,4,Clear,2.65,51.6,37.91,21.3,23,17.98,Average,12.55,0,15.4,Major Delay
Urban,Local Bus,17,6,Clear,4.86,26.91,70.27,12.2,27,7.82,Average,0.0,0,15.7,Major Delay
Rural,Local Bus,15,2,Clear,1.94,28.58,37.2,13.01,29,11.23,Good,0.0,0,11.57,Moderate Delay
Urban,Express Bus,19,1,Heavy Rain,1.28,60.58,41.66,12.15,9,12.55,Average,7.24,0,22.36,Major Delay
Urban,Local Bus,7,1,Clear,2.57,62.2,34.04,20.34,21,16.91,Good,0.0,1,18.3,Major Delay
Urban,Feeder Bus,13,4,Clear,0.35,41.25,51.48,11.67,18,15.85,Average,7.36,0,24.05,Major Delay
Urban,Local Bus,16,0,Clear,1.15,10.13,58.52,3.0,32,12.54,Average,7.81,0,18.09,Major Delay
Urban,Express Bus,10,3,Clear,3.24,74.93,36.01,16.89,16,11.37,Average,0.0,0,17.54,Major Delay
Urban,Local Bus,20,2,Cloudy,5.01,37.69,52.67,17.18,12,6.46,Average,3.71,1,17.36,Major Delay
Urban,Local Bus,10,6,Clear,9.66,95.43,61.23,11.57,28,10.04,Average,3.25,0,26.51,Major Delay
Urban,Feeder Bus,10,6,Rain,3.04,44.95,26.61,25.12,16,22.31,Average,0.0,0,12.86,Moderate Delay
Urban,Express Bus,10,3,Heavy Rain,1.24,51.12,42.81,10.75,10,6.21,Good,0.42,0,20.13,Major Delay
Urban,Local Bus,17,4,Rain,0.63,38.07,94.09,22.51,21,8.19,Good,2.72,0,17.44,Major Delay
Urban,Local Bus,7,2,Clear,9.03,53.6,43.83,5.97,34,4.09,Good,1.16,0,18.79,Major Delay
Urban,Express Bus,7,5,Clear,3.95,100.0,72.17,15.66,13,7.26,Good,6.38,0,16.56,Major Delay
Urban,Feeder Bus,19,2,Clear,2.89,39.97,47.85,9.15,9,5.08,Good,2.75,0,15.79,Major Delay
Urban,Express Bus,8,5,Rain,4.08,77.36,62.0,13.56,19,4.87,Average,5.76,0,19.83,Major Delay
Urban,Local Bus,6,6,Clear,7.44,50.08,42.05,18.57,18,12.61,Average,1.56,0,12.95,Moderate Delay
Urban,Local Bus,9,1,Cloudy,12.24,75.0,19.96,10.58,13,14.65,Good,6.7,0,19.11,Major Delay
Urban,Local Bus,12,1,Clear,2.63,3.57,49.18,9.81,23,12.76,Poor,7.92,0,13.14,Moderate Delay
Urban,Local Bus,5,2,Clear,6.85,92.73,66.84,12.66,5,5.89,Good,0.0,0,6.6,Moderate Delay
Rural,Express Bus,20,5,Clear,0.55,55.84,71.57,35.0,17,2.58,Average,5.39,0,3.9,On Time / Minor
Urban,Express Bus,7,4,Clear,16.18,41.84,60.86,15.21,9,2.0,Average,0.03,0,17.86,Major Delay
Urban,Local Bus,12,1,Cloudy,2.6,68.78,42.45,14.86,31,4.91,Average,1.31,0,15.97,Major Delay
Urban,Express Bus,8,2,Cloudy,0.42,51.31,76.41,16.61,21,5.87,Good,5.06,0,14.97,Moderate Delay
Rural,Express Bus,10,4,Clear,8.74,21.6,43.56,3.7,24,8.71,Good,4.11,0,9.29,Moderate Delay
Urban,Express Bus,5,6,Clear,1.52,0.0,44.79,19.53,23,12.31,Good,2.33,0,8.37,Moderate Delay
Urban,Local Bus,22,3,Rain,3.47,90.0,38.4,18.27,25,9.07,Average,6.81,0,16.65,Major Delay
Rural,Local Bus,21,0,Clear,6.18,42.87,49.54,3.3,25,18.92,Poor,4.4,0,17.24,Major Delay
Urban,Local Bus,7,0,Cloudy,8.11,33.9,52.09,28.43,31,22.53,Average,0.0,0,10.04,Moderate Delay
Rural,Local Bus,8,0,Clear,5.28,35.69,63.87,14.02,23,10.47,Average,8.99,0,9.79,Moderate Delay
Urban,Local Bus,20,0,Cloudy,3.28,81.68,30.94,7.3,8,2.0,Good,8.82,0,10.46,Moderate Delay
Urban,Local Bus,12,2,Cloudy,3.99,36.73,48.79,15.88,16,8.32,Average,3.57,0,10.22,Moderate Delay
Urban,Local Bus,6,1,Clear,26.77,62.82,41.99,8.55,18,9.67,Average,0.71,0,19.72,Major Delay
Urban,Local Bus,7,2,Cloudy,9.34,40.3,66.55,4.34,32,14.43,Good,0.0,0,25.61,Major Delay
Rural,Feeder Bus,12,5,Cloudy,0.98,19.14,64.05,12.36,17,4.32,Average,11.86,0,16.75,Major Delay
Urban,Express Bus,15,3,Clear,3.91,68.73,37.41,12.63,31,2.88,Good,2.58,0,0.0,On Time / Minor
Rural,Local Bus,16,5,Rain,5.58,73.37,67.84,4.55,27,12.31,Good,4.23,0,24.22,Major Delay
Urban,Feeder Bus,7,3,Clear,0.03,32.38,56.95,9.32,16,8.27,Good,5.61,0,11.44,Moderate Delay
Urban,Local Bus,11,1,Clear,10.34,47.13,73.86,7.8,30,8.19,Average,0.0,1,12.75,Moderate Delay
Rural,Local Bus,9,6,Rain,1.14,50.23,45.08,11.86,19,6.6,Average,0.0,0,23.05,Major Delay
Urban,Feeder Bus,14,3,Rain,1.69,58.24,69.81,17.89,18,8.98,Good,14.51,0,16.1,Major Delay
Rural,Local Bus,10,5,Clear,0.72,93.34,75.3,14.85,8,12.0,Poor,0.0,0,14.95,Moderate Delay
Urban,Local Bus,8,0,Cloudy,8.81,40.55,59.38,13.8,8,2.0,Average,0.0,0,12.05,Moderate Delay
Rural,Local Bus,19,5,Clear,6.47,40.41,99.96,3.05,21,11.08,Average,1.25,0,15.93,Major Delay
Urban,Local Bus,15,5,Rain,9.24,43.97,67.83,13.83,27,14.44,Poor,0.0,0,22.72,Major Delay
Urban,Express Bus,13,1,Clear,13.08,26.33,93.26,7.47,30,13.24,Poor,0.0,0,16.96,Major Delay
Urban,Local Bus,7,5,Rain,4.46,8.39,100.0,3.69,28,21.54,Good,0.0,0,16.98,Major Delay
Urban,Local Bus,6,5,Clear,2.01,51.08,24.54,19.27,18,8.81,Poor,2.64,1,10.15,Moderate Delay
Urban,Local Bus,19,6,Clear,4.54,60.13,81.03,6.01,13,10.54,Good,5.29,0,13.62,Moderate Delay
Urban,Local Bus,22,1,Rain,1.67,48.06,68.33,14.56,17,17.37,Good,5.5,0,17.64,Major Delay
Rural,Local Bus,15,6,Clear,6.06,46.56,62.87,11.08,10,11.27,Good,0.0,0,7.95,Moderate Delay
Urban,Feeder Bus,5,5,Clear,10.66,27.33,44.78,8.28,20,18.53,Average,8.36,0,14.67,Moderate Delay
Rural,Express Bus,13,2,Clear,1.24,53.81,40.17,21.32,9,15.08,Poor,4.22,0,11.58,Moderate Delay
Rural,Local Bus,10,2,Cloudy,4.58,51.91,36.94,10.4,27,11.72,Good,8.86,0,19.53,Major Delay
Urban,Express Bus,5,1,Clear,3.2,58.92,100.0,10.8,8,10.94,Average,4.94,0,14.45,Moderate Delay
Urban,Local Bus,7,3,Cloudy,3.44,55.44,67.75,9.59,17,9.83,Good,2.19,0,18.5,Major Delay
Urban,Local Bus,13,6,Clear,8.66,57.06,30.82,15.06,13,10.83,Average,2.32,0,11.93,Moderate Delay
Urban,Local Bus,12,5,Cloudy,5.67,78.33,36.95,13.04,23,6.77,Good,5.26,0,19.97,Major Delay
Urban,Local Bus,15,1,Rain,2.65,61.16,17.5,9.79,26,14.39,Average,9.81,1,19.43,Major Delay
Rural,Express Bus,17,0,Clear,3.03,59.05,81.82,8.46,16,20.57,Average,4.13,0,12.01,Moderate Delay
Urban,Feeder Bus,9,0,Cloudy,3.96,7.92,58.91,13.75,13,2.0,Good,4.54,0,15.86,Major Delay
Urban,Local Bus,10,4,Clear,3.71,72.23,68.18,10.1,32,16.89,Poor,6.33,0,20.47,Major Delay
Rural,Local Bus,17,2,Clear,3.96,41.15,58.05,24.35,30,12.21,Poor,0.0,0,13.19,Moderate Delay
Urban,Express Bus,8,5,Rain,7.4,49.82,76.96,10.85,30,16.22,Average,0.0,0,14.65,Moderate Delay
Urban,Local Bus,6,5,Rain,0.7,18.72,50.06,16.01,15,8.06,Average,4.59,0,13.09,Moderate Delay
Urban,Local Bus,20,1,Rain,5.74,96.07,63.91,13.45,6,10.09,Average,0.0,0,18.49,Major Delay
Rural,Feeder Bus,8,4,Heavy Rain,6.35,0.0,63.48,12.27,26,17.33,Good,2.18,0,20.19,Major Delay
Urban,Feeder Bus,7,5,Clear,17.25,82.23,34.79,19.4,11,10.75,Good,3.43,1,18.77,Major Delay
Urban,Feeder Bus,18,6,Cloudy,3.27,57.78,43.54,17.48,11,15.12,Average,15.56,0,17.33,Major Delay
Urban,Local Bus,14,5,Clear,5.65,4.18,51.94,17.37,28,8.06,Average,2.62,0,15.64,Major Delay
Urban,Local Bus,7,2,Heavy Rain,8.6,94.84,64.42,17.3,8,10.01,Average,0.0,0,26.36,Major Delay
Urban,Local Bus,20,6,Cloudy,5.54,59.82,85.77,4.31,30,13.55,Average,4.52,0,17.24,Major Delay
Urban,Feeder Bus,9,1,Clear,0.14,0.0,60.31,16.64,12,13.02,Average,8.59,0,9.74,Moderate Delay
Rural,Local Bus,17,5,Rain,0.18,38.28,56.25,12.52,14,15.13,Good,6.16,0,14.72,Moderate Delay
Urban,Local Bus,16,2,Cloudy,2.96,60.29,64.2,10.92,23,9.3,Good,5.82,0,7.42,Moderate Delay
Rural,Local Bus,19,6,Heavy Rain,3.65,87.4,54.86,34.76,25,11.0,Good,0.0,0,20.98,Major Delay
Urban,Express Bus,18,5,Rain,5.0,38.59,57.55,5.16,24,15.85,Good,1.4,0,14.78,Moderate Delay
Urban,Express Bus,17,4,Rain,0.62,0.0,88.32,13.46,20,18.21,Average,0.0,0,21.17,Major Delay
Urban,Express Bus,5,1,Cloudy,6.54,81.56,53.54,12.97,23,6.8,Average,0.0,1,19.36,Major Delay
Urban,Local Bus,21,1,Cloudy,0.63,59.46,63.24,13.51,16,16.94,Good,2.46,0,12.7,Moderate Delay
Rural,Express Bus,7,6,Rain,5.46,0.0,45.1,7.92,17,7.16,Average,8.1,0,17.14,Major Delay
Rural,Local Bus,9,5,Clear,1.01,55.88,83.22,15.35,8,12.04,Good,17.9,1,18.83,Major Delay
Rural,Local Bus,13,3,Clear,6.23,58.32,39.77,7.26,21,12.41,Average,4.23,0,15.5,Major Delay
Urban,Local Bus,10,6,Heavy Rain,8.64,40.53,56.56,15.7,15,8.56,Poor,6.2,1,21.0,Major Delay
Rural,Local Bus,15,5,Rain,1.39,28.97,77.65,14.94,33,10.11,Good,0.0,0,13.14,Moderate Delay
Urban,Local Bus,5,2,Heavy Rain,5.38,33.98,40.68,12.53,33,2.15,Average,1.3,0,20.74,Major Delay
Rural,Feeder Bus,13,5,Clear,4.3,40.52,75.36,13.56,7,14.62,Good,11.16,0,11.04,Moderate Delay
Urban,Local Bus,11,5,Clear,1.3,56.16,17.02,23.5,24,9.61,Good,3.97,0,15.53,Major Delay
Urban,Local Bus,16,3,Rain,0.57,66.13,36.16,17.47,7,10.79,Average,2.98,0,16.57,Major Delay
Urban,Express Bus,14,0,Clear,6.66,0.0,56.12,15.04,15,8.14,Average,18.0,0,14.25,Moderate Delay
Urban,Express Bus,18,5,Clear,15.34,53.89,100.0,16.55,19,14.64,Average,9.45,0,18.49,Major Delay
Urban,Local Bus,7,2,Clear,2.64,59.22,60.91,14.24,13,11.93,Poor,7.36,0,19.44,Major Delay
Rural,Express Bus,22,2,Rain,0.14,51.89,61.34,17.31,29,5.25,Average,3.18,0,17.32,Major Delay
Rural,Local Bus,12,4,Cloudy,0.03,38.69,80.95,10.36,5,10.44,Average,4.86,0,19.43,Major Delay
Rural,Local Bus,11,5,Clear,3.93,80.66,36.27,27.26,31,5.82,Good,14.19,0,7.22,Moderate Delay
Urban,Express Bus,14,0,Cloudy,0.36,78.92,10.0,15.13,34,11.1,Good,14.66,1,12.6,Moderate Delay
Urban,Express Bus,7,5,Clear,0.23,39.58,92.68,30.96,26,14.41,Average,0.81,0,14.05,Moderate Delay
Urban,Local Bus,19,2,Rain,1.26,46.09,70.09,27.3,34,11.96,Average,0.0,0,24.04,Major Delay
Urban,Local Bus,9,3,Cloudy,6.5,65.75,49.09,10.98,11,13.17,Good,3.75,0,17.9,Major Delay
Urban,Local Bus,21,6,Cloudy,6.0,77.5,59.15,15.44,23,16.29,Good,7.32,1,15.92,Major Delay
Urban,Local Bus,7,1,Clear,6.88,29.24,79.04,16.19,27,6.91,Good,12.53,0,15.72,Major Delay
Urban,Feeder Bus,20,1,Clear,1.94,23.94,55.41,19.6,15,8.81,Good,2.97,0,13.8,Moderate Delay
Urban,Local Bus,12,6,Clear,2.12,54.31,60.9,14.79,11,2.0,Average,1.76,0,10.47,Moderate Delay
Urban,Feeder Bus,15,2,Heavy Rain,9.16,22.16,98.71,21.24,16,9.1,Average,9.06,0,22.48,Major Delay
Urban,Local Bus,20,6,Clear,2.47,3.27,33.13,3.45,5,7.93,Average,0.0,0,8.62,Moderate Delay
Urban,Feeder Bus,7,2,Clear,0.55,29.13,68.34,10.34,20,14.27,Poor,2.31,0,18.96,Major Delay
Rural,Local Bus,11,4,Clear,1.35,57.59,33.56,12.85,9,13.31,Average,3.53,1,16.37,Major Delay
Urban,Local Bus,22,3,Heavy Rain,6.98,83.73,89.26,10.0,14,18.5,Good,3.14,0,13.72,Moderate Delay
Rural,Local Bus,7,6,Rain,5.28,31.7,63.86,3.61,34,8.49,Average,9.9,1,29.73,Major Delay
Urban,Local Bus,6,3,Clear,2.91,45.14,44.26,19.3,7,12.98,Average,6.18,0,19.3,Major Delay
Rural,Feeder Bus,14,3,Cloudy,0.31,51.58,27.99,7.36,26,14.7,Average,0.8,0,4.99,On Time / Minor
Rural,Express Bus,5,3,Clear,5.23,33.08,51.0,9.95,12,22.46,Average,2.32,0,9.18,Moderate Delay
Rural,Express Bus,22,2,Rain,2.33,31.28,61.71,18.53,9,13.18,Average,17.49,0,9.29,Moderate Delay
Urban,Local Bus,21,3,Heavy Rain,0.54,55.7,81.17,21.35,21,10.76,Good,0.0,0,12.41,Moderate Delay
Urban,Express Bus,8,3,Rain,6.83,20.46,36.13,10.61,14,11.63,Good,0.0,0,14.75,Moderate Delay
Urban,Express Bus,8,5,Rain,2.49,30.35,41.51,7.78,25,13.33,Good,0.0,1,22.61,Major Delay
Urban,Feeder Bus,19,0,Cloudy,3.73,43.34,48.06,9.12,31,17.87,Good,5.02,0,15.62,Major Delay
Urban,Express Bus,14,3,Clear,10.4,55.42,42.5,20.69,26,8.87,Poor,9.18,1,23.54,Major Delay
Urban,Express Bus,19,3,Cloudy,4.77,13.15,47.71,21.03,26,7.45,Good,2.92,0,8.06,Moderate Delay
Urban,Local Bus,22,5,Rain,6.37,44.99,39.1,16.02,23,24.11,Good,0.68,0,10.48,Moderate Delay
Urban,Feeder Bus,12,4,Clear,3.48,18.31,66.34,15.48,12,5.37,Average,0.0,0,8.84,Moderate Delay
Urban,Local Bus,9,3,Cloudy,7.6,32.26,48.34,6.09,18,15.28,Poor,0.0,0,15.26,Major Delay
Urban,Local Bus,16,0,Clear,0.77,66.14,58.22,16.79,34,13.08,Average,11.5,0,19.61,Major Delay
Rural,Feeder Bus,16,2,Clear,0.31,46.3,64.09,18.71,20,12.61,Good,2.49,1,16.72,Major Delay
Rural,Local Bus,12,1,Rain,0.64,86.39,30.41,14.99,22,4.86,Good,4.61,0,10.96,Moderate Delay
Urban,Local Bus,10,1,Clear,2.14,46.34,69.87,15.21,23,24.55,Average,7.76,0,13.97,Moderate Delay
Urban,Local Bus,9,5,Rain,6.36,70.26,62.19,7.81,21,11.88,Average,10.43,1,28.06,Major Delay
Urban,Local Bus,14,3,Clear,1.83,66.28,62.21,21.01,8,8.42,Good,2.37,0,10.39,Moderate Delay
Urban,Feeder Bus,12,5,Cloudy,6.19,47.7,55.33,5.84,22,4.35,Poor,0.0,0,18.4,Major Delay
Urban,Feeder Bus,13,0,Rain,3.94,17.74,52.61,13.9,9,2.0,Average,3.39,1,12.47,Moderate Delay
Urban,Local Bus,6,6,Rain,17.56,45.58,59.08,16.75,26,14.52,Average,2.84,0,16.26,Major Delay
Rural,Feeder Bus,20,3,Rain,4.05,35.75,59.91,20.85,31,6.81,Good,0.71,0,18.47,Major Delay
Urban,Express Bus,17,1,Clear,1.6,34.86,34.4,20.32,12,9.66,Poor,0.0,0,15.13,Major Delay
Rural,Feeder Bus,21,2,Clear,5.61,51.58,89.51,20.84,13,7.99,Average,5.45,0,17.92,Major Delay
Urban,Local Bus,19,5,Rain,3.65,14.66,44.08,12.19,5,13.69,Good,10.13,0,15.0,Major Delay
Urban,Local Bus,16,4,Rain,0.77,27.9,59.33,27.94,14,12.95,Good,12.26,0,19.96,Major Delay
Rural,Local Bus,10,1,Rain,2.86,24.72,81.3,20.53,24,14.76,Good,0.0,0,17.64,Major Delay
Urban,Local Bus,16,6,Rain,2.79,42.15,51.16,11.88,10,14.95,Good,12.29,0,17.96,Major Delay
Rural,Express Bus,15,0,Clear,2.98,30.33,62.74,12.27,19,7.42,Good,0.0,1,7.12,Moderate Delay
Urban,Local Bus,21,1,Clear,0.85,31.84,14.18,18.56,29,4.27,Good,4.25,0,12.49,Moderate Delay
Urban,Local Bus,9,5,Heavy Rain,15.52,51.12,18.36,11.2,29,10.26,Average,8.73,0,23.36,Major Delay
Urban,Express Bus,5,3,Cloudy,0.38,37.75,57.49,6.34,6,13.59,Average,6.26,0,18.0,Major Delay
Rural,Local Bus,7,3,Rain,10.57,48.11,61.79,14.5,32,11.54,Average,10.56,0,21.4,Major Delay
Urban,Local Bus,8,6,Cloudy,3.31,22.34,80.12,3.0,30,2.0,Average,0.0,0,15.94,Major Delay
Rural,Express Bus,16,5,Heavy Rain,1.09,28.95,74.02,16.15,23,11.29,Good,2.59,0,20.47,Major Delay
Rural,Feeder Bus,7,6,Rain,1.07,94.94,26.16,17.83,29,6.0,Good,2.48,0,16.46,Major Delay
Rural,Local Bus,7,1,Clear,2.65,31.96,83.37,12.4,22,11.11,Average,9.2,0,14.02,Moderate Delay
Urban,Feeder Bus,12,5,Rain,1.3,0.0,34.19,20.9,17,15.82,Average,2.34,0,6.98,Moderate Delay
Rural,Feeder Bus,19,1,Clear,3.02,55.87,75.26,19.11,24,2.0,Good,4.67,0,10.17,Moderate Delay
Rural,Express Bus,12,5,Clear,5.92,31.72,48.97,7.89,31,18.54,Poor,2.21,0,7.66,Moderate Delay
Urban,Local Bus,9,3,Rain,0.57,53.61,100.0,14.27,7,5.77,Average,5.31,0,19.39,Major Delay
Urban,Express Bus,10,4,Clear,4.28,45.94,46.19,10.88,26,15.98,Poor,0.0,0,18.91,Major Delay
Urban,Feeder Bus,19,0,Clear,6.46,60.65,56.52,12.06,15,15.21,Average,0.0,0,12.93,Moderate Delay
Urban,Local Bus,12,6,Cloudy,3.94,45.71,61.17,20.88,30,9.49,Good,1.01,0,22.12,Major Delay
Rural,Feeder Bus,11,1,Heavy Rain,2.77,42.79,53.15,17.75,24,13.27,Poor,0.0,0,15.9,Major Delay
Urban,Feeder Bus,18,4,Clear,0.91,74.4,38.06,9.69,7,7.49,Poor,2.49,0,18.03,Major Delay
Urban,Local Bus,11,1,Rain,1.04,0.0,100.0,15.35,20,2.37,Average,7.41,0,18.48,Major Delay
Urban,Express Bus,11,6,Cloudy,1.06,17.51,45.79,9.47,30,16.69,Poor,0.0,0,12.19,Moderate Delay
Urban,Local Bus,18,2,Clear,1.91,29.02,45.07,11.09,28,7.58,Poor,1.43,0,16.75,Major Delay
Urban,Express Bus,10,5,Rain,1.95,9.06,55.81,23.24,25,20.0,Average,14.35,0,23.51,Major Delay
Rural,Feeder Bus,14,5,Cloudy,10.91,36.97,61.86,29.28,8,15.42,Good,0.0,0,12.58,Moderate Delay
Urban,Local Bus,16,3,Rain,4.59,34.7,44.3,24.67,34,6.78,Average,0.0,0,19.04,Major Delay
Urban,Local Bus,8,0,Rain,4.73,70.42,77.07,15.66,24,13.94,Average,5.01,0,18.6,Major Delay
Rural,Local Bus,7,1,Heavy Rain,3.73,45.97,61.05,15.1,29,13.64,Average,0.0,1,26.64,Major Delay
Urban,Feeder Bus,20,4,Rain,4.06,43.1,58.4,20.12,30,19.61,Average,2.84,0,21.94,Major Delay
Urban,Local Bus,10,3,Clear,5.05,39.26,69.16,14.61,34,8.56,Average,11.87,0,22.3,Major Delay
Urban,Feeder Bus,11,4,Rain,0.74,23.8,41.03,5.44,24,9.84,Poor,0.37,0,12.01,Moderate Delay
Rural,Local Bus,15,1,Cloudy,2.9,68.49,46.3,24.91,21,13.17,Average,0.0,0,14.18,Moderate Delay
Rural,Local Bus,6,3,Clear,1.11,75.83,57.56,6.87,7,11.09,Good,0.0,0,12.4,Moderate Delay
Urban,Feeder Bus,5,0,Cloudy,8.0,20.12,76.6,21.25,9,4.05,Average,0.0,0,14.66,Moderate Delay
Urban,Express Bus,12,3,Rain,1.71,85.26,53.12,18.56,24,16.07,Good,2.3,0,13.98,Moderate Delay
Urban,Local Bus,22,0,Clear,5.11,32.57,51.66,25.16,32,18.99,Good,14.17,0,11.36,Moderate Delay
Urban,Local Bus,15,4,Clear,6.02,30.69,15.83,19.18,30,11.77,Average,2.57,0,8.96,Moderate Delay
Urban,Local Bus,15,3,Cloudy,4.33,58.87,44.13,10.47,30,4.64,Poor,2.8,0,19.0,Major Delay
Rural,Local Bus,15,5,Clear,3.88,60.93,24.99,20.51,9,10.43,Good,3.26,0,13.37,Moderate Delay
Rural,Local Bus,20,3,Rain,3.29,46.36,29.97,11.82,18,6.45,Good,0.0,0,12.74,Moderate Delay
Urban,Express Bus,20,1,Clear,6.29,40.04,65.32,8.14,23,9.7,Average,0.0,0,14.5,Moderate Delay
Rural,Local Bus,5,1,Rain,1.23,74.96,100.0,3.01,23,11.93,Average,10.72,0,14.7,Moderate Delay
Rural,Local Bus,14,5,Rain,4.66,33.66,61.88,13.26,19,14.28,Good,6.52,0,7.78,Moderate Delay
Urban,Local Bus,14,6,Clear,0.2,46.42,64.66,3.87,33,18.03,Good,9.05,0,18.18,Major Delay
Urban,Local Bus,9,0,Cloudy,1.61,86.96,42.79,22.62,11,14.14,Average,4.67,0,18.23,Major Delay
Rural,Feeder Bus,22,4,Clear,1.88,17.25,37.03,4.57,30,5.71,Poor,9.29,0,17.28,Major Delay
Urban,Local Bus,9,3,Clear,0.45,37.45,99.12,11.72,18,14.41,Good,0.0,0,7.9,Moderate Delay
Rural,Local Bus,20,1,Cloudy,3.89,71.58,41.89,11.98,24,9.57,Average,3.75,1,23.98,Major Delay
Urban,Express Bus,6,3,Clear,1.34,60.14,18.0,15.03,17,10.14,Average,6.08,0,8.58,Moderate Delay
Urban,Feeder Bus,15,6,Rain,9.46,68.56,62.91,8.8,15,10.93,Good,10.09,0,15.38,Major Delay
Rural,Express Bus,18,1,Cloudy,2.51,17.57,49.4,20.81,22,11.68,Average,5.58,0,13.9,Moderate Delay
Urban,Feeder Bus,14,5,Clear,5.89,55.39,69.92,14.98,21,16.06,Good,5.58,0,13.96,Moderate Delay
Urban,Feeder Bus,6,0,Clear,8.15,41.44,89.35,13.89,27,13.48,Good,4.63,0,20.22,Major Delay
Urban,Express Bus,7,5,Rain,5.23,100.0,65.38,10.1,7,5.07,Good,0.0,0,18.05,Major Delay
Urban,Feeder Bus,15,0,Clear,2.13,66.62,62.54,17.3,7,3.49,Good,0.53,0,15.38,Major Delay
Urban,Local Bus,20,0,Rain,3.27,47.49,71.19,22.38,16,14.25,Average,0.98,0,16.97,Major Delay
Urban,Feeder Bus,15,0,Clear,0.45,54.58,100.0,30.17,11,13.69,Average,7.67,0,18.85,Major Delay
Urban,Feeder Bus,6,5,Heavy Rain,5.98,49.25,100.0,8.35,26,17.31,Average,6.07,0,16.59,Major Delay
Urban,Feeder Bus,19,4,Clear,7.57,64.08,51.68,13.18,24,10.51,Average,11.03,0,17.51,Major Delay
Urban,Local Bus,13,4,Clear,2.02,28.31,77.0,3.0,9,12.4,Good,5.94,0,8.16,Moderate Delay
Rural,Express Bus,6,1,Cloudy,2.25,79.4,93.72,18.08,8,13.39,Poor,2.43,0,15.7,Major Delay
Urban,Local Bus,11,6,Clear,7.86,17.53,71.87,5.81,30,3.23,Poor,9.91,0,19.19,Major Delay
Urban,Express Bus,8,5,Rain,0.59,52.72,56.67,15.65,24,2.94,Good,0.0,0,17.3,Major Delay
Urban,Local Bus,22,3,Clear,1.43,29.04,48.04,21.41,31,14.68,Average,2.05,1,16.88,Major Delay
Urban,Express Bus,21,6,Clear,1.59,48.99,59.97,11.53,24,12.85,Average,0.0,0,9.17,Moderate Delay
Rural,Express Bus,6,1,Clear,0.17,70.72,35.2,8.41,17,17.73,Average,0.0,0,8.79,Moderate Delay
Urban,Local Bus,15,2,Cloudy,4.9,8.62,75.91,21.91,15,20.22,Good,0.0,0,12.1,Moderate Delay
Urban,Local Bus,5,0,Rain,2.05,44.1,85.82,18.26,29,9.5,Good,0.19,0,14.32,Moderate Delay
Rural,Local Bus,13,1,Clear,2.07,14.89,50.06,7.22,34,9.24,Poor,4.45,0,19.9,Major Delay
Rural,Express Bus,7,5,Rain,3.71,41.57,48.99,14.84,18,4.22,Average,1.75,0,12.41,Moderate Delay
Rural,Express Bus,18,2,Rain,0.33,14.82,36.88,8.88,19,13.59,Average,4.8,1,19.76,Major Delay
Rural,Express Bus,6,4,Clear,2.96,51.72,67.34,20.36,16,2.0,Poor,4.61,0,10.21,Moderate Delay
Rural,Local Bus,21,6,Clear,0.32,38.2,57.78,14.74,33,6.15,Good,0.0,0,13.44,Moderate Delay
Urban,Feeder Bus,9,5,Clear,4.89,65.18,29.13,23.17,8,12.54,Poor,4.27,1,17.44,Major Delay
Urban,Express Bus,9,2,Clear,8.8,76.26,100.0,8.41,10,7.71,Average,0.0,0,19.41,Major Delay
Urban,Local Bus,20,2,Rain,5.95,48.24,22.43,15.36,29,10.76,Average,0.0,0,24.35,Major Delay
Urban,Local Bus,21,0,Cloudy,1.62,68.55,29.2,13.93,33,9.96,Good,4.63,0,15.0,Major Delay
Urban,Local Bus,6,5,Clear,5.36,79.8,76.79,15.53,13,5.44,Good,3.82,0,20.64,Major Delay
Urban,Local Bus,6,6,Rain,2.42,26.79,71.14,10.6,22,2.0,Good,4.24,0,14.66,Moderate Delay
Urban,Local Bus,20,3,Clear,3.51,81.0,43.71,3.0,13,14.5,Good,6.97,0,17.12,Major Delay
Rural,Local Bus,22,3,Rain,5.08,47.15,42.43,18.07,34,10.11,Good,0.09,0,14.08,Moderate Delay
Rural,Local Bus,13,5,Cloudy,0.21,25.5,67.16,14.32,7,12.7,Good,0.0,1,8.53,Moderate Delay
Urban,Local Bus,7,2,Clear,2.62,54.86,65.56,9.01,22,10.71,Average,3.3,0,22.23,Major Delay
Urban,Local Bus,7,2,Cloudy,1.19,46.34,43.92,10.99,22,10.62,Poor,1.19,0,18.63,Major Delay
Urban,Feeder Bus,9,6,Clear,3.06,15.64,77.88,6.98,32,11.82,Good,16.99,1,18.67,Major Delay
Urban,Local Bus,17,2,Heavy Rain,3.63,22.68,69.44,3.0,21,10.04,Good,2.7,0,18.96,Major Delay
Rural,Local Bus,6,6,Clear,1.64,85.66,84.73,20.23,15,9.31,Average,3.34,0,21.65,Major Delay
Rural,Express Bus,16,1,Rain,2.17,54.41,57.0,17.43,19,5.97,Average,0.0,0,11.97,Moderate Delay
Rural,Local Bus,19,3,Heavy Rain,0.86,82.08,74.2,5.89,23,23.41,Average,0.0,0,24.66,Major Delay
Rural,Local Bus,7,3,Cloudy,4.1,38.42,53.43,29.15,30,16.03,Poor,0.0,0,20.79,Major Delay
Rural,Local Bus,22,2,Rain,6.63,29.56,68.82,7.24,5,18.46,Good,1.55,0,19.09,Major Delay
Urban,Local Bus,22,6,Cloudy,0.36,9.28,65.16,18.29,26,17.35,Average,2.13,0,11.93,Moderate Delay
Urban,Express Bus,10,3,Clear,6.33,70.26,74.96,14.02,22,9.6,Poor,8.63,0,21.4,Major Delay
Urban,Local Bus,7,6,Heavy Rain,4.64,57.44,68.39,6.42,10,10.09,Average,1.88,0,25.23,Major Delay
Urban,Local Bus,10,1,Clear,5.9,38.63,20.22,16.1,16,11.01,Average,1.08,0,12.42,Moderate Delay
Urban,Express Bus,9,2,Rain,8.98,29.77,45.47,12.89,21,9.18,Poor,4.27,0,16.84,Major Delay
Urban,Feeder Bus,10,3,Cloudy,1.64,73.92,59.66,10.18,29,15.39,Good,2.53,0,14.35,Moderate Delay
Rural,Local Bus,21,3,Clear,7.85,43.92,67.33,21.91,30,6.93,Good,7.83,0,17.04,Major Delay
Urban,Local Bus,7,1,Clear,9.1,44.17,74.5,17.74,19,5.67,Good,10.21,0,17.06,Major Delay
Rural,Local Bus,10,2,Clear,0.44,34.18,68.97,18.32,25,4.52,Average,2.83,0,14.63,Moderate Delay
Rural,Express Bus,19,4,Clear,3.64,38.63,43.91,12.71,20,9.38,Poor,0.0,0,10.7,Moderate Delay
Urban,Express Bus,6,1,Rain,3.5,60.65,76.36,16.11,25,8.64,Good,2.27,1,20.73,Major Delay
Urban,Express Bus,6,5,Clear,9.59,15.42,41.82,13.84,34,7.91,Average,4.05,0,12.31,Moderate Delay
Urban,Local Bus,10,3,Heavy Rain,22.14,49.86,83.27,17.0,7,11.42,Average,0.0,0,20.06,Major Delay
Urban,Local Bus,22,6,Clear,5.96,69.98,84.6,8.17,31,5.17,Good,1.54,0,14.43,Moderate Delay
Urban,Feeder Bus,20,1,Clear,15.82,46.05,57.8,3.0,10,14.71,Average,0.0,0,17.51,Major Delay
Rural,Local Bus,21,5,Clear,1.29,72.25,45.04,22.14,32,5.51,Good,5.08,0,6.62,Moderate Delay
Urban,Feeder Bus,20,3,Clear,5.46,78.83,44.08,13.91,17,5.14,Poor,0.0,0,16.79,Major Delay
Urban,Local Bus,7,0,Cloudy,2.99,68.78,36.12,17.43,10,7.78,Average,1.37,0,17.49,Major Delay
Rural,Local Bus,12,4,Clear,4.99,35.64,39.55,9.89,6,10.31,Good,2.22,0,9.85,Moderate Delay
Urban,Local Bus,14,1,Cloudy,6.06,47.18,54.39,12.66,31,15.3,Average,0.0,1,20.55,Major Delay
Urban,Local Bus,7,0,Cloudy,7.04,55.95,46.81,23.12,26,10.63,Average,3.22,0,9.28,Moderate Delay
Urban,Feeder Bus,22,3,Clear,2.22,37.2,25.8,16.18,17,2.98,Good,0.0,0,3.37,On Time / Minor
Urban,Local Bus,15,5,Clear,2.71,36.43,48.33,27.23,32,13.44,Good,10.44,0,17.04,Major Delay
Urban,Express Bus,20,1,Clear,6.54,35.04,59.86,19.35,30,13.34,Average,9.69,0,16.88,Major Delay
Urban,Express Bus,9,4,Clear,4.34,100.0,51.22,9.99,10,8.1,Average,8.92,0,14.92,Moderate Delay
Urban,Feeder Bus,17,0,Rain,1.46,41.76,40.1,16.65,20,11.85,Average,3.78,0,17.82,Major Delay
Urban,Express Bus,6,1,Clear,2.79,72.58,10.18,24.09,24,18.17,Good,4.74,0,11.94,Moderate Delay
Urban,Feeder Bus,5,5,Clear,8.35,28.0,80.91,15.32,25,6.68,Average,2.16,0,11.75,Moderate Delay
Urban,Feeder Bus,16,0,Cloudy,0.98,87.14,57.21,17.87,20,15.8,Average,5.73,0,13.58,Moderate Delay
Urban,Local Bus,6,2,Clear,3.12,39.29,64.41,22.48,12,17.33,Good,11.24,0,8.88,Moderate Delay
Urban,Feeder Bus,9,3,Heavy Rain,0.55,49.22,61.62,3.0,12,11.88,Good,0.0,0,24.88,Major Delay
Urban,Feeder Bus,19,0,Rain,9.01,5.85,67.95,18.21,10,4.86,Good,5.25,0,14.32,Moderate Delay
Urban,Local Bus,13,6,Rain,23.03,73.68,62.81,22.08,19,17.53,Average,0.0,0,24.22,Major Delay
Urban,Express Bus,11,3,Cloudy,11.15,78.66,59.97,9.39,21,15.58,Good,0.99,0,8.17,Moderate Delay
Rural,Local Bus,10,2,Clear,1.78,20.69,73.27,20.27,33,13.74,Poor,2.74,0,18.37,Major Delay
Rural,Express Bus,17,6,Clear,1.77,75.02,77.56,13.97,9,10.74,Good,4.64,0,8.04,Moderate Delay
Urban,Local Bus,22,3,Rain,8.59,17.24,85.67,3.85,19,16.79,Average,6.44,0,25.19,Major Delay
Rural,Express Bus,18,4,Clear,7.68,62.54,41.36,18.74,23,6.75,Good,9.6,0,21.76,Major Delay
Urban,Local Bus,11,0,Clear,3.29,41.38,62.99,13.94,17,15.29,Average,0.0,0,17.85,Major Delay
Urban,Express Bus,12,1,Cloudy,0.79,78.73,25.89,13.55,5,9.39,Average,7.4,0,7.4,Moderate Delay
Rural,Local Bus,6,0,Rain,3.37,53.73,48.37,17.88,25,2.62,Average,12.07,0,13.53,Moderate Delay
Rural,Express Bus,7,3,Cloudy,2.86,69.42,54.06,8.3,10,5.98,Poor,1.19,0,14.42,Moderate Delay
Rural,Local Bus,9,5,Clear,19.33,76.47,72.82,18.63,27,13.02,Good,0.56,0,16.82,Major Delay
Urban,Express Bus,11,6,Heavy Rain,6.14,41.31,55.64,8.53,13,12.11,Good,4.1,0,18.68,Major Delay
Rural,Local Bus,22,4,Clear,0.21,47.34,71.46,23.08,25,13.22,Good,2.74,1,16.3,Major Delay
Urban,Local Bus,20,0,Heavy Rain,6.36,22.44,51.1,20.83,10,9.16,Average,2.41,0,20.03,Major Delay
Urban,Local Bus,7,4,Clear,9.08,41.1,46.45,23.23,23,12.06,Average,10.67,1,18.66,Major Delay
Urban,Feeder Bus,10,4,Heavy Rain,7.9,92.32,41.96,16.79,8,14.13,Good,15.38,0,20.71,Major Delay
Rural,Local Bus,6,4,Rain,7.49,65.38,71.81,11.46,13,22.8,Average,1.87,0,20.31,Major Delay
Urban,Express Bus,6,5,Clear,4.26,23.97,50.43,9.67,27,9.04,Good,15.06,0,3.91,On Time / Minor
Rural,Local Bus,11,3,Rain,2.71,85.52,10.0,9.32,13,16.12,Poor,1.72,0,18.21,Major Delay
Urban,Express Bus,22,4,Clear,0.72,56.95,70.71,12.96,17,14.23,Good,7.28,0,12.74,Moderate Delay
Rural,Local Bus,8,3,Clear,13.24,67.1,39.41,9.88,18,11.61,Poor,0.0,0,16.68,Major Delay
Rural,Local Bus,17,1,Clear,5.63,59.28,61.86,15.95,12,4.49,Average,0.0,0,16.51,Major Delay
Rural,Local Bus,12,0,Cloudy,1.83,57.65,35.42,9.17,22,17.95,Poor,1.87,0,19.73,Major Delay
Urban,Local Bus,14,6,Clear,3.81,2.05,58.29,10.27,14,12.24,Average,7.66,1,16.09,Major Delay
Urban,Local Bus,20,3,Cloudy,0.73,73.46,10.0,11.71,20,8.05,Good,4.54,0,22.13,Major Delay
Urban,Local Bus,19,2,Heavy Rain,3.78,0.0,57.33,9.34,28,6.58,Average,0.0,0,18.42,Major Delay
Urban,Local Bus,19,2,Rain,10.24,71.37,40.5,11.95,27,12.31,Average,0.0,0,18.24,Major Delay
Urban,Feeder Bus,12,0,Clear,6.38,50.29,32.65,17.5,11,6.31,Good,0.0,1,9.68,Moderate Delay
Urban,Local Bus,5,6,Cloudy,8.81,67.22,73.28,8.7,25,8.16,Average,5.09,0,21.51,Major Delay
Urban,Feeder Bus,22,0,Clear,8.25,51.64,55.63,6.78,27,8.04,Poor,4.23,0,18.42,Major Delay
Urban,Local Bus,22,1,Clear,5.19,72.01,53.12,12.93,21,11.23,Average,4.14,0,8.82,Moderate Delay
Urban,Local Bus,20,3,Heavy Rain,2.92,48.37,43.51,7.16,26,14.0,Good,4.09,0,21.13,Major Delay
Rural,Local Bus,13,2,Heavy Rain,2.27,54.46,75.89,22.02,17,9.41,Average,0.0,0,17.52,Major Delay
Urban,Local Bus,10,0,Clear,12.48,57.31,49.31,9.81,7,9.94,Good,4.34,0,20.07,Major Delay
Rural,Local Bus,8,2,Clear,5.82,91.21,87.75,14.29,22,11.54,Good,10.66,0,15.96,Major Delay
Rural,Feeder Bus,11,5,Clear,5.42,61.81,82.59,16.72,32,7.26,Good,6.34,0,13.91,Moderate Delay
Urban,Express Bus,11,1,Clear,5.79,17.71,86.51,6.43,19,8.06,Good,0.0,0,4.16,On Time / Minor
Rural,Express Bus,9,6,Clear,2.54,35.03,77.36,8.93,21,8.66,Average,1.82,0,13.21,Moderate Delay
Urban,Local Bus,22,2,Clear,5.11,61.75,45.87,10.22,25,12.44,Good,0.35,0,19.67,Major Delay
Rural,Local Bus,16,0,Clear,1.62,76.97,59.05,18.69,30,19.04,Good,7.9,0,12.44,Moderate Delay
Urban,Express Bus,9,0,Clear,2.04,31.39,53.94,24.99,19,4.77,Good,0.0,0,12.3,Moderate Delay
Urban,Local Bus,16,5,Rain,6.63,99.52,74.76,25.14,14,12.2,Poor,4.4,0,21.32,Major Delay
Urban,Local Bus,17,2,Rain,5.63,52.04,57.79,21.64,23,9.85,Average,1.78,0,18.66,Major Delay
Urban,Local Bus,14,6,Cloudy,1.12,57.67,53.14,6.56,25,10.15,Average,0.0,0,17.14,Major Delay
Rural,Local Bus,22,5,Clear,1.19,19.16,91.16,8.74,25,8.56,Average,4.53,0,9.79,Moderate Delay
Urban,Express Bus,22,0,Rain,8.09,73.66,51.45,22.32,23,16.71,Good,2.39,1,14.21,Moderate Delay
Rural,Local Bus,12,2,Clear,1.7,37.75,45.51,23.15,34,2.0,Poor,7.22,0,12.43,Moderate Delay
Rural,Local Bus,13,5,Rain,3.31,30.84,49.96,18.77,13,5.32,Good,1.06,0,17.57,Major Delay
Urban,Feeder Bus,8,0,Clear,0.01,40.7,79.42,18.83,14,16.45,Good,0.0,0,16.48,Major Delay
Urban,Feeder Bus,19,6,Heavy Rain,0.9,79.8,61.76,11.43,30,16.82,Good,2.46,0,26.88,Major Delay
Rural,Local Bus,21,1,Clear,1.93,58.71,67.17,24.3,10,19.8,Good,4.75,0,15.48,Major Delay
Urban,Local Bus,16,5,Rain,2.21,27.55,62.72,9.61,29,12.53,Good,6.55,0,19.78,Major Delay
Urban,Express Bus,8,5,Clear,5.44,35.8,14.14,4.34,12,13.41,Average,2.57,0,5.24,Moderate Delay
Urban,Local Bus,14,3,Rain,0.21,80.42,36.62,18.81,25,2.0,Good,7.72,0,14.42,Moderate Delay
Rural,Local Bus,19,5,Cloudy,22.54,42.56,52.42,10.5,30,11.01,Good,0.0,1,16.81,Major Delay
Urban,Local Bus,5,6,Clear,6.66,60.89,64.29,6.21,31,13.8,Average,8.4,0,18.64,Major Delay
Urban,Local Bus,15,5,Rain,1.94,66.52,38.31,19.27,23,8.56,Average,6.35,0,13.99,Moderate Delay
Urban,Feeder Bus,16,4,Clear,4.44,0.0,37.7,3.03,11,10.54,Poor,1.28,0,7.14,Moderate Delay
Urban,Express Bus,14,2,Cloudy,4.35,77.08,51.75,16.73,15,17.16,Good,8.74,0,9.14,Moderate Delay
Urban,Feeder Bus,16,2,Clear,0.2,28.4,84.53,11.32,26,18.28,Poor,5.06,0,14.93,Moderate Delay
Rural,Express Bus,21,6,Rain,10.52,39.71,14.94,23.61,24,12.25,Average,9.89,0,11.89,Moderate Delay
Rural,Express Bus,7,1,Rain,1.51,83.4,10.0,16.74,13,10.75,Average,0.0,0,14.73,Moderate Delay
Urban,Express Bus,15,2,Clear,2.47,81.28,92.71,20.44,22,14.64,Good,0.09,0,12.09,Moderate Delay
Urban,Express Bus,19,3,Rain,2.19,59.33,27.39,7.49,33,9.15,Average,6.25,0,22.05,Major Delay
Urban,Local Bus,19,2,Rain,3.6,64.75,49.89,3.84,6,16.22,Good,3.84,0,19.84,Major Delay
Urban,Local Bus,13,2,Cloudy,6.06,70.49,27.98,11.83,21,8.38,Average,0.0,0,12.74,Moderate Delay
Urban,Local Bus,22,4,Clear,5.11,80.89,51.95,17.67,21,14.75,Average,12.85,0,19.38,Major Delay
Rural,Local Bus,10,2,Clear,1.18,83.82,55.28,14.43,30,10.9,Good,12.26,0,17.47,Major Delay
Urban,Local Bus,12,6,Clear,1.89,50.48,90.21,20.9,12,7.9,Good,4.46,1,13.43,Moderate Delay
Urban,Local Bus,19,1,Clear,7.15,31.04,72.41,17.28,10,12.8,Poor,0.07,1,19.56,Major Delay
Urban,Express Bus,12,2,Clear,8.73,42.13,32.34,7.7,18,9.04,Average,0.18,0,11.38,Moderate Delay
Urban,Local Bus,11,5,Rain,0.58,50.93,19.84,16.79,14,15.97,Average,5.43,0,19.09,Major Delay
Urban,Local Bus,15,3,Cloudy,0.46,46.78,67.99,15.03,31,6.03,Poor,10.68,0,27.44,Major Delay
Rural,Local Bus,16,4,Cloudy,12.81,24.72,47.61,21.62,27,12.12,Good,16.73,1,21.47,Major Delay
Rural,Local Bus,22,4,Clear,0.74,58.05,43.54,8.44,16,7.34,Average,1.99,0,8.74,Moderate Delay
Rural,Feeder Bus,16,2,Clear,1.36,11.94,81.7,10.02,15,17.01,Average,1.72,0,5.84,Moderate Delay
Rural,Local Bus,8,5,Rain,2.54,49.96,22.87,16.38,5,14.57,Good,2.67,0,18.02,Major Delay
Urban,Local Bus,5,1,Cloudy,1.3,51.44,50.67,22.48,7,10.78,Good,5.54,0,11.16,Moderate Delay
Rural,Local Bus,22,5,Heavy Rain,1.4,50.65,70.62,12.8,21,10.92,Poor,0.0,0,20.27,Major Delay
Urban,Feeder Bus,12,0,Cloudy,1.41,67.58,34.39,17.58,24,19.42,Good,0.0,0,17.78,Major Delay
Urban,Express Bus,8,4,Clear,4.0,64.53,83.96,14.21,28,14.8,Good,2.34,1,16.69,Major Delay
Urban,Local Bus,9,0,Cloudy,0.31,99.12,37.77,13.75,8,7.22,Good,5.05,0,14.75,Moderate Delay
Urban,Local Bus,6,6,Rain,7.15,36.09,56.59,20.91,9,15.67,Average,12.07,0,15.38,Major Delay
Urban,Express Bus,8,4,Clear,0.46,54.42,44.13,14.66,21,8.19,Average,0.0,0,5.02,Moderate Delay
Urban,Feeder Bus,19,0,Cloudy,11.63,52.95,10.0,11.34,7,11.77,Good,9.15,0,9.52,Moderate Delay
Rural,Local Bus,16,0,Clear,1.98,51.87,49.59,10.99,30,2.0,Good,2.99,0,9.61,Moderate Delay
Rural,Local Bus,15,1,Clear,1.78,18.91,73.85,12.16,18,15.07,Good,2.28,0,5.31,Moderate Delay
Urban,Local Bus,5,6,Clear,0.2,20.78,37.31,9.85,22,7.65,Average,0.0,0,11.62,Moderate Delay
Urban,Local Bus,17,4,Cloudy,0.15,48.15,45.44,12.57,28,9.96,Poor,5.46,0,20.5,Major Delay
Rural,Express Bus,22,1,Rain,3.18,11.75,47.67,14.35,20,4.03,Good,4.87,0,13.07,Moderate Delay
Urban,Feeder Bus,21,1,Clear,0.19,40.31,68.72,15.72,7,11.9,Average,14.84,0,11.74,Moderate Delay
Urban,Feeder Bus,12,0,Rain,1.33,33.11,50.81,8.09,11,11.35,Average,2.21,0,7.8,Moderate Delay
Urban,Express Bus,15,1,Rain,5.77,41.15,58.46,11.48,15,4.63,Average,11.27,0,14.31,Moderate Delay
Urban,Local Bus,10,5,Clear,3.89,74.04,58.72,11.77,9,11.16,Average,1.98,0,11.63,Moderate Delay
Urban,Feeder Bus,20,4,Clear,2.29,23.2,47.53,9.42,20,9.67,Good,1.79,0,11.62,Moderate Delay
Rural,Local Bus,21,2,Clear,3.51,68.01,91.79,10.52,5,17.12,Average,0.0,0,17.16,Major Delay
Rural,Local Bus,9,0,Clear,5.89,34.86,37.49,19.4,9,7.46,Average,9.25,0,11.39,Moderate Delay
Rural,Express Bus,13,2,Heavy Rain,1.92,37.72,72.06,22.18,29,13.39,Average,4.19,0,18.36,Major Delay
Urban,Local Bus,9,2,Rain,6.97,58.71,83.52,12.12,8,3.65,Good,3.48,0,10.54,Moderate Delay
Rural,Feeder Bus,16,0,Clear,3.18,41.69,55.23,9.73,5,11.4,Good,2.05,1,9.95,Moderate Delay
Urban,Feeder Bus,10,4,Cloudy,8.41,27.47,59.22,13.51,18,12.79,Good,4.68,0,19.32,Major Delay
Urban,Express Bus,17,4,Clear,3.47,39.48,68.61,14.51,30,13.04,Good,0.0,0,14.48,Moderate Delay
Urban,Express Bus,22,6,Clear,0.46,7.14,50.57,18.15,12,10.41,Good,5.75,0,4.6,On Time / Minor
Urban,Local Bus,20,2,Clear,1.29,56.77,20.08,11.62,16,19.66,Good,0.0,0,8.88,Moderate Delay
Urban,Local Bus,8,1,Clear,3.03,0.0,53.01,10.75,27,9.2,Good,2.83,0,12.68,Moderate Delay
Urban,Express Bus,7,5,Clear,22.18,68.42,90.92,28.71,32,13.41,Good,5.99,0,18.34,Major Delay
Urban,Express Bus,19,2,Clear,1.17,62.15,69.38,6.24,13,9.43,Poor,10.54,0,15.6,Major Delay
Urban,Feeder Bus,6,4,Clear,18.1,84.83,59.54,19.41,9,6.81,Average,4.55,0,13.6,Moderate Delay
Urban,Local Bus,12,5,Clear,7.6,98.19,73.12,22.94,12,5.06,Good,9.98,0,8.79,Moderate Delay
Urban,Local Bus,22,6,Cloudy,7.92,69.52,55.11,12.48,29,6.43,Average,3.44,0,19.31,Major Delay
Rural,Local Bus,13,2,Clear,5.92,33.57,58.59,16.64,15,14.02,Average,0.0,0,8.6,Moderate Delay
Urban,Express Bus,5,4,Clear,16.84,97.97,49.38,3.94,30,17.64,Good,13.91,0,19.51,Major Delay
Urban,Express Bus,22,0,Clear,1.44,20.54,67.55,14.15,19,14.01,Average,2.92,0,12.08,Moderate Delay
Urban,Feeder Bus,17,5,Heavy Rain,7.38,4.24,47.28,20.96,17,9.32,Good,8.23,0,20.14,Major Delay
Rural,Local Bus,10,0,Clear,0.62,90.61,51.69,14.72,26,7.86,Average,0.4,0,15.26,Major Delay
Urban,Local Bus,15,4,Cloudy,1.46,61.84,75.58,14.23,34,11.82,Good,6.1,0,22.36,Major Delay
Rural,Local Bus,16,1,Clear,6.34,4.86,54.11,24.41,27,5.79,Average,5.22,0,9.07,Moderate Delay
Urban,Local Bus,14,3,Clear,8.08,16.83,69.31,18.91,11,15.42,Good,3.5,0,17.1,Major Delay
Urban,Local Bus,22,0,Cloudy,4.89,60.68,70.96,18.25,14,12.85,Good,13.65,0,16.92,Major Delay
Urban,Express Bus,19,4,Rain,0.13,27.99,56.47,9.14,8,6.16,Average,5.64,0,15.03,Major Delay
Urban,Local Bus,9,3,Heavy Rain,1.12,31.3,51.01,3.0,22,18.46,Good,1.64,0,20.62,Major Delay
Rural,Local Bus,22,4,Clear,0.46,93.23,31.6,16.24,34,4.97,Good,11.37,0,15.36,Major Delay
Rural,Express Bus,22,2,Clear,2.84,97.41,36.07,14.03,14,11.26,Good,0.0,0,9.16,Moderate Delay
Urban,Feeder Bus,5,0,Rain,0.45,51.38,70.18,18.58,12,15.17,Average,0.0,0,21.39,Major Delay
Rural,Local Bus,10,4,Clear,1.53,44.54,69.81,14.75,32,14.67,Average,7.9,0,13.51,Moderate Delay
Urban,Local Bus,16,4,Cloudy,1.48,68.76,38.2,14.27,5,7.88,Average,4.63,0,12.51,Moderate Delay
Urban,Express Bus,20,4,Rain,9.88,35.08,65.93,14.18,11,8.94,Average,0.77,0,11.71,Moderate Delay
Urban,Express Bus,17,1,Clear,1.69,0.0,62.33,7.34,16,6.22,Poor,5.46,0,12.04,Moderate Delay
Urban,Feeder Bus,15,5,Cloudy,17.65,0.0,76.71,3.0,33,12.09,Good,8.83,0,15.01,Major Delay
Rural,Local Bus,10,3,Clear,2.01,46.31,100.0,8.69,34,15.1,Average,0.0,0,23.35,Major Delay
Urban,Local Bus,6,1,Clear,5.54,68.28,69.5,7.38,31,2.0,Good,3.06,0,16.68,Major Delay
Urban,Feeder Bus,21,0,Heavy Rain,4.19,48.37,44.18,13.73,30,13.78,Good,3.69,0,16.14,Major Delay
Urban,Local Bus,14,2,Clear,3.59,66.63,72.87,4.2,5,8.54,Average,5.03,1,16.49,Major Delay
Urban,Local Bus,13,0,Clear,7.47,68.93,37.16,11.14,7,10.54,Poor,6.72,0,20.57,Major Delay
Urban,Feeder Bus,22,5,Cloudy,3.08,79.88,100.0,25.58,31,5.68,Average,0.0,0,14.24,Moderate Delay
Rural,Local Bus,7,0,Clear,1.53,52.28,33.47,13.55,15,7.91,Good,6.18,0,12.9,Moderate Delay
Urban,Express Bus,9,0,Clear,6.4,54.35,66.77,14.29,9,20.96,Average,0.0,0,14.75,Moderate Delay
Urban,Feeder Bus,20,1,Clear,0.86,47.15,58.04,14.09,21,9.31,Good,3.31,0,12.54,Moderate Delay
Urban,Local Bus,10,2,Clear,2.12,42.06,49.73,15.27,32,10.95,Average,0.0,0,12.51,Moderate Delay
Urban,Express Bus,21,0,Clear,7.46,11.84,48.47,10.84,28,6.43,Good,4.48,0,10.15,Moderate Delay
Urban,Local Bus,20,4,Rain,2.75,74.96,85.24,13.01,17,23.91,Good,6.83,0,29.56,Major Delay
Rural,Feeder Bus,6,0,Clear,5.08,39.17,69.33,10.75,10,13.33,Good,3.79,0,8.79,Moderate Delay
Rural,Feeder Bus,13,5,Heavy Rain,4.3,37.86,54.95,5.04,27,10.89,Poor,0.23,0,19.86,Major Delay
Urban,Feeder Bus,18,3,Clear,1.66,35.54,92.64,21.04,7,15.6,Good,0.0,0,14.94,Moderate Delay
Rural,Local Bus,13,0,Clear,2.87,17.17,55.63,8.71,8,12.77,Good,3.32,0,17.8,Major Delay
Urban,Express Bus,8,2,Heavy Rain,0.8,46.03,72.7,23.6,27,10.14,Good,1.46,0,16.13,Major Delay
Urban,Feeder Bus,5,0,Rain,8.61,59.88,31.19,9.41,10,10.36,Average,5.18,0,11.34,Moderate Delay
Rural,Express Bus,5,6,Clear,2.2,31.78,32.26,5.85,5,3.3,Good,1.35,0,8.0,Moderate Delay
Rural,Express Bus,8,4,Clear,9.19,71.86,72.2,25.62,34,9.17,Average,10.51,0,19.56,Major Delay
Rural,Local Bus,9,5,Rain,2.59,39.53,64.16,5.12,20,8.47,Good,3.73,0,13.38,Moderate Delay
Urban,Feeder Bus,10,2,Clear,5.45,12.75,100.0,3.0,28,12.61,Good,8.1,0,15.54,Major Delay
Urban,Local Bus,20,1,Clear,0.82,79.6,43.89,5.32,26,9.94,Good,1.0,0,11.65,Moderate Delay
Urban,Local Bus,14,1,Cloudy,8.02,52.56,71.51,13.17,29,14.43,Good,7.18,0,15.08,Major Delay
Urban,Feeder Bus,7,2,Rain,2.73,67.86,53.09,5.97,25,11.5,Average,6.62,0,19.4,Major Delay
Urban,Feeder Bus,6,5,Cloudy,1.82,68.4,74.96,10.62,26,6.79,Good,0.1,0,16.91,Major Delay
Urban,Feeder Bus,7,3,Clear,0.68,26.24,73.38,3.0,20,18.44,Average,0.0,0,19.4,Major Delay
Urban,Local Bus,10,6,Heavy Rain,25.9,36.0,57.45,20.52,9,9.07,Good,9.84,0,21.65,Major Delay
Urban,Local Bus,18,2,Clear,0.49,71.79,43.19,16.52,28,13.77,Good,1.4,0,20.48,Major Delay
Urban,Local Bus,5,1,Rain,17.24,90.21,51.22,6.4,19,4.44,Good,0.27,0,20.6,Major Delay
Urban,Local Bus,12,3,Clear,13.06,49.46,35.74,3.0,22,14.85,Average,2.0,0,10.08,Moderate Delay
Urban,Feeder Bus,13,0,Rain,0.44,33.57,65.3,8.58,14,2.82,Good,0.0,0,16.55,Major Delay
Urban,Express Bus,7,4,Cloudy,3.02,86.69,10.0,17.9,29,20.69,Average,6.65,0,18.59,Major Delay
Urban,Local Bus,6,0,Clear,2.73,33.59,46.38,20.46,27,14.42,Average,3.46,0,20.36,Major Delay
Urban,Local Bus,9,4,Cloudy,3.13,55.57,76.08,12.59,22,9.91,Good,3.76,0,17.4,Major Delay
Urban,Local Bus,7,2,Rain,4.29,38.16,75.6,10.99,10,13.86,Good,9.19,0,24.83,Major Delay
Rural,Feeder Bus,19,2,Clear,9.33,54.19,25.76,10.53,17,4.66,Good,4.0,0,5.17,Moderate Delay
Urban,Express Bus,21,4,Clear,0.63,26.25,69.66,15.83,12,9.99,Good,11.38,0,8.85,Moderate Delay
Urban,Local Bus,16,4,Clear,2.76,39.38,35.18,19.29,22,14.72,Good,3.4,0,4.54,On Time / Minor
Urban,Local Bus,18,6,Cloudy,1.85,33.57,50.43,13.14,7,13.87,Average,0.0,0,12.62,Moderate Delay
Rural,Local Bus,18,2,Cloudy,1.6,63.23,73.32,11.76,17,10.96,Average,0.0,0,16.49,Major Delay
Rural,Local Bus,20,5,Clear,3.28,51.75,38.5,18.68,34,12.58,Average,0.0,0,14.74,Moderate Delay
Urban,Feeder Bus,6,5,Clear,2.45,68.24,86.54,22.97,11,16.4,Good,4.06,0,16.29,Major Delay
Urban,Express Bus,22,6,Rain,4.36,29.01,63.14,12.28,19,14.62,Average,11.11,0,24.84,Major Delay
Urban,Local Bus,13,6,Clear,0.13,43.21,67.25,14.51,19,2.0,Average,4.44,0,12.39,Moderate Delay
Rural,Express Bus,14,5,Clear,8.44,62.38,79.54,9.49,30,10.96,Average,2.36,0,18.13,Major Delay
Urban,Local Bus,19,2,Clear,3.66,67.75,75.81,14.48,33,11.09,Average,1.98,0,21.2,Major Delay
Urban,Local Bus,13,4,Cloudy,2.22,14.75,74.06,8.44,30,4.75,Average,6.23,0,16.67,Major Delay
Rural,Express Bus,9,5,Heavy Rain,0.41,55.31,44.85,22.53,22,5.72,Average,5.58,0,21.86,Major Delay
Rural,Local Bus,5,2,Cloudy,4.49,29.3,35.78,19.32,17,18.49,Good,7.49,0,10.15,Moderate Delay
Urban,Local Bus,8,5,Clear,3.03,68.91,52.35,24.42,26,7.37,Average,0.0,0,19.35,Major Delay
Urban,Feeder Bus,6,4,Rain,3.27,90.79,67.49,10.64,6,8.88,Average,14.75,0,14.67,Moderate Delay
Urban,Feeder Bus,11,3,Clear,3.78,0.0,32.29,26.42,24,7.0,Good,1.78,0,7.98,Moderate Delay
Urban,Local Bus,19,6,Heavy Rain,5.9,32.91,69.66,15.47,14,13.07,Good,0.32,0,19.26,Major Delay
Urban,Express Bus,11,0,Clear,4.34,54.07,65.49,13.2,18,12.4,Good,9.47,0,20.91,Major Delay
Rural,Local Bus,15,4,Rain,12.26,47.91,54.36,21.55,24,20.69,Average,8.01,0,14.53,Moderate Delay
Rural,Express Bus,8,5,Rain,5.88,69.61,59.23,7.88,17,8.32,Good,0.28,0,16.1,Major Delay
Urban,Local Bus,15,0,Rain,4.23,49.82,59.3,14.2,13,13.62,Average,6.89,0,22.12,Major Delay
Urban,Express Bus,22,2,Clear,3.42,35.82,66.83,13.06,10,2.0,Poor,1.37,1,12.52,Moderate Delay
Urban,Local Bus,10,3,Rain,0.96,24.53,72.93,16.51,17,3.91,Poor,5.59,0,20.63,Major Delay
Urban,Feeder Bus,13,1,Rain,0.31,20.66,100.0,11.34,5,17.66,Good,4.67,0,12.93,Moderate Delay
Rural,Feeder Bus,22,6,Clear,5.58,30.92,61.38,10.76,30,16.53,Average,16.23,0,14.69,Moderate Delay
Urban,Local Bus,15,4,Clear,3.09,35.0,45.12,11.72,30,13.22,Poor,10.45,0,24.34,Major Delay
Urban,Express Bus,12,1,Cloudy,6.04,56.83,19.88,12.26,25,16.63,Average,8.83,0,6.72,Moderate Delay
Urban,Local Bus,7,3,Heavy Rain,11.56,44.4,29.84,14.47,13,5.62,Good,7.33,0,21.24,Major Delay
Urban,Express Bus,21,0,Rain,2.77,33.03,42.85,21.73,27,19.26,Average,0.0,0,6.21,Moderate Delay
Urban,Local Bus,15,0,Clear,0.46,24.79,71.79,3.0,22,5.83,Average,4.43,0,17.67,Major Delay
Rural,Local Bus,6,5,Cloudy,7.79,31.84,50.1,18.6,12,12.62,Average,1.31,0,10.16,Moderate Delay
Rural,Express Bus,14,6,Clear,2.5,35.03,66.13,11.17,18,24.86,Poor,3.24,0,7.99,Moderate Delay
Urban,Local Bus,22,1,Clear,1.52,30.79,43.36,12.93,7,6.59,Poor,3.93,0,13.23,Moderate Delay
Rural,Local Bus,21,1,Rain,1.36,63.48,67.11,7.48,8,17.74,Average,0.0,0,12.01,Moderate Delay
Urban,Local Bus,8,4,Cloudy,5.52,79.47,75.45,14.28,16,15.83,Good,2.08,0,20.53,Major Delay
Rural,Local Bus,12,3,Rain,5.44,20.95,49.96,11.65,6,8.33,Average,4.14,0,17.12,Major Delay
Urban,Local Bus,22,0,Cloudy,9.54,73.74,66.7,12.65,31,21.45,Average,8.13,0,15.7,Major Delay
Urban,Express Bus,19,4,Clear,0.72,63.94,49.19,17.5,33,6.44,Average,0.0,0,15.62,Major Delay
Rural,Express Bus,15,1,Rain,0.7,52.14,33.36,17.81,14,10.82,Good,0.0,1,9.84,Moderate Delay
Urban,Local Bus,10,0,Clear,3.85,83.11,69.07,22.52,15,14.21,Average,0.0,1,18.15,Major Delay
Urban,Local Bus,18,3,Heavy Rain,4.32,44.08,66.25,10.45,28,10.52,Average,1.91,0,30.93,Major Delay
Urban,Express Bus,15,5,Heavy Rain,8.42,57.24,69.87,18.09,14,26.54,Poor,0.0,0,20.82,Major Delay
Urban,Express Bus,14,3,Rain,8.97,50.85,77.11,17.8,28,4.71,Average,10.13,0,22.74,Major Delay
Urban,Feeder Bus,21,4,Rain,3.69,49.14,53.02,14.53,7,19.09,Good,7.38,0,20.99,Major Delay
Urban,Local Bus,11,1,Cloudy,9.5,58.56,54.5,24.11,20,2.0,Average,17.08,0,16.0,Major Delay
Rural,Local Bus,16,3,Clear,2.96,49.07,52.3,10.17,5,2.0,Average,0.84,1,13.98,Moderate Delay
Urban,Express Bus,5,4,Rain,3.0,58.72,64.91,14.91,26,11.26,Average,7.8,0,15.44,Major Delay
Urban,Local Bus,17,3,Clear,2.41,32.59,55.23,15.83,26,14.69,Good,0.0,0,13.81,Moderate Delay
Urban,Local Bus,14,1,Rain,0.65,33.31,60.52,6.81,18,18.45,Average,10.85,0,21.36,Major Delay
Rural,Local Bus,20,6,Clear,0.27,32.49,43.59,21.59,31,19.04,Average,2.43,0,14.36,Moderate Delay
Urban,Feeder Bus,10,0,Rain,3.77,39.61,37.45,13.36,24,12.0,Average,3.08,0,18.64,Major Delay
Urban,Local Bus,21,6,Cloudy,7.92,71.31,39.83,16.62,12,13.49,Poor,9.88,0,16.02,Major Delay
Urban,Express Bus,15,5,Rain,1.44,37.37,66.33,23.48,22,12.21,Poor,9.57,0,15.04,Major Delay
Urban,Express Bus,8,0,Clear,8.84,63.01,57.14,15.29,18,18.63,Average,0.0,0,12.84,Moderate Delay
Rural,Local Bus,7,1,Cloudy,11.15,54.11,48.13,14.24,25,4.82,Poor,2.97,0,18.76,Major Delay
Urban,Feeder Bus,8,2,Heavy Rain,2.11,37.85,71.27,14.4,23,7.68,Average,10.62,0,28.29,Major Delay
Rural,Express Bus,10,6,Clear,0.16,78.11,87.16,7.97,28,15.28,Poor,1.66,0,18.08,Major Delay
Urban,Local Bus,14,3,Clear,2.39,64.93,48.1,11.72,10,16.26,Poor,5.03,0,18.42,Major Delay
Urban,Express Bus,20,1,Clear,0.8,48.04,36.32,13.09,5,17.73,Average,6.19,0,8.9,Moderate Delay
Urban,Local Bus,22,6,Cloudy,7.97,46.13,76.9,14.59,16,10.65,Good,10.54,0,18.44,Major Delay
Urban,Local Bus,17,0,Cloudy,3.97,50.16,58.31,22.27,7,8.51,Good,6.84,0,12.65,Moderate Delay
Urban,Express Bus,13,5,Cloudy,0.15,12.82,54.33,19.57,19,14.52,Average,2.28,0,9.21,Moderate Delay
Urban,Express Bus,16,5,Clear,5.09,29.03,78.36,10.47,15,5.52,Average,0.0,0,10.7,Moderate Delay
Urban,Local Bus,10,2,Clear,8.46,58.64,52.75,13.86,24,19.33,Average,7.02,0,16.6,Major Delay
Urban,Feeder Bus,9,0,Rain,3.47,11.59,65.94,22.4,25,8.49,Average,4.36,0,12.95,Moderate Delay
Urban,Express Bus,14,6,Cloudy,1.86,30.8,61.21,3.66,34,9.62,Average,12.38,1,19.57,Major Delay
Urban,Express Bus,19,6,Clear,4.72,38.97,100.0,12.64,5,14.76,Good,6.38,0,16.38,Major Delay
Urban,Local Bus,6,2,Clear,13.33,100.0,55.31,6.16,19,7.37,Good,0.67,0,10.38,Moderate Delay
Urban,Local Bus,6,1,Clear,9.72,63.5,76.74,28.66,28,5.25,Average,0.0,0,15.78,Major Delay
Urban,Local Bus,8,1,Rain,0.52,73.24,52.99,18.63,12,16.76,Good,2.64,0,18.39,Major Delay
Urban,Express Bus,8,0,Rain,3.92,29.48,67.0,11.02,30,5.78,Poor,5.31,1,21.13,Major Delay
Urban,Local Bus,7,4,Cloudy,0.86,56.33,54.08,13.79,24,12.3,Poor,4.02,0,18.54,Major Delay
Urban,Express Bus,7,3,Cloudy,1.81,7.52,73.91,9.07,19,11.11,Average,0.0,0,16.11,Major Delay
Urban,Local Bus,5,2,Rain,10.36,40.4,56.09,25.95,8,2.0,Average,0.0,1,23.96,Major Delay
Rural,Express Bus,11,4,Clear,3.9,59.62,68.07,3.0,22,5.77,Average,0.0,1,18.55,Major Delay
Urban,Feeder Bus,17,4,Clear,0.98,15.4,42.88,15.96,5,12.77,Poor,0.0,0,14.99,Moderate Delay
Urban,Express Bus,7,0,Clear,2.34,57.04,42.07,13.57,14,17.16,Average,0.0,1,19.04,Major Delay
Urban,Express Bus,10,2,Heavy Rain,6.57,58.95,20.36,7.83,16,7.19,Poor,4.71,0,23.68,Major Delay
Rural,Feeder Bus,22,6,Cloudy,1.68,34.14,65.32,12.49,7,6.57,Average,10.73,0,10.06,Moderate Delay
Urban,Local Bus,8,5,Cloudy,4.12,28.8,45.02,4.28,7,14.16,Good,0.0,0,13.75,Moderate Delay
Rural,Express Bus,22,5,Rain,1.85,31.55,100.0,23.42,31,15.01,Average,0.0,1,12.76,Moderate Delay
Urban,Feeder Bus,14,6,Clear,2.09,40.02,48.55,14.15,19,15.67,Average,5.48,0,10.55,Moderate Delay
Urban,Express Bus,18,0,Clear,11.27,40.71,82.93,19.49,7,12.1,Poor,1.25,0,18.59,Major Delay
Urban,Local Bus,10,1,Cloudy,3.76,59.72,80.89,11.09,14,8.35,Good,4.31,0,15.56,Major Delay
Urban,Feeder Bus,10,3,Heavy Rain,5.57,35.71,53.08,22.07,22,14.92,Good,5.39,1,19.99,Major Delay
Rural,Local Bus,12,3,Clear,3.69,84.85,43.27,14.21,31,10.58,Average,1.44,0,12.8,Moderate Delay
Urban,Local Bus,7,5,Clear,0.37,84.68,55.31,20.44,18,14.36,Poor,9.52,1,19.19,Major Delay
Rural,Local Bus,10,5,Rain,0.74,53.43,80.7,17.4,10,8.41,Average,15.64,0,21.6,Major Delay
Urban,Local Bus,21,4,Rain,11.22,40.07,100.0,13.8,19,9.95,Good,0.0,0,15.31,Major Delay
Rural,Local Bus,5,1,Cloudy,10.22,35.73,33.3,20.0,25,13.68,Poor,8.13,0,15.51,Major Delay
Rural,Local Bus,15,4,Clear,3.56,55.29,58.29,35.0,8,2.0,Average,14.04,0,14.22,Moderate Delay
Urban,Feeder Bus,17,5,Clear,1.2,59.31,45.91,7.21,23,17.69,Poor,10.74,0,21.45,Major Delay
Urban,Local Bus,7,5,Clear,0.24,43.38,50.77,13.27,15,10.75,Average,0.05,0,9.98,Moderate Delay
Rural,Local Bus,6,4,Clear,19.09,38.96,92.14,6.24,34,2.0,Good,1.86,0,10.52,Moderate Delay
Urban,Feeder Bus,14,0,Rain,0.67,56.11,42.61,16.49,18,11.84,Poor,0.0,0,17.0,Major Delay
Rural,Feeder Bus,8,1,Rain,1.34,49.59,25.85,15.35,22,8.83,Average,0.65,0,17.18,Major Delay
Urban,Local Bus,22,5,Rain,1.65,34.84,62.04,25.66,26,5.79,Poor,0.8,0,15.81,Major Delay
Urban,Local Bus,8,6,Clear,1.17,50.6,65.59,12.46,29,20.79,Good,5.79,0,15.33,Major Delay
Urban,Express Bus,7,5,Clear,3.25,34.08,49.58,19.71,6,15.19,Average,0.0,1,13.37,Moderate Delay
Rural,Feeder Bus,10,2,Rain,17.31,30.71,44.37,3.0,15,10.21,Good,3.86,0,15.55,Major Delay
Rural,Express Bus,10,4,Clear,2.74,47.89,61.21,14.91,5,11.27,Good,4.54,1,12.19,Moderate Delay
Urban,Local Bus,7,1,Clear,4.44,34.78,31.0,8.78,7,12.34,Poor,1.17,0,16.77,Major Delay
Rural,Express Bus,16,4,Clear,5.95,31.14,66.44,17.55,19,2.86,Good,7.69,0,5.81,Moderate Delay
Rural,Express Bus,11,1,Clear,7.37,72.05,51.05,20.91,17,24.14,Good,1.24,0,15.39,Major Delay
Urban,Express Bus,14,5,Clear,3.57,38.98,85.74,10.4,26,11.22,Poor,5.13,0,15.26,Major Delay
Urban,Feeder Bus,9,5,Clear,1.03,90.4,64.37,17.24,25,20.04,Good,0.0,1,24.27,Major Delay
Rural,Express Bus,6,0,Rain,6.02,62.41,54.93,11.86,32,6.76,Average,0.0,0,7.02,Moderate Delay
Urban,Express Bus,6,6,Clear,13.29,29.12,53.41,14.28,12,13.93,Poor,8.3,0,8.3,Moderate Delay
Urban,Express Bus,5,5,Cloudy,1.55,74.67,19.33,16.47,21,5.08,Average,0.0,0,10.04,Moderate Delay
Rural,Express Bus,20,2,Cloudy,4.69,31.52,55.52,7.98,9,2.0,Good,7.26,1,16.16,Major Delay
Urban,Local Bus,9,3,Cloudy,6.24,93.39,53.94,8.01,17,15.52,Average,1.86,1,21.96,Major Delay
Rural,Local Bus,10,0,Cloudy,2.02,53.2,59.03,19.2,8,11.97,Average,0.0,0,13.19,Moderate Delay
Rural,Express Bus,15,6,Clear,7.31,60.48,54.19,9.94,32,8.35,Good,1.28,0,11.61,Moderate Delay
Rural,Express Bus,6,0,Clear,9.48,48.71,86.57,21.68,20,2.0,Average,7.17,0,11.97,Moderate Delay
Urban,Local Bus,15,6,Cloudy,4.69,54.12,52.62,3.35,7,8.65,Good,15.03,0,21.93,Major Delay
Urban,Local Bus,14,4,Heavy Rain,7.06,42.73,41.12,19.61,15,12.37,Good,12.83,0,18.5,Major Delay
Urban,Express Bus,19,6,Clear,2.75,26.71,24.71,14.05,28,5.61,Good,0.0,0,13.63,Moderate Delay
Urban,Express Bus,7,2,Clear,0.62,55.81,49.08,13.44,27,11.66,Poor,7.5,0,14.94,Moderate Delay
Urban,Local Bus,5,6,Heavy Rain,0.98,71.57,37.06,14.88,27,7.83,Good,1.26,0,18.62,Major Delay
Urban,Local Bus,18,2,Rain,15.45,20.62,32.04,5.32,24,4.99,Good,0.44,1,14.7,Moderate Delay
Urban,Local Bus,11,2,Rain,9.57,83.43,51.76,20.73,34,10.29,Poor,8.53,0,26.45,Major Delay
Urban,Feeder Bus,6,2,Cloudy,0.88,61.83,80.77,11.42,33,2.0,Good,4.64,0,19.0,Major Delay
Urban,Feeder Bus,15,6,Rain,0.76,37.95,76.7,8.99,17,13.51,Poor,4.65,0,18.86,Major Delay
Urban,Express Bus,13,3,Cloudy,6.15,37.54,32.36,26.99,34,11.49,Poor,0.0,0,15.09,Major Delay
Urban,Local Bus,22,3,Cloudy,26.48,90.88,58.73,11.91,25,14.02,Average,0.0,0,18.54,Major Delay
Rural,Express Bus,21,4,Rain,3.69,69.59,66.46,8.82,5,16.64,Good,0.0,1,16.71,Major Delay
Urban,Local Bus,14,3,Clear,1.25,74.22,69.69,18.88,27,9.74,Good,6.06,0,19.36,Major Delay
Rural,Feeder Bus,7,3,Heavy Rain,7.7,42.23,90.07,15.58,12,2.0,Good,7.16,0,16.18,Major Delay
Rural,Local Bus,18,2,Heavy Rain,10.84,60.78,34.61,20.06,30,9.72,Good,12.18,0,19.24,Major Delay
Urban,Local Bus,8,1,Cloudy,6.16,56.04,40.28,14.5,12,5.27,Average,0.0,0,12.3,Moderate Delay
Urban,Express Bus,20,6,Clear,5.35,43.98,44.75,19.73,19,18.16,Good,12.3,0,11.92,Moderate Delay
Urban,Local Bus,15,3,Rain,0.86,50.51,65.33,26.31,31,9.15,Average,2.2,0,18.23,Major Delay
Urban,Express Bus,11,6,Clear,7.84,73.53,10.0,9.45,28,15.21,Good,3.9,0,11.04,Moderate Delay
Urban,Express Bus,22,3,Cloudy,6.27,84.79,53.43,11.25,8,18.31,Good,2.92,0,11.09,Moderate Delay
Urban,Local Bus,14,4,Clear,2.29,42.22,22.35,4.38,34,7.26,Good,4.77,0,12.54,Moderate Delay
Rural,Local Bus,11,3,Rain,0.51,17.8,57.95,16.28,17,11.38,Good,6.99,0,14.38,Moderate Delay
Rural,Express Bus,8,6,Heavy Rain,2.06,85.8,99.4,14.75,20,11.2,Average,8.69,0,21.49,Major Delay
Rural,Feeder Bus,16,0,Clear,3.41,86.09,76.02,21.58,6,22.03,Average,2.28,0,6.14,Moderate Delay
Urban,Local Bus,9,3,Rain,6.66,57.21,33.48,13.83,5,17.33,Good,3.94,1,15.5,Major Delay
Urban,Local Bus,7,1,Rain,7.8,89.23,49.63,13.49,19,5.68,Average,0.0,0,23.4,Major Delay
Rural,Express Bus,7,6,Clear,3.05,55.54,40.2,15.17,15,7.95,Average,6.89,0,2.95,On Time / Minor
Urban,Local Bus,16,3,Clear,2.77,27.09,83.89,12.6,6,8.68,Poor,4.83,0,19.72,Major Delay
Urban,Express Bus,21,6,Clear,9.07,17.82,13.96,16.21,7,6.94,Good,0.0,0,2.73,On Time / Minor
Urban,Express Bus,9,1,Rain,4.86,17.6,49.22,15.36,26,9.42,Average,0.0,0,17.49,Major Delay
Urban,Local Bus,8,1,Clear,6.19,48.1,44.07,17.23,22,8.35,Good,4.3,0,10.49,Moderate Delay
Urban,Express Bus,16,4,Clear,2.31,37.28,34.54,12.63,20,11.18,Good,10.03,0,1.43,On Time / Minor
Urban,Local Bus,7,1,Clear,8.91,34.69,91.17,17.3,22,10.42,Average,11.43,0,15.96,Major Delay
Urban,Local Bus,6,2,Clear,1.66,45.54,26.68,17.7,34,16.77,Good,0.0,0,11.56,Moderate Delay
Urban,Express Bus,16,2,Clear,17.23,67.73,34.11,12.04,18,7.19,Average,8.17,0,14.34,Moderate Delay
Urban,Feeder Bus,14,1,Cloudy,0.72,35.42,89.91,13.51,34,2.65,Average,7.49,0,11.18,Moderate Delay
Urban,Express Bus,5,0,Clear,3.67,31.55,56.01,12.94,13,8.53,Good,10.42,0,11.46,Moderate Delay
Urban,Local Bus,9,4,Rain,0.62,36.94,54.49,6.64,28,7.93,Poor,5.88,0,22.37,Major Delay
Rural,Express Bus,8,5,Rain,5.79,69.18,45.49,11.09,23,18.37,Good,1.83,0,13.13,Moderate Delay
Urban,Local Bus,17,2,Rain,9.91,46.39,57.96,18.56,13,15.23,Poor,7.43,0,22.49,Major Delay
Urban,Local Bus,16,1,Clear,6.22,54.44,49.42,19.08,8,17.49,Average,0.0,0,12.88,Moderate Delay
Rural,Local Bus,18,1,Cloudy,2.17,83.72,43.31,16.03,8,15.81,Good,0.0,0,15.08,Major Delay
Urban,Local Bus,6,4,Rain,0.62,100.0,29.97,7.92,24,2.0,Good,0.0,1,19.17,Major Delay
Rural,Local Bus,20,5,Cloudy,2.14,62.73,58.81,19.87,9,6.74,Average,0.14,0,14.03,Moderate Delay
Rural,Feeder Bus,8,3,Clear,6.39,60.45,46.06,25.11,23,3.51,Average,0.0,1,21.94,Major Delay
Urban,Local Bus,22,3,Clear,0.99,20.76,48.62,17.56,25,18.84,Average,0.68,0,5.97,Moderate Delay
Urban,Feeder Bus,20,4,Cloudy,0.31,56.48,71.19,13.98,27,15.2,Good,0.73,0,10.74,Moderate Delay
Urban,Express Bus,13,6,Clear,2.7,49.43,47.89,8.82,9,12.99,Good,2.18,0,12.73,Moderate Delay
Rural,Local Bus,19,6,Heavy Rain,0.66,68.52,55.8,13.92,8,8.16,Average,4.92,0,16.5,Major Delay
Rural,Local Bus,17,1,Rain,4.64,38.99,91.47,11.03,13,8.72,Poor,0.0,0,23.4,Major Delay
Rural,Local Bus,18,3,Rain,3.06,52.62,65.67,12.81,19,6.7,Good,1.24,0,17.35,Major Delay
Rural,Local Bus,5,6,Heavy Rain,2.59,61.92,47.2,21.74,7,14.25,Average,3.04,0,14.18,Moderate Delay
Urban,Express Bus,6,4,Cloudy,18.99,91.67,36.06,19.3,19,11.52,Average,0.0,0,16.42,Major Delay
Rural,Feeder Bus,21,5,Clear,5.34,83.97,55.35,11.94,6,14.47,Average,3.13,0,16.95,Major Delay
Urban,Feeder Bus,19,6,Clear,16.93,77.12,73.75,14.53,9,13.09,Average,4.69,0,17.24,Major Delay
Rural,Local Bus,16,0,Rain,3.64,64.72,46.2,13.97,16,15.13,Good,7.29,0,15.42,Major Delay
Urban,Local Bus,10,4,Clear,2.31,38.08,57.13,11.4,22,13.58,Good,0.0,0,18.36,Major Delay
Urban,Local Bus,12,3,Heavy Rain,4.33,64.71,45.69,5.94,17,16.51,Average,2.74,0,16.03,Major Delay
Rural,Feeder Bus,12,1,Clear,0.77,30.24,49.85,18.97,26,14.7,Poor,9.7,1,20.35,Major Delay
Rural,Local Bus,12,4,Clear,2.94,43.26,32.45,21.09,10,8.43,Average,0.0,0,4.43,On Time / Minor
Urban,Local Bus,16,0,Rain,8.68,88.9,62.21,10.36,7,13.45,Good,3.47,0,19.23,Major Delay
Urban,Express Bus,18,3,Rain,2.48,60.37,59.67,10.08,32,12.55,Good,0.0,0,15.99,Major Delay
Urban,Express Bus,11,2,Rain,1.85,53.22,86.28,19.45,18,10.05,Average,1.35,0,14.99,Moderate Delay
Rural,Local Bus,20,2,Clear,1.4,56.18,58.87,10.0,23,10.91,Average,0.0,0,20.89,Major Delay
Urban,Express Bus,6,4,Clear,7.54,45.84,42.44,5.68,26,16.03,Good,5.37,0,6.13,Moderate Delay
Urban,Local Bus,19,6,Cloudy,4.75,0.0,85.74,11.34,13,13.7,Good,2.02,0,16.1,Major Delay
Urban,Local Bus,17,6,Rain,16.97,18.92,63.98,22.14,6,15.65,Average,0.0,0,16.24,Major Delay
Urban,Local Bus,14,4,Clear,14.87,62.2,60.47,10.86,30,11.2,Good,11.12,0,17.38,Major Delay
Urban,Local Bus,11,2,Cloudy,2.67,26.83,56.4,10.11,25,16.75,Good,4.39,0,16.6,Major Delay
Urban,Feeder Bus,11,6,Clear,6.04,45.53,59.7,11.17,21,14.87,Average,8.43,0,17.87,Major Delay
Rural,Local Bus,11,6,Rain,2.2,19.77,39.36,7.1,31,6.97,Good,0.0,0,15.19,Major Delay
Rural,Express Bus,22,5,Clear,1.83,31.47,54.94,6.09,18,9.21,Good,1.53,0,4.95,On Time / Minor
Rural,Local Bus,5,6,Heavy Rain,1.69,47.9,52.19,12.43,6,6.75,Good,8.5,0,20.02,Major Delay
Urban,Express Bus,16,5,Clear,1.47,69.25,63.71,5.58,27,5.6,Good,0.0,0,14.04,Moderate Delay
Urban,Feeder Bus,22,5,Cloudy,8.74,73.86,78.91,11.61,29,24.4,Poor,3.47,0,22.54,Major Delay
Rural,Local Bus,14,5,Rain,1.8,31.1,75.9,15.58,16,19.34,Average,3.17,0,18.54,Major Delay
Rural,Feeder Bus,16,4,Clear,2.27,55.05,66.8,16.26,10,16.78,Good,0.0,0,10.31,Moderate Delay
Urban,Express Bus,15,4,Clear,4.67,15.22,22.11,13.16,29,13.24,Good,3.16,0,4.23,On Time / Minor
Rural,Express Bus,14,2,Cloudy,4.27,49.3,47.88,6.81,6,8.29,Good,1.41,0,6.36,Moderate Delay
Rural,Local Bus,16,6,Cloudy,3.86,69.93,20.14,11.53,5,5.46,Poor,2.67,0,11.96,Moderate Delay
Urban,Express Bus,21,4,Rain,10.09,46.46,78.22,16.07,30,9.95,Average,0.0,0,16.1,Major Delay
Rural,Local Bus,17,4,Cloudy,1.74,78.26,54.17,17.72,12,7.4,Average,0.0,0,13.19,Moderate Delay
Urban,Feeder Bus,20,5,Clear,1.46,67.25,53.63,12.36,28,14.57,Good,0.0,0,20.87,Major Delay
Urban,Feeder Bus,14,0,Heavy Rain,6.18,53.55,42.86,9.78,20,11.76,Poor,0.87,0,23.82,Major Delay
Urban,Local Bus,18,6,Clear,5.99,42.26,81.86,14.5,32,15.28,Average,6.53,1,21.5,Major Delay
Urban,Feeder Bus,20,4,Cloudy,9.3,35.71,58.61,11.88,30,12.21,Good,0.7,1,17.97,Major Delay
Rural,Feeder Bus,8,6,Heavy Rain,2.64,14.47,54.29,7.89,19,2.55,Good,4.05,0,19.05,Major Delay
Urban,Express Bus,20,0,Rain,3.13,18.21,59.09,15.84,27,10.14,Good,4.51,0,22.1,Major Delay
Urban,Local Bus,17,1,Clear,8.41,70.88,60.62,14.11,9,12.94,Average,0.8,0,17.53,Major Delay
Rural,Local Bus,12,6,Clear,2.12,82.81,53.89,7.35,33,12.37,Good,8.36,0,14.55,Moderate Delay
Rural,Local Bus,18,4,Cloudy,3.57,23.14,81.83,10.21,32,8.23,Good,1.62,0,11.24,Moderate Delay
Rural,Local Bus,8,4,Clear,3.29,49.57,81.63,12.86,12,8.55,Average,0.69,0,15.45,Major Delay
Urban,Feeder Bus,17,2,Rain,1.88,11.79,58.46,4.86,20,7.67,Average,9.02,0,25.06,Major Delay
Rural,Local Bus,15,3,Cloudy,9.96,25.53,41.03,9.64,32,2.65,Good,4.18,0,11.26,Moderate Delay
Urban,Express Bus,20,3,Clear,1.56,53.98,63.12,17.79,14,10.85,Average,0.0,0,9.09,Moderate Delay
Urban,Express Bus,16,1,Clear,5.66,36.07,44.68,11.06,8,14.9,Good,0.0,0,11.25,Moderate Delay
Urban,Express Bus,14,3,Cloudy,0.07,3.93,85.12,9.21,34,8.62,Average,11.47,0,15.0,Moderate Delay
Urban,Local Bus,14,3,Rain,6.28,87.53,88.0,20.5,10,4.79,Average,3.91,0,13.05,Moderate Delay
Rural,Express Bus,14,2,Clear,3.27,46.87,71.0,16.1,9,15.97,Average,2.63,0,11.01,Moderate Delay
Urban,Express Bus,21,2,Clear,5.8,22.6,33.38,18.17,19,17.81,Poor,0.0,0,15.57,Major Delay
Urban,Express Bus,19,5,Clear,10.04,50.94,47.28,9.29,18,8.8,Average,2.77,0,5.98,Moderate Delay
Rural,Local Bus,6,4,Cloudy,3.0,46.14,52.59,12.29,11,6.31,Average,0.0,0,13.99,Moderate Delay
Rural,Express Bus,14,3,Rain,0.83,57.7,39.79,13.94,31,10.28,Average,1.92,0,9.56,Moderate Delay
Urban,Local Bus,10,4,Rain,4.22,40.18,50.54,15.36,5,12.4,Good,0.0,0,13.97,Moderate Delay
Rural,Express Bus,7,1,Heavy Rain,6.29,55.23,61.26,27.71,32,8.75,Poor,2.05,0,20.92,Major Delay
Rural,Local Bus,20,3,Cloudy,4.4,69.7,67.15,14.5,24,3.15,Average,4.47,0,20.86,Major Delay
Rural,Local Bus,20,3,Rain,17.78,17.68,82.37,20.5,12,15.8,Poor,5.36,0,24.19,Major Delay
Rural,Feeder Bus,21,1,Clear,2.98,32.06,56.18,27.73,17,12.21,Average,3.17,0,5.61,Moderate Delay
Rural,Local Bus,12,1,Cloudy,4.22,67.3,50.61,24.3,7,18.74,Average,4.03,0,6.2,Moderate Delay
Rural,Feeder Bus,12,3,Cloudy,2.23,35.32,30.86,14.94,32,11.21,Good,0.0,0,4.5,On Time / Minor
Urban,Feeder Bus,19,6,Rain,1.11,46.12,63.57,20.89,26,18.36,Good,3.08,0,18.78,Major Delay
Urban,Local Bus,8,3,Rain,3.57,37.18,47.57,14.77,34,9.87,Average,4.53,0,11.62,Moderate Delay
Urban,Local Bus,5,6,Clear,2.94,38.62,52.46,13.77,6,7.98,Poor,3.1,0,12.1,Moderate Delay
Rural,Local Bus,12,5,Rain,3.67,36.66,45.32,19.05,32,8.5,Average,10.93,0,20.79,Major Delay
Urban,Feeder Bus,16,5,Rain,0.78,19.05,45.89,19.3,29,20.12,Average,2.18,0,17.39,Major Delay
Rural,Express Bus,13,6,Heavy Rain,1.08,58.56,71.0,17.04,20,10.06,Good,0.0,0,10.23,Moderate Delay
Urban,Local Bus,8,2,Clear,0.87,72.43,55.51,12.99,23,18.91,Good,3.5,0,17.1,Major Delay
Urban,Local Bus,14,5,Heavy Rain,15.82,43.94,87.89,11.1,14,8.69,Good,0.63,0,17.02,Major Delay
Urban,Local Bus,21,1,Rain,1.76,69.84,34.29,6.76,20,4.08,Poor,0.0,0,16.44,Major Delay
Urban,Express Bus,9,2,Cloudy,3.23,36.71,81.66,14.97,33,14.49,Average,1.98,0,13.8,Moderate Delay
Urban,Local Bus,12,3,Clear,11.11,35.35,46.79,15.42,29,7.79,Average,10.88,0,14.21,Moderate Delay
Urban,Local Bus,10,0,Rain,0.37,57.45,55.55,18.98,16,12.52,Poor,1.66,0,20.43,Major Delay
Rural,Feeder Bus,10,5,Rain,1.7,57.83,66.54,5.24,21,12.01,Good,8.92,0,15.62,Major Delay
Urban,Local Bus,16,6,Cloudy,4.63,45.41,77.18,14.62,16,11.93,Poor,7.09,0,16.07,Major Delay
Urban,Local Bus,11,0,Heavy Rain,4.62,63.56,77.97,12.79,15,19.24,Average,15.33,0,28.89,Major Delay
Urban,Express Bus,16,6,Clear,7.71,18.4,77.58,13.65,24,12.26,Good,5.77,0,11.09,Moderate Delay
Urban,Feeder Bus,5,0,Cloudy,5.74,41.01,52.5,21.47,17,11.6,Average,3.88,0,8.9,Moderate Delay
Urban,Local Bus,16,0,Clear,1.68,70.19,92.91,21.69,24,9.23,Good,3.95,0,15.49,Major Delay
Rural,Feeder Bus,6,5,Clear,15.67,70.13,68.96,20.09,34,13.69,Average,4.89,0,10.78,Moderate Delay
Rural,Local Bus,11,4,Clear,1.83,67.23,10.0,14.56,8,13.23,Good,2.2,0,9.45,Moderate Delay
Urban,Feeder Bus,20,6,Clear,1.91,71.48,57.85,12.86,17,8.99,Good,0.96,0,15.54,Major Delay
Urban,Local Bus,11,2,Clear,5.5,39.43,49.57,21.22,10,15.71,Average,5.81,1,18.39,Major Delay
Urban,Express Bus,17,4,Clear,6.33,8.78,50.93,24.26,6,9.98,Good,0.34,0,8.83,Moderate Delay
Urban,Local Bus,11,1,Clear,2.14,42.05,69.93,23.59,5,13.9,Good,0.0,0,6.57,Moderate Delay
Rural,Feeder Bus,21,4,Rain,9.53,62.63,63.34,16.94,16,4.37,Average,0.0,1,15.15,Major Delay
Urban,Feeder Bus,22,6,Clear,1.82,66.39,43.67,14.24,7,15.57,Good,11.73,0,16.71,Major Delay
Rural,Local Bus,21,4,Clear,3.4,35.9,87.26,18.15,26,7.41,Average,1.9,0,12.65,Moderate Delay
Urban,Local Bus,12,6,Clear,1.93,25.74,31.5,18.53,15,14.38,Average,7.34,0,12.03,Moderate Delay
Urban,Express Bus,10,2,Clear,6.14,28.02,30.15,11.6,11,17.4,Good,0.01,0,11.43,Moderate Delay
Urban,Local Bus,15,6,Clear,0.68,35.5,35.48,12.85,33,13.05,Poor,7.95,0,22.83,Major Delay
Urban,Express Bus,19,3,Heavy Rain,2.73,4.37,66.09,32.28,23,16.76,Good,5.51,0,17.27,Major Delay
Rural,Express Bus,14,1,Cloudy,1.67,35.88,64.55,11.6,28,5.61,Good,13.46,0,10.76,Moderate Delay
Urban,Local Bus,18,2,Clear,10.46,49.1,40.95,19.11,28,10.59,Good,10.08,0,22.78,Major Delay
Rural,Local Bus,20,3,Cloudy,1.03,45.75,45.3,10.91,11,7.76,Average,7.18,0,21.48,Major Delay
Rural,Feeder Bus,18,0,Clear,2.16,40.4,57.12,13.25,23,7.7,Good,0.56,0,11.68,Moderate Delay
Urban,Local Bus,11,6,Rain,2.12,32.15,35.83,8.47,8,3.11,Good,0.0,1,14.28,Moderate Delay
Urban,Express Bus,9,1,Heavy Rain,0.45,34.83,73.17,8.48,20,11.4,Average,2.8,1,26.38,Major Delay
Urban,Local Bus,12,4,Clear,3.34,35.23,88.53,17.7,34,15.7,Average,3.6,0,18.17,Major Delay
Urban,Local Bus,15,6,Clear,4.43,64.23,53.65,16.99,11,17.33,Good,1.46,0,12.43,Moderate Delay
Rural,Local Bus,20,3,Cloudy,11.45,47.98,64.13,25.04,26,5.72,Good,7.03,0,17.66,Major Delay
Urban,Local Bus,10,4,Clear,7.11,100.0,59.37,14.16,6,8.6,Good,3.89,0,13.39,Moderate Delay
Rural,Express Bus,7,3,Clear,4.44,40.36,84.55,14.93,20,7.3,Good,3.49,0,15.52,Major Delay
Urban,Local Bus,10,5,Cloudy,4.05,58.07,96.02,13.74,8,6.95,Average,11.12,0,21.26,Major Delay
Urban,Express Bus,15,0,Cloudy,11.16,40.87,50.05,8.16,34,9.52,Good,4.02,0,13.85,Moderate Delay
Rural,Express Bus,9,2,Clear,5.17,40.31,57.85,17.54,18,11.1,Good,0.0,0,9.26,Moderate Delay
Urban,Local Bus,12,4,Rain,0.81,83.93,74.37,12.98,33,9.55,Good,8.62,0,18.18,Major Delay
Rural,Local Bus,9,0,Clear,8.5,70.94,64.1,5.39,32,4.04,Average,4.55,0,11.87,Moderate Delay
Urban,Express Bus,22,6,Clear,1.36,7.64,38.97,20.64,8,15.85,Average,2.14,0,1.3,On Time / Minor
Rural,Express Bus,14,4,Rain,0.62,24.48,21.03,10.55,20,11.89,Good,0.0,0,3.05,On Time / Minor
Rural,Express Bus,17,0,Cloudy,0.21,44.87,45.26,15.98,24,12.97,Average,9.81,1,20.78,Major Delay
Rural,Local Bus,14,0,Cloudy,6.62,36.11,63.76,16.2,17,13.26,Average,11.95,1,15.48,Major Delay
Urban,Feeder Bus,5,1,Cloudy,3.31,13.31,49.33,15.26,25,14.08,Good,0.14,0,6.01,Moderate Delay
Rural,Local Bus,9,4,Cloudy,3.36,50.66,36.11,7.97,18,11.77,Good,4.99,0,13.43,Moderate Delay
Urban,Express Bus,20,3,Rain,8.89,4.8,45.6,22.38,30,6.83,Good,5.7,0,10.19,Moderate Delay
Rural,Local Bus,14,3,Cloudy,6.07,50.92,93.82,9.63,23,18.58,Average,0.0,0,14.68,Moderate Delay
Urban,Express Bus,17,3,Clear,7.0,64.79,34.64,3.0,19,14.19,Good,3.28,0,14.68,Moderate Delay
Urban,Local Bus,18,3,Rain,0.08,68.07,50.91,19.09,30,6.51,Good,0.0,0,16.38,Major Delay
Urban,Express Bus,15,2,Clear,3.29,44.68,46.89,18.89,25,6.58,Average,3.41,0,9.8,Moderate Delay
Urban,Local Bus,15,0,Rain,12.99,82.75,96.33,6.83,13,20.95,Average,14.82,0,24.03,Major Delay
Urban,Express Bus,9,0,Clear,0.29,55.63,27.76,13.97,15,10.19,Average,0.0,0,6.15,Moderate Delay
Rural,Local Bus,9,4,Clear,1.79,67.45,41.5,20.48,7,7.61,Good,12.88,0,14.73,Moderate Delay
Urban,Express Bus,7,5,Rain,0.57,31.07,58.51,22.47,17,8.35,Good,12.38,0,20.1,Major Delay
Rural,Local Bus,10,1,Cloudy,9.0,83.0,60.59,17.67,21,13.26,Average,3.47,0,16.34,Major Delay
Urban,Local Bus,16,1,Clear,0.29,47.93,79.67,18.96,21,8.62,Average,6.08,0,15.59,Major Delay
Rural,Express Bus,21,2,Clear,3.03,84.27,77.6,18.3,28,11.67,Poor,2.08,0,13.11,Moderate Delay
Rural,Local Bus,12,4,Rain,2.68,79.24,43.16,13.18,11,22.55,Average,1.26,0,14.02,Moderate Delay
Urban,Local Bus,15,4,Heavy Rain,0.15,53.93,63.51,7.47,16,3.14,Average,4.52,0,24.63,Major Delay
Rural,Feeder Bus,20,3,Clear,6.37,57.33,53.77,12.43,28,8.97,Good,0.0,0,13.48,Moderate Delay
Rural,Feeder Bus,17,0,Clear,5.33,43.86,48.08,20.75,26,11.31,Poor,5.87,0,19.1,Major Delay
Rural,Feeder Bus,9,3,Clear,1.66,29.16,77.56,20.69,19,2.18,Average,3.71,1,16.28,Major Delay
Urban,Local Bus,10,5,Clear,12.97,61.69,62.33,15.22,28,13.59,Good,0.0,0,15.52,Major Delay
Urban,Local Bus,16,4,Clear,0.23,60.51,89.13,12.0,30,15.48,Average,7.05,0,22.56,Major Delay
Rural,Express Bus,10,5,Rain,0.06,10.77,66.76,24.41,17,4.06,Average,7.18,0,7.18,Moderate Delay
Urban,Local Bus,9,4,Cloudy,4.03,46.1,75.78,14.74,28,10.59,Good,9.12,0,14.94,Moderate Delay
Rural,Express Bus,15,6,Clear,1.01,67.96,10.0,17.82,11,11.92,Average,1.1,0,6.46,Moderate Delay
Urban,Local Bus,16,4,Clear,3.17,81.71,59.05,6.76,21,13.87,Average,8.64,1,20.37,Major Delay
Rural,Feeder Bus,9,3,Clear,10.16,64.68,65.92,13.66,12,24.34,Good,14.33,0,15.67,Major Delay
Urban,Express Bus,5,3,Cloudy,0.51,13.1,67.77,20.52,25,7.29,Poor,3.65,0,14.05,Moderate Delay
Urban,Local Bus,18,1,Clear,9.1,23.75,88.21,5.78,15,13.69,Poor,4.09,0,24.28,Major Delay
Rural,Local Bus,12,3,Clear,0.58,40.04,69.68,13.77,30,10.36,Good,6.89,0,9.46,Moderate Delay
Rural,Local Bus,16,1,Cloudy,2.08,80.17,33.07,16.45,32,9.51,Good,0.0,0,18.02,Major Delay
Rural,Local Bus,8,3,Clear,10.87,34.04,68.11,22.57,15,11.08,Poor,0.0,0,15.26,Major Delay
Rural,Express Bus,10,1,Cloudy,6.49,72.35,74.09,19.86,6,13.05,Good,0.75,0,12.04,Moderate Delay
Urban,Local Bus,15,3,Rain,1.13,33.67,45.15,24.16,26,11.05,Poor,1.79,1,20.62,Major Delay
Urban,Local Bus,7,6,Clear,4.81,60.25,49.12,18.99,32,12.38,Good,4.06,0,16.91,Major Delay
Urban,Local Bus,10,3,Clear,1.89,26.38,73.11,19.34,32,10.6,Average,4.84,0,21.04,Major Delay
Urban,Express Bus,17,5,Rain,2.22,43.54,57.45,8.27,11,6.32,Average,0.0,0,10.56,Moderate Delay
Urban,Local Bus,18,3,Clear,2.71,21.97,79.28,8.1,5,15.13,Good,9.26,0,12.25,Moderate Delay
Rural,Local Bus,11,6,Clear,5.64,81.19,61.13,24.08,7,16.13,Average,5.17,0,16.09,Major Delay
Urban,Feeder Bus,7,1,Rain,3.76,32.02,13.78,11.28,19,15.91,Good,3.8,1,14.09,Moderate Delay
Urban,Local Bus,5,5,Cloudy,2.79,12.42,58.61,10.75,13,14.37,Good,5.95,0,5.42,Moderate Delay
Urban,Local Bus,15,5,Heavy Rain,2.89,10.59,49.5,3.0,9,7.12,Good,0.42,0,18.51,Major Delay
Urban,Feeder Bus,17,6,Clear,5.82,46.04,69.78,20.36,10,6.23,Good,2.31,0,9.42,Moderate Delay
Urban,Local Bus,15,0,Clear,7.47,37.46,65.94,7.29,16,15.58,Good,0.0,0,15.55,Major Delay
Urban,Feeder Bus,12,6,Clear,9.73,62.92,38.63,9.08,6,4.98,Good,0.0,0,7.99,Moderate Delay
Urban,Express Bus,5,6,Clear,3.32,42.59,61.45,20.57,29,7.57,Good,2.32,0,14.14,Moderate Delay
Urban,Express Bus,9,2,Cloudy,6.55,74.82,68.21,3.0,33,21.73,Good,12.12,0,20.01,Major Delay
Rural,Local Bus,5,4,Clear,5.57,39.14,66.37,22.15,10,13.54,Good,0.66,0,7.51,Moderate Delay
Urban,Local Bus,13,4,Clear,2.8,71.61,77.03,9.02,22,11.8,Average,0.0,0,11.66,Moderate Delay
Rural,Local Bus,10,0,Clear,0.22,26.09,37.04,13.12,6,2.0,Good,6.32,0,9.2,Moderate Delay
Urban,Local Bus,6,3,Clear,13.41,13.42,54.37,9.34,7,7.64,Average,1.11,0,11.48,Moderate Delay
Urban,Local Bus,15,4,Clear,3.18,29.06,12.93,6.02,13,15.18,Good,5.69,0,8.22,Moderate Delay
Urban,Express Bus,11,1,Cloudy,3.02,22.04,81.09,9.45,30,3.58,Good,6.8,0,7.5,Moderate Delay
Rural,Express Bus,22,2,Clear,10.12,19.47,59.93,9.04,28,13.01,Good,0.97,1,10.84,Moderate Delay
Urban,Local Bus,12,4,Rain,2.71,57.51,55.76,6.61,26,4.09,Good,5.57,0,22.38,Major Delay
Urban,Express Bus,6,6,Clear,3.01,41.92,55.44,23.25,8,7.88,Average,3.32,1,12.68,Moderate Delay
Urban,Feeder Bus,17,0,Clear,2.1,51.26,67.6,8.18,11,3.13,Average,0.0,0,11.36,Moderate Delay
Rural,Express Bus,17,6,Heavy Rain,1.97,60.13,78.81,3.0,22,11.48,Good,0.88,0,20.3,Major Delay
Urban,Express Bus,21,5,Heavy Rain,2.61,9.23,52.18,3.0,16,2.5,Good,0.0,1,18.73,Major Delay
Urban,Express Bus,17,5,Clear,14.09,61.11,66.19,16.61,27,10.58,Average,0.0,0,11.61,Moderate Delay
Rural,Local Bus,11,0,Clear,0.19,20.28,65.96,3.6,21,14.19,Good,0.0,0,10.01,Moderate Delay
Urban,Local Bus,17,3,Rain,3.32,34.73,14.03,12.93,22,12.0,Average,6.86,0,17.05,Major Delay
Urban,Feeder Bus,19,2,Cloudy,2.92,4.48,43.84,25.82,22,13.32,Average,3.57,1,13.73,Moderate Delay
Urban,Express Bus,14,6,Clear,16.06,63.06,66.71,15.09,33,12.13,Good,0.0,0,8.27,Moderate Delay
Urban,Express Bus,19,5,Clear,7.37,9.15,82.68,15.94,21,10.55,Good,0.0,1,15.64,Major Delay
Rural,Feeder Bus,22,4,Clear,1.92,20.4,85.18,10.82,27,10.66,Good,3.58,0,4.18,On Time / Minor
Urban,Local Bus,18,0,Rain,11.38,22.07,33.51,13.92,19,12.47,Average,3.49,0,14.95,Moderate Delay
Urban,Local Bus,14,6,Cloudy,1.72,45.04,77.99,12.71,7,5.54,Poor,1.9,0,13.39,Moderate Delay
Urban,Express Bus,13,3,Clear,7.95,44.34,78.66,15.85,21,9.02,Good,7.27,0,9.98,Moderate Delay
Urban,Local Bus,20,1,Clear,12.94,66.67,66.25,23.94,30,21.17,Poor,5.35,1,29.54,Major Delay
Rural,Express Bus,20,6,Clear,3.77,45.59,17.6,11.44,27,13.42,Good,0.64,0,8.5,Moderate Delay
Urban,Feeder Bus,9,6,Rain,0.82,70.21,47.26,9.27,21,17.25,Good,0.12,0,20.81,Major Delay
Rural,Express Bus,5,3,Rain,0.15,56.72,60.17,13.55,33,12.7,Average,2.49,0,15.79,Major Delay
Urban,Local Bus,19,4,Cloudy,3.92,26.25,53.28,19.76,34,7.34,Poor,0.0,1,21.96,Major Delay
Urban,Express Bus,9,4,Rain,7.65,32.65,14.63,11.97,33,9.48,Average,4.96,0,14.74,Moderate Delay
Urban,Local Bus,22,2,Clear,27.85,82.74,52.77,15.6,34,2.29,Average,0.0,0,19.31,Major Delay
Rural,Feeder Bus,5,5,Cloudy,10.34,76.23,39.39,17.07,14,17.87,Average,9.55,0,12.52,Moderate Delay
Urban,Local Bus,21,6,Clear,3.49,66.95,69.82,26.92,9,15.48,Poor,0.0,0,14.31,Moderate Delay
Urban,Feeder Bus,17,6,Clear,0.76,69.98,67.6,19.54,18,6.82,Average,5.35,1,16.56,Major Delay
Rural,Local Bus,10,4,Clear,2.88,58.7,68.46,8.76,12,14.82,Average,0.0,0,11.38,Moderate Delay
Urban,Local Bus,5,2,Rain,13.94,55.71,50.61,3.0,9,14.37,Average,0.27,0,16.91,Major Delay
Urban,Local Bus,20,6,Clear,18.56,49.14,58.41,14.9,24,11.39,Average,5.48,0,20.82,Major Delay
Urban,Local Bus,7,6,Clear,1.7,87.07,56.32,9.77,8,13.38,Poor,8.09,0,19.23,Major Delay
Rural,Local Bus,6,0,Rain,2.59,37.31,76.27,11.09,6,13.85,Average,7.84,0,13.72,Moderate Delay
Urban,Feeder Bus,19,2,Rain,12.05,53.53,47.33,8.02,10,12.92,Good,6.94,0,23.9,Major Delay
Urban,Feeder Bus,17,3,Clear,11.43,8.71,42.86,10.97,17,11.76,Poor,7.49,0,15.02,Major Delay
Urban,Local Bus,7,4,Clear,1.8,15.09,77.23,10.85,24,11.43,Average,7.91,0,19.52,Major Delay
Urban,Express Bus,11,4,Rain,6.77,89.75,74.42,13.31,34,8.16,Average,0.67,0,18.18,Major Delay
Urban,Feeder Bus,16,3,Clear,1.94,62.19,67.32,9.96,23,15.54,Average,1.56,0,18.49,Major Delay
Urban,Feeder Bus,16,0,Clear,9.47,43.11,89.59,9.7,20,20.91,Good,6.85,0,14.91,Moderate Delay
Urban,Local Bus,11,1,Clear,3.45,49.8,99.77,17.18,13,5.4,Good,8.94,0,14.42,Moderate Delay
Urban,Local Bus,12,5,Clear,2.31,16.76,82.61,13.98,14,11.17,Good,2.65,0,11.44,Moderate Delay
Rural,Feeder Bus,6,4,Cloudy,7.35,38.15,43.05,14.03,23,7.73,Poor,0.72,0,12.9,Moderate Delay
Urban,Local Bus,5,4,Rain,3.72,14.46,74.62,13.7,10,13.75,Average,0.55,0,15.33,Major Delay
Urban,Local Bus,22,3,Clear,7.18,41.21,60.2,8.63,7,13.13,Average,0.0,1,12.5,Moderate Delay
Rural,Express Bus,9,1,Heavy Rain,0.91,63.65,46.75,22.62,27,11.67,Good,5.72,0,20.59,Major Delay
Rural,Local Bus,21,2,Cloudy,1.21,58.43,43.18,26.19,34,8.04,Poor,9.04,0,27.09,Major Delay
Urban,Feeder Bus,5,4,Cloudy,3.12,84.55,63.39,21.43,32,8.64,Good,5.8,0,11.94,Moderate Delay
Urban,Local Bus,22,3,Clear,1.4,54.78,74.34,3.41,25,7.2,Good,3.28,0,15.59,Major Delay
Urban,Express Bus,12,0,Clear,2.1,0.0,85.59,10.03,32,2.39,Poor,12.96,0,16.16,Major Delay
Urban,Feeder Bus,19,2,Cloudy,3.22,92.87,71.48,18.25,27,17.15,Average,3.41,0,15.14,Major Delay
Urban,Feeder Bus,20,5,Rain,1.63,28.66,69.48,9.5,6,14.34,Poor,10.35,0,23.49,Major Delay
Urban,Feeder Bus,11,4,Clear,13.53,51.73,53.88,9.79,16,17.45,Average,0.0,0,11.85,Moderate Delay
Urban,Feeder Bus,18,6,Clear,1.28,50.34,62.33,5.77,7,9.26,Good,4.54,0,10.63,Moderate Delay
Urban,Local Bus,11,3,Clear,3.02,53.54,28.1,11.83,12,13.45,Good,0.0,1,17.69,Major Delay
Urban,Feeder Bus,19,3,Clear,3.1,49.11,69.31,9.07,34,6.76,Poor,0.0,0,17.5,Major Delay
Urban,Feeder Bus,22,6,Clear,3.9,49.51,66.63,3.0,29,8.15,Average,0.0,0,18.4,Major Delay
Urban,Local Bus,19,3,Clear,2.31,17.6,96.28,20.91,33,21.25,Average,3.81,0,20.03,Major Delay
Rural,Local Bus,18,0,Clear,7.95,100.0,57.21,16.5,19,9.13,Good,1.18,0,15.54,Major Delay
Rural,Local Bus,11,2,Rain,8.41,62.98,81.83,5.99,11,15.74,Good,0.0,0,18.21,Major Delay
Urban,Express Bus,6,4,Rain,1.7,49.19,48.51,19.21,16,12.26,Average,1.32,1,18.46,Major Delay
Urban,Express Bus,14,2,Clear,9.02,90.36,91.94,14.76,10,4.03,Poor,0.37,0,15.1,Major Delay
Urban,Local Bus,7,2,Clear,1.6,23.35,86.99,20.96,33,10.33,Good,0.0,0,13.43,Moderate Delay
Urban,Local Bus,14,6,Clear,3.04,67.97,80.64,18.41,22,12.89,Good,5.76,1,20.75,Major Delay
Rural,Express Bus,20,3,Clear,3.43,35.23,59.2,9.35,6,14.55,Good,6.83,0,20.17,Major Delay
Urban,Local Bus,7,2,Rain,1.49,57.25,53.56,18.01,14,2.06,Good,6.58,0,11.13,Moderate Delay
Urban,Feeder Bus,21,0,Clear,0.41,57.76,50.58,18.27,19,6.17,Average,12.02,0,10.44,Moderate Delay
Urban,Local Bus,15,2,Rain,3.88,0.0,38.55,20.33,26,12.55,Average,0.0,0,10.46,Moderate Delay
Urban,Local Bus,5,5,Clear,0.79,15.07,67.35,19.98,31,6.3,Good,0.0,0,10.02,Moderate Delay
Urban,Local Bus,17,2,Heavy Rain,12.62,84.49,53.03,26.47,11,17.09,Average,3.33,0,20.38,Major Delay
Urban,Feeder Bus,5,3,Rain,1.97,42.2,65.65,19.72,26,10.69,Average,2.9,0,18.52,Major Delay
Rural,Feeder Bus,15,4,Rain,6.99,94.04,61.4,9.29,29,13.43,Good,4.17,1,15.15,Major Delay
Urban,Local Bus,14,6,Heavy Rain,6.57,78.13,36.52,15.06,28,17.48,Poor,7.68,1,27.51,Major Delay
Urban,Local Bus,18,5,Clear,1.47,42.93,79.23,7.71,13,4.93,Average,2.22,0,13.86,Moderate Delay
Urban,Local Bus,11,2,Clear,2.04,40.9,59.92,21.26,15,13.31,Good,8.66,0,16.33,Major Delay
Urban,Local Bus,7,1,Clear,2.01,85.91,75.24,8.86,9,11.67,Poor,0.0,0,19.29,Major Delay
Urban,Express Bus,11,4,Rain,4.44,96.37,34.69,27.39,22,11.83,Good,0.97,0,8.67,Moderate Delay
Urban,Local Bus,18,1,Rain,24.74,41.41,42.72,12.25,15,9.88,Poor,0.0,0,21.54,Major Delay
Rural,Local Bus,22,2,Clear,4.24,83.38,50.15,13.74,17,11.8,Average,0.0,1,12.82,Moderate Delay
Urban,Local Bus,8,0,Rain,1.86,71.69,62.86,11.21,5,2.0,Poor,0.0,0,15.77,Major Delay
Urban,Local Bus,11,5,Clear,4.61,75.66,55.93,9.7,33,17.22,Good,7.97,0,20.91,Major Delay
Urban,Local Bus,20,1,Clear,0.79,50.33,85.29,10.82,24,4.32,Good,9.01,0,15.52,Major Delay
Urban,Local Bus,10,2,Cloudy,1.29,32.53,78.69,15.39,12,19.87,Poor,0.0,0,19.96,Major Delay
Urban,Local Bus,9,2,Clear,12.79,23.75,43.38,14.11,7,6.25,Average,8.16,1,15.01,Major Delay
Rural,Local Bus,19,0,Clear,2.57,18.0,100.0,11.44,16,6.04,Poor,0.0,1,20.01,Major Delay
Urban,Local Bus,13,5,Rain,1.22,91.95,56.3,15.84,9,13.03,Good,0.0,0,20.63,Major Delay
Urban,Feeder Bus,15,4,Cloudy,0.61,48.25,83.82,10.74,10,12.36,Average,1.16,0,14.24,Moderate Delay
Rural,Local Bus,13,3,Cloudy,3.18,21.67,52.31,13.97,28,13.25,Good,8.77,0,11.69,Moderate Delay
Urban,Local Bus,15,1,Clear,0.68,71.06,70.49,24.59,6,12.81,Good,12.53,0,9.7,Moderate Delay
Urban,Local Bus,9,0,Clear,9.62,36.99,77.0,10.56,20,10.3,Average,1.18,0,19.52,Major Delay
Urban,Express Bus,18,0,Cloudy,6.55,33.03,27.91,12.18,28,9.16,Average,3.16,0,14.58,Moderate Delay
Urban,Feeder Bus,11,4,Rain,1.75,95.56,92.94,7.07,22,13.91,Average,8.7,0,23.02,Major Delay
Urban,Express Bus,14,5,Clear,15.24,17.39,42.37,11.97,8,7.54,Good,14.74,1,12.18,Moderate Delay
Rural,Express Bus,8,5,Rain,2.02,53.41,51.02,16.25,13,11.6,Average,9.44,0,19.87,Major Delay
Rural,Feeder Bus,5,5,Rain,2.57,34.41,45.9,10.83,10,2.53,Poor,0.0,0,12.77,Moderate Delay
Rural,Local Bus,15,2,Rain,1.33,30.74,46.66,7.19,34,12.27,Good,7.88,0,18.17,Major Delay
Rural,Feeder Bus,7,0,Cloudy,6.04,14.33,47.6,16.17,25,11.49,Average,0.27,0,18.79,Major Delay
Rural,Express Bus,21,1,Clear,0.79,49.37,34.12,16.8,34,10.8,Poor,10.5,0,15.15,Major Delay
Rural,Local Bus,22,5,Rain,1.85,27.9,73.22,17.68,9,19.53,Good,6.66,0,13.34,Moderate Delay
Rural,Local Bus,10,5,Clear,1.53,61.6,60.3,6.57,15,18.47,Average,0.0,0,13.51,Moderate Delay
Rural,Local Bus,10,3,Clear,4.21,46.92,55.23,22.22,15,15.57,Poor,9.03,0,16.04,Major Delay
Rural,Local Bus,14,0,Clear,0.5,40.81,78.32,11.07,28,15.46,Average,6.14,0,15.74,Major Delay
Rural,Feeder Bus,8,5,Clear,2.84,28.02,93.33,7.95,7,11.53,Good,5.49,0,18.56,Major Delay
Urban,Local Bus,20,5,Cloudy,9.6,80.91,26.8,20.15,29,12.54,Average,3.65,0,19.19,Major Delay
Urban,Express Bus,6,1,Rain,0.65,64.92,90.47,22.01,19,13.16,Average,0.88,0,16.57,Major Delay
Urban,Feeder Bus,13,5,Clear,6.37,32.33,57.54,12.11,32,14.01,Average,6.59,0,15.45,Major Delay
Rural,Local Bus,8,4,Clear,7.63,16.74,30.98,9.0,14,11.36,Good,14.51,0,7.9,Moderate Delay
Urban,Local Bus,19,6,Heavy Rain,2.69,4.58,66.25,16.65,30,13.71,Good,13.04,0,22.76,Major Delay
Rural,Express Bus,7,4,Clear,0.07,74.16,55.66,6.01,31,11.32,Average,2.58,0,11.62,Moderate Delay
Rural,Feeder Bus,13,0,Clear,6.13,68.91,75.21,29.31,18,13.11,Average,0.0,0,17.68,Major Delay
Rural,Local Bus,20,4,Rain,9.32,72.07,60.91,7.81,31,15.59,Poor,0.76,0,20.29,Major Delay
Urban,Local Bus,12,0,Heavy Rain,14.25,45.23,65.14,16.14,15,7.72,Good,4.23,0,15.16,Major Delay
Rural,Express Bus,8,1,Cloudy,3.57,66.54,49.3,13.04,24,11.66,Average,4.93,0,8.32,Moderate Delay
Rural,Feeder Bus,7,6,Clear,0.23,71.63,37.43,8.48,33,11.38,Good,7.99,0,12.47,Moderate Delay
Rural,Local Bus,15,6,Cloudy,6.03,46.39,72.84,8.39,10,5.91,Average,7.13,0,4.07,On Time / Minor
Rural,Local Bus,7,3,Rain,0.31,39.76,47.5,20.77,17,17.96,Poor,7.2,0,20.87,Major Delay
Urban,Feeder Bus,11,2,Rain,5.21,25.55,66.05,16.2,6,6.87,Good,0.33,0,12.48,Moderate Delay
Urban,Local Bus,16,2,Clear,7.03,57.8,87.72,9.82,20,18.16,Good,0.88,0,11.18,Moderate Delay
Urban,Local Bus,11,1,Rain,9.85,60.86,54.8,10.64,13,4.29,Poor,0.0,0,21.77,Major Delay
Rural,Express Bus,19,4,Cloudy,1.9,38.65,72.0,9.12,7,3.52,Average,4.8,1,13.79,Moderate Delay
Urban,Local Bus,17,2,Clear,0.97,41.36,57.39,19.29,32,9.32,Average,7.83,0,16.77,Major Delay
Rural,Local Bus,7,0,Clear,3.63,43.0,50.71,19.53,13,12.99,Good,8.85,0,16.37,Major Delay
Rural,Express Bus,19,4,Clear,0.5,66.2,26.75,17.16,26,12.96,Poor,0.0,0,18.08,Major Delay
Urban,Express Bus,21,4,Heavy Rain,2.15,16.39,57.21,15.52,9,17.46,Average,5.85,1,16.02,Major Delay
Urban,Local Bus,8,4,Clear,1.49,22.58,54.72,17.76,12,7.15,Good,0.0,0,6.03,Moderate Delay
Urban,Local Bus,11,6,Rain,8.28,23.03,40.58,4.11,7,15.63,Average,6.45,0,14.61,Moderate Delay
Rural,Express Bus,12,4,Clear,11.88,44.58,17.3,15.65,26,2.71,Good,0.0,1,14.74,Moderate Delay
Urban,Express Bus,12,4,Rain,5.63,55.25,24.6,20.41,16,6.17,Average,7.17,0,10.64,Moderate Delay
Urban,Feeder Bus,13,1,Clear,7.38,23.42,93.7,15.39,32,9.68,Average,0.26,0,17.67,Major Delay
Rural,Express Bus,21,3,Heavy Rain,3.65,68.91,58.76,14.32,20,5.5,Good,0.37,0,12.7,Moderate Delay
Urban,Express Bus,16,3,Cloudy,3.36,81.64,29.28,10.18,10,13.74,Good,7.52,0,10.78,Moderate Delay
Rural,Feeder Bus,21,6,Rain,0.33,57.52,45.96,10.58,28,7.74,Good,0.74,0,11.61,Moderate Delay
Urban,Feeder Bus,11,3,Cloudy,4.71,73.82,58.2,10.86,31,16.02,Good,8.29,0,17.7,Major Delay
Urban,Local Bus,14,4,Cloudy,6.94,26.95,66.98,15.34,23,15.34,Poor,7.21,0,18.82,Major Delay
Urban,Feeder Bus,6,3,Heavy Rain,2.46,27.5,53.34,11.09,25,7.62,Average,2.94,1,18.73,Major Delay
Urban,Feeder Bus,9,0,Clear,2.59,59.84,98.42,3.06,29,9.24,Good,1.23,1,17.6,Major Delay
Urban,Local Bus,15,6,Rain,0.09,47.12,99.37,18.79,8,10.55,Good,9.88,0,13.56,Moderate Delay
Rural,Local Bus,8,4,Clear,2.66,27.46,65.66,17.13,11,17.77,Good,7.65,0,14.12,Moderate Delay
Urban,Express Bus,22,1,Cloudy,8.35,80.78,50.68,16.13,28,6.29,Average,11.71,0,12.23,Moderate Delay
Urban,Local Bus,9,0,Rain,4.47,54.87,65.65,8.38,28,2.0,Good,0.0,0,18.26,Major Delay
Urban,Express Bus,7,6,Rain,3.01,64.15,31.42,11.05,10,8.88,Good,2.05,0,14.66,Moderate Delay
Urban,Local Bus,19,2,Clear,0.73,32.49,77.99,17.11,6,6.4,Poor,1.22,0,18.48,Major Delay
Rural,Local Bus,6,0,Clear,1.83,86.64,61.43,14.16,21,3.34,Average,6.06,0,17.47,Major Delay
Urban,Local Bus,10,4,Rain,1.44,44.41,33.86,9.81,13,10.82,Average,0.0,0,17.65,Major Delay
Rural,Feeder Bus,8,0,Clear,0.88,71.44,46.31,21.8,9,5.13,Good,0.0,0,6.36,Moderate Delay
Urban,Local Bus,17,1,Heavy Rain,4.45,34.59,69.47,8.92,18,12.69,Good,3.7,0,18.79,Major Delay
Urban,Express Bus,20,6,Clear,1.92,51.88,24.7,3.0,12,4.99,Poor,0.0,0,10.22,Moderate Delay
Urban,Local Bus,8,0,Clear,7.63,60.83,40.13,14.52,33,25.77,Average,0.0,0,17.52,Major Delay
Urban,Local Bus,12,5,Rain,3.05,93.89,48.68,14.78,29,16.3,Average,2.92,0,23.86,Major Delay
Rural,Local Bus,13,4,Clear,15.75,37.89,77.5,14.35,7,7.34,Average,16.77,0,13.23,Moderate Delay
Urban,Local Bus,17,2,Clear,1.88,52.66,92.29,16.41,33,7.14,Good,4.07,0,16.13,Major Delay
Urban,Express Bus,11,2,Clear,9.42,61.61,65.57,10.66,12,10.05,Average,1.62,0,16.16,Major Delay
Urban,Express Bus,14,3,Heavy Rain,11.18,15.46,10.0,20.16,9,14.68,Good,5.66,0,8.57,Moderate Delay
Urban,Local Bus,14,3,Cloudy,1.68,0.0,35.66,5.8,9,8.76,Good,6.39,0,15.18,Major Delay
Rural,Local Bus,5,6,Heavy Rain,2.79,25.1,100.0,13.87,16,5.19,Average,2.86,0,22.27,Major Delay
Rural,Express Bus,15,1,Clear,2.11,70.25,61.15,10.25,17,3.74,Good,0.12,0,6.49,Moderate Delay
Rural,Express Bus,15,4,Clear,1.58,87.48,10.0,20.04,32,10.91,Good,0.0,0,7.65,Moderate Delay
Rural,Local Bus,22,4,Clear,5.87,26.77,100.0,9.23,14,7.38,Good,8.0,0,19.17,Major Delay
Rural,Express Bus,14,0,Clear,6.52,20.02,31.28,14.43,25,12.42,Good,1.15,0,5.3,Moderate Delay
Urban,Local Bus,21,6,Clear,1.4,83.3,69.47,14.51,7,2.0,Poor,5.87,0,19.74,Major Delay
Rural,Local Bus,11,6,Clear,1.37,35.0,35.07,15.17,29,13.36,Poor,8.78,0,23.36,Major Delay
Urban,Express Bus,17,0,Clear,3.15,39.45,100.0,9.62,19,9.4,Good,1.97,1,15.61,Major Delay
Rural,Express Bus,21,1,Rain,3.04,81.56,29.66,16.19,22,2.23,Good,0.0,0,11.05,Moderate Delay
Rural,Feeder Bus,7,5,Clear,0.33,77.78,46.29,14.17,19,12.81,Average,2.37,0,22.23,Major Delay
Urban,Local Bus,15,5,Cloudy,6.0,69.48,78.98,16.06,27,13.49,Good,2.72,0,12.12,Moderate Delay
Rural,Local Bus,21,1,Clear,0.25,8.64,46.94,23.45,23,6.97,Average,5.98,0,10.71,Moderate Delay
Rural,Express Bus,15,6,Cloudy,1.2,19.06,67.73,14.7,15,14.23,Good,0.64,0,9.36,Moderate Delay
Urban,Local Bus,21,2,Rain,3.79,73.77,74.61,8.03,30,4.17,Average,0.39,0,13.92,Moderate Delay
Urban,Local Bus,12,2,Rain,5.92,55.31,61.54,25.77,8,2.0,Good,1.57,0,9.28,Moderate Delay
Rural,Express Bus,20,2,Rain,1.11,30.11,35.78,19.87,34,10.15,Average,5.36,0,13.03,Moderate Delay
Rural,Local Bus,16,4,Clear,2.7,40.08,42.26,17.92,23,6.57,Average,8.0,0,14.29,Moderate Delay
Urban,Local Bus,13,1,Clear,1.93,73.55,50.33,12.9,8,4.77,Good,15.17,0,12.73,Moderate Delay
Urban,Local Bus,8,3,Rain,0.0,83.14,69.75,18.44,19,13.85,Good,13.14,0,21.17,Major Delay
Rural,Feeder Bus,8,0,Heavy Rain,2.03,47.86,74.23,3.0,15,12.07,Average,2.83,0,24.55,Major Delay
Urban,Local Bus,10,1,Cloudy,0.82,32.2,62.1,23.28,6,19.2,Poor,0.0,0,18.43,Major Delay
Urban,Local Bus,18,5,Clear,3.07,41.66,72.04,19.38,34,13.08,Average,0.38,0,9.78,Moderate Delay
Urban,Local Bus,13,2,Rain,0.65,78.89,26.17,12.94,31,13.76,Good,0.0,0,16.83,Major Delay
Urban,Local Bus,11,5,Heavy Rain,1.86,78.44,63.95,19.23,22,6.63,Average,4.12,1,26.91,Major Delay
Urban,Local Bus,13,5,Clear,2.69,52.47,56.7,17.71,8,2.0,Good,0.0,0,9.67,Moderate Delay
Urban,Express Bus,11,6,Clear,3.34,35.82,67.9,7.94,16,20.89,Poor,0.0,0,15.99,Major Delay
Urban,Local Bus,19,0,Rain,2.4,72.9,73.05,15.07,26,13.46,Average,0.0,0,23.47,Major Delay
Rural,Local Bus,12,6,Rain,9.07,85.33,36.98,16.25,18,19.02,Good,7.94,0,18.23,Major Delay
Urban,Local Bus,13,6,Clear,4.05,14.57,55.8,13.2,21,5.09,Average,3.09,1,14.45,Moderate Delay
Urban,Local Bus,15,3,Clear,5.5,42.65,84.69,12.68,30,16.03,Average,0.0,0,16.93,Major Delay
Urban,Local Bus,16,0,Cloudy,2.77,74.59,64.08,19.41,10,12.44,Good,7.91,0,6.32,Moderate Delay
Urban,Express Bus,11,0,Rain,8.87,49.69,55.99,15.06,30,16.31,Average,9.46,1,25.16,Major Delay
Urban,Express Bus,6,3,Rain,1.42,36.76,33.64,25.27,34,13.9,Average,1.2,0,18.14,Major Delay
Urban,Express Bus,17,0,Clear,1.38,52.26,68.86,10.08,13,9.86,Average,0.0,0,17.19,Major Delay
Urban,Local Bus,15,0,Clear,7.94,56.53,30.19,16.46,32,12.4,Average,0.0,0,14.49,Moderate Delay
Urban,Feeder Bus,16,3,Rain,16.88,22.08,54.43,8.48,14,9.23,Average,4.83,0,17.56,Major Delay
Urban,Express Bus,14,3,Clear,2.71,50.09,48.18,18.06,26,15.19,Average,8.06,0,13.57,Moderate Delay
Urban,Local Bus,14,6,Clear,1.16,56.45,65.87,7.31,25,7.02,Average,4.34,0,16.78,Major Delay
Rural,Local Bus,22,6,Cloudy,2.27,36.71,46.03,15.73,33,7.49,Average,0.0,0,17.59,Major Delay
Rural,Express Bus,5,1,Clear,0.06,30.07,51.43,21.08,7,10.2,Average,8.82,0,2.67,On Time / Minor
Urban,Local Bus,6,2,Rain,4.44,35.63,39.79,14.31,22,14.08,Average,3.23,0,17.85,Major Delay
Urban,Local Bus,21,1,Clear,0.29,25.67,53.03,8.06,30,11.27,Good,2.5,0,9.61,Moderate Delay
Urban,Express Bus,20,1,Rain,1.43,67.56,62.29,19.67,7,9.36,Average,5.66,0,12.2,Moderate Delay
Urban,Local Bus,12,3,Cloudy,3.34,25.38,51.05,16.16,5,16.28,Average,8.72,0,12.93,Moderate Delay
Urban,Feeder Bus,14,6,Cloudy,3.85,52.35,51.73,13.49,6,13.94,Good,0.0,0,5.92,Moderate Delay
Urban,Local Bus,13,6,Rain,19.66,39.39,61.29,8.19,18,8.7,Good,0.0,0,11.23,Moderate Delay
Urban,Local Bus,22,6,Clear,1.07,31.76,78.02,4.34,21,5.79,Average,3.26,0,8.7,Moderate Delay
Urban,Local Bus,13,3,Rain,3.81,79.54,72.89,27.51,28,10.12,Good,3.32,0,16.07,Major Delay
Rural,Local Bus,18,4,Clear,0.72,44.99,32.12,10.56,17,7.88,Good,8.01,0,14.63,Moderate Delay
Rural,Feeder Bus,11,5,Heavy Rain,3.79,32.6,73.35,8.04,32,7.14,Good,9.84,0,23.32,Major Delay
Rural,Feeder Bus,11,1,Clear,6.36,30.4,85.36,15.89,8,14.75,Average,0.98,0,18.22,Major Delay
Urban,Feeder Bus,17,3,Cloudy,0.74,55.8,72.11,7.89,23,16.64,Poor,5.14,0,18.97,Major Delay
Urban,Local Bus,12,3,Clear,8.26,67.01,10.0,16.99,18,10.7,Poor,5.8,0,18.62,Major Delay
Urban,Local Bus,5,2,Clear,4.68,77.23,63.3,22.11,20,10.97,Poor,6.28,0,19.15,Major Delay
Rural,Local Bus,8,3,Clear,3.22,44.14,85.67,7.65,20,7.3,Poor,0.0,0,18.47,Major Delay
Urban,Local Bus,20,3,Clear,2.94,42.76,49.03,12.21,25,5.68,Good,6.11,0,15.97,Major Delay
Urban,Feeder Bus,11,0,Clear,5.22,51.01,100.0,16.59,26,14.98,Good,0.0,0,16.69,Major Delay
Urban,Local Bus,6,5,Clear,0.47,51.84,14.39,6.69,30,4.65,Good,6.36,0,14.05,Moderate Delay
Rural,Local Bus,21,6,Rain,2.04,30.24,60.92,8.53,16,7.9,Good,0.0,0,11.55,Moderate Delay
Urban,Local Bus,22,5,Clear,3.34,81.64,72.47,13.3,5,7.74,Average,3.79,1,19.32,Major Delay
Urban,Express Bus,13,6,Clear,9.71,48.51,61.44,25.76,9,13.12,Poor,1.95,1,13.11,Moderate Delay
Urban,Local Bus,16,3,Heavy Rain,4.86,60.3,61.08,8.88,23,10.01,Average,14.15,0,26.97,Major Delay
Urban,Express Bus,18,0,Cloudy,0.57,57.76,37.2,12.3,9,8.15,Poor,0.0,0,14.33,Moderate Delay
Urban,Express Bus,6,1,Clear,5.05,57.29,46.49,28.88,28,17.8,Average,0.0,0,4.9,On Time / Minor
Urban,Feeder Bus,10,5,Clear,4.38,24.91,69.47,18.77,5,19.15,Good,10.82,0,13.09,Moderate Delay
Urban,Local Bus,15,0,Clear,1.84,47.85,15.73,3.83,32,12.95,Good,7.74,0,16.93,Major Delay
Rural,Local Bus,14,3,Cloudy,10.86,100.0,76.11,12.6,34,11.72,Poor,4.69,0,21.19,Major Delay
Urban,Local Bus,10,0,Rain,12.41,84.5,55.72,17.51,16,8.48,Average,0.9,0,20.52,Major Delay
Rural,Feeder Bus,5,2,Cloudy,4.36,51.61,69.05,22.68,30,10.91,Good,0.0,0,10.01,Moderate Delay
Urban,Feeder Bus,22,0,Heavy Rain,1.01,39.56,74.93,22.36,32,4.98,Good,1.13,0,17.75,Major Delay
Rural,Express Bus,16,0,Rain,8.16,0.0,100.0,17.36,29,15.94,Average,0.6,0,17.54,Major Delay
Urban,Local Bus,18,1,Heavy Rain,0.5,36.56,85.97,18.3,23,10.34,Average,0.0,0,21.36,Major Delay
Urban,Local Bus,12,3,Cloudy,1.11,46.2,33.97,6.21,11,7.56,Average,0.72,1,10.63,Moderate Delay
Urban,Express Bus,14,4,Cloudy,7.23,40.7,100.0,9.84,15,9.34,Poor,0.48,0,7.86,Moderate Delay
Rural,Local Bus,13,2,Rain,0.91,42.3,10.0,6.22,15,14.53,Good,8.1,0,10.81,Moderate Delay
Urban,Express Bus,12,5,Rain,10.04,62.32,49.13,20.18,34,9.72,Poor,0.0,0,14.19,Moderate Delay
Rural,Feeder Bus,17,2,Clear,0.99,24.99,61.47,16.26,24,7.06,Average,5.26,0,8.19,Moderate Delay
Rural,Local Bus,22,5,Clear,2.24,54.27,51.52,14.64,6,2.0,Average,4.63,0,7.53,Moderate Delay
Urban,Local Bus,18,3,Clear,1.99,45.46,63.64,23.26,9,10.61,Poor,2.96,0,13.36,Moderate Delay
Urban,Local Bus,17,5,Clear,5.82,27.71,54.62,17.23,31,12.88,Average,6.63,0,13.18,Moderate Delay
Urban,Local Bus,5,6,Rain,5.72,86.5,83.7,20.83,19,8.55,Good,5.44,0,23.35,Major Delay
Urban,Express Bus,14,6,Rain,1.92,65.2,48.36,18.54,20,7.03,Poor,3.8,1,13.73,Moderate Delay
Urban,Local Bus,22,4,Clear,5.1,29.91,55.69,19.12,32,5.37,Average,8.81,1,19.58,Major Delay
Urban,Local Bus,12,6,Clear,3.78,59.9,93.43,7.74,22,9.12,Good,0.0,0,16.45,Major Delay
Urban,Local Bus,14,4,Clear,6.22,16.04,77.36,19.85,17,5.43,Average,14.26,0,17.28,Major Delay
Urban,Local Bus,10,1,Rain,5.44,32.74,54.6,16.84,29,5.4,Average,9.17,0,19.7,Major Delay
Rural,Express Bus,8,6,Rain,0.97,78.53,67.45,11.55,15,8.6,Average,11.93,0,22.97,Major Delay
Urban,Express Bus,17,1,Clear,10.09,56.08,95.45,18.11,32,20.42,Good,0.0,0,15.42,Major Delay
Rural,Local Bus,10,3,Clear,0.17,54.24,30.31,21.72,7,22.68,Good,3.69,0,10.9,Moderate Delay
Urban,Local Bus,15,1,Heavy Rain,2.22,70.7,36.25,13.41,31,16.89,Good,4.9,0,25.74,Major Delay
Urban,Local Bus,15,5,Cloudy,5.12,62.06,46.51,9.5,8,14.22,Average,1.49,1,15.76,Major Delay
Urban,Local Bus,20,6,Rain,2.97,41.88,62.34,9.78,18,2.0,Good,4.25,0,11.39,Moderate Delay
Urban,Local Bus,21,5,Clear,2.65,69.54,77.37,5.63,11,24.38,Average,4.67,0,18.75,Major Delay
Urban,Feeder Bus,14,0,Clear,2.17,9.15,42.7,12.99,26,12.96,Average,0.0,0,14.61,Moderate Delay
Rural,Local Bus,5,1,Cloudy,1.86,32.65,39.17,17.54,18,5.5,Good,7.08,0,11.6,Moderate Delay
Urban,Local Bus,15,2,Clear,9.12,45.77,31.77,24.4,27,24.43,Good,6.66,0,12.38,Moderate Delay
Urban,Local Bus,20,0,Rain,2.7,60.6,39.15,9.17,21,10.51,Good,0.0,0,17.74,Major Delay
Urban,Express Bus,13,3,Rain,2.7,40.53,44.88,16.16,15,15.17,Poor,0.0,0,17.63,Major Delay
Urban,Local Bus,15,0,Clear,1.3,6.97,14.73,14.14,26,9.43,Poor,4.02,0,9.83,Moderate Delay
Urban,Feeder Bus,18,4,Clear,5.57,3.74,46.77,13.95,14,13.84,Good,0.0,0,2.91,On Time / Minor
Urban,Local Bus,12,4,Rain,0.45,46.43,37.01,4.82,11,14.43,Good,4.84,1,16.83,Major Delay
Urban,Feeder Bus,12,4,Heavy Rain,14.34,37.01,54.72,7.93,29,15.3,Average,0.0,0,24.7,Major Delay
Urban,Express Bus,13,6,Clear,0.98,27.07,91.96,24.89,34,17.42,Good,10.99,0,9.65,Moderate Delay
Urban,Local Bus,20,5,Rain,2.65,23.22,26.13,20.06,21,11.78,Average,0.06,0,11.04,Moderate Delay
Rural,Local Bus,13,1,Clear,4.54,51.08,78.28,15.7,33,12.05,Good,0.0,0,14.1,Moderate Delay
Urban,Local Bus,10,4,Rain,7.61,77.95,91.35,16.77,11,10.76,Average,3.62,0,20.28,Major Delay
Urban,Feeder Bus,15,5,Cloudy,2.08,51.08,77.3,18.46,5,5.78,Good,0.0,0,7.82,Moderate Delay
Rural,Feeder Bus,17,5,Clear,1.62,78.26,64.85,11.31,31,6.48,Poor,0.0,0,22.34,Major Delay
Urban,Local Bus,21,4,Rain,3.5,39.4,84.28,11.56,29,9.46,Good,0.0,0,14.37,Moderate Delay
Urban,Local Bus,21,0,Rain,1.37,58.2,70.66,10.3,19,17.31,Good,4.56,0,18.8,Major Delay
Rural,Local Bus,19,3,Rain,2.38,79.1,80.21,15.01,30,13.35,Poor,8.14,1,30.5,Major Delay
Rural,Local Bus,18,6,Clear,11.12,44.37,60.37,7.1,31,10.53,Good,1.35,0,14.21,Moderate Delay
Rural,Express Bus,13,0,Rain,0.97,48.6,36.79,10.02,15,9.68,Good,9.77,0,15.17,Major Delay
Urban,Local Bus,11,4,Rain,0.05,39.39,81.28,17.04,9,5.17,Good,0.0,0,16.06,Major Delay
Rural,Local Bus,15,3,Clear,1.21,61.63,100.0,11.88,23,6.51,Average,1.17,0,15.85,Major Delay
Urban,Feeder Bus,17,1,Clear,0.44,68.75,51.19,3.5,31,11.77,Average,7.97,0,17.0,Major Delay
Rural,Express Bus,14,2,Rain,5.37,56.08,58.45,11.72,22,11.04,Average,7.08,0,20.4,Major Delay
Rural,Express Bus,8,6,Cloudy,1.62,42.72,60.24,17.27,17,14.89,Good,5.78,0,14.82,Moderate Delay
Rural,Local Bus,5,4,Clear,8.36,13.51,28.62,14.7,12,9.92,Good,9.05,0,12.04,Moderate Delay
Urban,Feeder Bus,6,6,Rain,2.31,46.89,41.03,3.86,13,13.84,Good,3.24,0,14.17,Moderate Delay
Urban,Express Bus,12,3,Clear,0.46,43.59,64.09,20.19,27,3.34,Good,5.01,0,8.34,Moderate Delay
Urban,Local Bus,19,5,Rain,7.46,53.43,56.12,12.52,16,6.25,Good,0.09,0,9.74,Moderate Delay
Urban,Local Bus,19,4,Clear,1.04,50.69,58.33,16.03,20,12.32,Average,13.13,0,20.01,Major Delay
Urban,Feeder Bus,19,6,Clear,0.05,84.17,58.53,20.27,23,11.08,Average,1.25,0,14.8,Moderate Delay
Rural,Local Bus,17,2,Heavy Rain,4.34,31.98,55.68,13.26,14,14.69,Average,2.44,0,21.57,Major Delay
Urban,Feeder Bus,5,2,Rain,1.28,11.77,42.69,3.0,14,16.88,Average,4.55,0,23.23,Major Delay
Urban,Express Bus,20,0,Clear,4.68,21.72,66.7,24.53,26,17.11,Average,6.84,0,18.41,Major Delay
Urban,Express Bus,22,1,Heavy Rain,6.5,33.43,64.57,3.0,24,18.93,Good,6.78,0,21.06,Major Delay
Urban,Express Bus,20,0,Heavy Rain,3.85,72.89,40.39,12.0,28,20.1,Average,0.0,0,21.44,Major Delay
Urban,Feeder Bus,13,1,Rain,1.37,18.16,66.29,21.77,20,9.22,Good,12.34,0,17.75,Major Delay
Urban,Local Bus,8,2,Clear,7.69,21.23,45.53,9.82,5,22.5,Average,11.55,0,19.15,Major Delay
Rural,Local Bus,21,6,Clear,0.9,57.52,71.06,10.17,24,25.45,Average,9.76,0,15.95,Major Delay
Rural,Express Bus,8,2,Rain,4.69,67.53,57.14,12.7,5,4.49,Average,4.23,0,13.78,Moderate Delay
Urban,Local Bus,19,5,Rain,5.63,12.37,65.88,12.92,15,8.06,Poor,9.74,0,21.96,Major Delay
Urban,Express Bus,22,5,Clear,3.15,7.24,61.52,8.84,27,12.8,Good,4.81,0,7.37,Moderate Delay
Urban,Express Bus,21,6,Clear,6.36,29.91,56.87,10.18,12,12.16,Good,4.75,1,9.46,Moderate Delay
Rural,Local Bus,14,3,Clear,3.88,63.12,64.54,20.45,31,2.57,Poor,6.99,0,13.63,Moderate Delay
Rural,Express Bus,20,5,Clear,4.44,51.29,74.84,10.81,25,6.25,Good,6.22,0,19.04,Major Delay
Urban,Local Bus,19,2,Cloudy,6.38,30.75,60.41,17.01,32,12.08,Good,8.62,0,12.08,Moderate Delay
Rural,Feeder Bus,22,4,Clear,3.68,65.01,60.09,8.52,20,9.91,Good,0.0,0,6.52,Moderate Delay
Urban,Local Bus,11,5,Cloudy,7.07,50.86,50.92,22.31,18,14.1,Good,3.06,1,7.24,Moderate Delay
Urban,Express Bus,16,0,Cloudy,9.68,45.53,21.63,19.63,9,20.78,Average,0.0,0,11.6,Moderate Delay
Rural,Feeder Bus,19,0,Clear,4.84,10.87,58.67,13.46,31,4.78,Average,8.15,1,13.35,Moderate Delay
Urban,Local Bus,9,1,Rain,6.51,30.28,32.67,17.85,24,22.57,Average,0.0,1,22.78,Major Delay
Urban,Local Bus,9,5,Clear,3.16,93.01,46.68,23.13,29,20.41,Average,2.09,0,18.19,Major Delay
Urban,Local Bus,12,3,Clear,9.83,40.27,40.68,7.99,13,2.37,Average,8.18,0,17.95,Major Delay
Urban,Express Bus,11,1,Clear,4.18,25.99,43.65,7.66,11,5.03,Average,10.04,0,7.64,Moderate Delay
Urban,Local Bus,18,5,Cloudy,6.01,39.21,44.9,16.24,15,8.98,Good,7.91,0,14.61,Moderate Delay
Urban,Local Bus,21,0,Clear,0.48,50.74,67.71,6.24,19,6.23,Average,7.27,0,19.37,Major Delay
Urban,Feeder Bus,7,1,Heavy Rain,5.55,68.32,64.65,4.69,30,13.91,Good,0.0,0,27.17,Major Delay
Urban,Local Bus,10,3,Clear,3.44,62.28,60.22,4.38,13,14.17,Good,0.0,0,18.48,Major Delay
Rural,Local Bus,21,6,Clear,5.36,32.44,82.19,14.89,11,11.71,Average,0.0,0,14.04,Moderate Delay
Urban,Express Bus,15,5,Rain,5.88,77.25,100.0,3.0,8,12.87,Average,0.0,0,16.86,Major Delay
Rural,Local Bus,8,4,Heavy Rain,6.42,66.74,68.15,11.58,17,10.33,Poor,4.29,0,28.04,Major Delay
Urban,Local Bus,15,4,Cloudy,5.62,37.76,76.16,3.0,8,12.98,Average,8.53,0,11.39,Moderate Delay
Urban,Feeder Bus,20,2,Clear,2.47,45.05,63.61,16.63,7,20.56,Good,8.51,0,12.72,Moderate Delay
Urban,Express Bus,11,3,Clear,12.97,61.82,70.96,17.03,15,2.0,Good,0.0,0,14.76,Moderate Delay
Rural,Local Bus,13,6,Clear,8.37,72.72,25.51,12.73,18,11.09,Good,3.32,0,14.76,Moderate Delay
Urban,Express Bus,16,5,Cloudy,2.75,13.07,10.0,21.09,17,13.32,Good,2.13,0,1.89,On Time / Minor
Rural,Local Bus,20,4,Cloudy,2.6,49.62,15.72,18.77,32,10.51,Average,0.0,0,15.03,Major Delay
Urban,Local Bus,15,0,Clear,0.76,47.28,45.51,9.25,32,12.56,Average,7.65,0,12.89,Moderate Delay
Urban,Express Bus,22,5,Cloudy,1.23,34.88,85.34,8.74,21,16.99,Good,7.51,0,12.07,Moderate Delay
Urban,Local Bus,18,2,Rain,2.68,34.76,63.11,19.3,33,8.42,Good,0.46,0,22.45,Major Delay
Urban,Local Bus,12,2,Clear,9.53,72.25,50.19,18.11,31,22.04,Good,1.95,0,8.87,Moderate Delay
Urban,Feeder Bus,13,4,Clear,2.37,60.3,69.39,12.39,6,3.58,Average,4.23,0,8.07,Moderate Delay
Urban,Local Bus,17,2,Rain,0.74,96.45,65.06,3.44,21,14.1,Good,5.57,0,21.88,Major Delay
Urban,Local Bus,6,4,Clear,5.27,34.89,30.9,19.58,15,10.93,Good,0.26,0,11.15,Moderate Delay
Urban,Local Bus,9,0,Clear,5.64,51.15,67.38,14.4,6,12.3,Good,0.0,0,12.11,Moderate Delay
Urban,Express Bus,9,1,Clear,2.39,55.12,74.65,13.65,24,14.81,Good,0.0,0,17.09,Major Delay
Urban,Express Bus,19,3,Cloudy,8.56,68.61,100.0,3.0,20,7.91,Good,10.94,0,16.92,Major Delay
Urban,Feeder Bus,19,6,Cloudy,9.06,79.24,56.41,17.2,23,16.51,Average,9.6,0,20.05,Major Delay
Urban,Local Bus,19,5,Cloudy,0.2,50.15,91.88,13.63,11,20.88,Good,0.0,0,15.86,Major Delay
Urban,Express Bus,6,2,Clear,5.68,22.82,49.9,10.76,30,9.55,Good,0.0,0,8.31,Moderate Delay
Urban,Express Bus,10,6,Cloudy,2.71,31.65,100.0,8.98,17,8.41,Good,0.0,1,17.82,Major Delay
Urban,Local Bus,10,1,Clear,18.29,51.28,46.1,14.67,12,17.33,Good,0.0,0,11.07,Moderate Delay
Rural,Local Bus,5,6,Rain,5.43,73.82,70.85,16.81,12,15.91,Poor,13.26,0,26.72,Major Delay
Urban,Feeder Bus,9,2,Heavy Rain,1.45,14.73,63.73,11.71,13,3.17,Average,0.0,0,22.14,Major Delay
Urban,Local Bus,12,0,Cloudy,5.96,21.09,87.8,17.36,8,13.76,Average,7.3,0,18.13,Major Delay
Rural,Express Bus,20,0,Clear,1.3,65.41,85.1,7.09,31,14.88,Average,1.81,0,23.89,Major Delay
Urban,Local Bus,8,6,Rain,4.21,18.25,37.15,10.09,11,10.73,Good,2.4,0,15.88,Major Delay
Urban,Local Bus,20,4,Clear,0.99,22.12,51.28,18.12,27,18.5,Good,2.06,0,14.14,Moderate Delay
Rural,Feeder Bus,19,1,Clear,2.02,74.14,100.0,11.57,17,2.98,Good,5.34,0,16.8,Major Delay
Rural,Feeder Bus,7,6,Heavy Rain,8.43,42.91,59.98,24.3,8,2.0,Average,2.58,0,17.02,Major Delay
Rural,Local Bus,9,0,Clear,12.68,41.15,74.28,15.66,29,16.32,Average,7.23,0,17.75,Major Delay
Urban,Express Bus,13,2,Clear,4.2,79.47,36.59,6.99,29,6.94,Good,9.28,0,10.12,Moderate Delay
Urban,Local Bus,21,5,Cloudy,6.58,23.55,53.08,4.59,28,10.83,Average,0.4,0,19.05,Major Delay
Rural,Express Bus,19,0,Cloudy,1.69,18.93,43.83,18.71,15,5.34,Good,4.52,1,7.5,Moderate Delay
Rural,Local Bus,22,6,Cloudy,0.81,85.47,76.52,10.36,6,15.26,Good,0.0,0,10.17,Moderate Delay
Urban,Local Bus,10,4,Clear,3.77,53.37,72.75,19.5,28,12.7,Good,0.89,0,14.78,Moderate Delay
Urban,Local Bus,21,6,Rain,3.54,63.63,82.47,10.76,28,10.34,Good,3.59,0,14.68,Moderate Delay
Urban,Local Bus,22,5,Clear,2.62,40.85,36.29,15.45,31,4.83,Good,2.5,0,9.45,Moderate Delay
Urban,Local Bus,15,5,Heavy Rain,2.49,45.55,68.97,11.99,5,10.2,Poor,2.96,1,23.8,Major Delay
Rural,Local Bus,7,1,Clear,5.41,31.81,58.4,15.53,30,12.67,Good,6.08,1,19.86,Major Delay
Urban,Feeder Bus,9,1,Clear,1.64,55.32,10.0,18.38,7,8.34,Good,7.13,0,5.6,Moderate Delay
Urban,Local Bus,7,1,Cloudy,1.2,67.12,67.26,14.11,5,8.51,Good,0.0,0,11.92,Moderate Delay
Urban,Local Bus,19,1,Clear,4.67,52.51,83.84,17.97,27,11.05,Good,4.41,0,17.72,Major Delay
Urban,Local Bus,10,4,Cloudy,0.37,72.4,89.41,3.81,27,14.37,Good,1.93,0,20.4,Major Delay
Urban,Express Bus,17,0,Clear,5.12,63.24,57.29,16.49,16,13.12,Good,1.09,0,20.98,Major Delay
Urban,Local Bus,9,2,Clear,1.9,23.89,74.59,14.14,26,16.88,Good,10.48,0,21.86,Major Delay
Urban,Local Bus,22,4,Clear,6.29,44.67,68.91,12.43,14,10.55,Good,0.0,0,17.74,Major Delay
Rural,Express Bus,18,3,Clear,10.02,37.69,42.8,3.0,8,16.06,Good,3.23,0,4.72,On Time / Minor
Urban,Local Bus,11,3,Clear,1.2,65.33,40.07,3.99,16,5.17,Average,10.7,1,19.11,Major Delay
Urban,Feeder Bus,13,1,Clear,2.43,58.62,57.04,15.36,31,12.99,Poor,3.86,0,19.61,Major Delay
Urban,Local Bus,6,0,Clear,7.97,50.93,53.28,16.12,20,12.73,Good,0.0,0,7.9,Moderate Delay
Urban,Express Bus,7,6,Rain,4.19,71.31,59.76,16.46,26,22.79,Average,2.42,0,18.07,Major Delay
Urban,Local Bus,22,3,Rain,12.9,5.09,49.65,13.96,23,7.65,Average,12.36,0,20.31,Major Delay
Urban,Express Bus,19,4,Clear,4.35,34.13,62.25,6.81,24,4.99,Average,9.36,0,17.87,Major Delay
Urban,Feeder Bus,20,3,Clear,9.61,36.08,36.67,7.83,25,7.15,Average,0.91,0,18.37,Major Delay
Urban,Local Bus,16,2,Clear,0.64,53.79,88.47,3.0,8,7.84,Average,11.17,0,17.11,Major Delay
Urban,Local Bus,8,5,Clear,1.14,60.71,21.6,14.75,7,13.05,Poor,6.69,0,15.01,Major Delay
Urban,Local Bus,6,2,Clear,11.55,47.97,56.38,25.43,8,4.7,Good,0.0,0,12.11,Moderate Delay
Urban,Local Bus,18,2,Clear,1.11,17.76,53.93,13.45,9,12.73,Average,2.97,0,14.06,Moderate Delay
Urban,Feeder Bus,10,5,Heavy Rain,11.66,57.36,55.29,9.44,25,11.17,Average,12.63,1,29.76,Major Delay
Urban,Express Bus,5,2,Rain,1.36,50.95,41.12,14.15,18,15.57,Poor,2.72,0,10.0,Moderate Delay
Urban,Express Bus,5,4,Clear,0.44,14.22,27.78,13.19,15,14.1,Average,11.1,0,10.22,Moderate Delay
Urban,Feeder Bus,15,4,Clear,2.59,41.21,62.81,3.58,30,15.14,Poor,0.0,0,18.32,Major Delay
Urban,Feeder Bus,20,0,Clear,0.64,56.6,53.9,15.52,19,13.46,Average,0.0,0,14.37,Moderate Delay
Urban,Feeder Bus,11,4,Clear,5.79,86.02,65.69,13.35,27,16.84,Average,9.16,0,17.45,Major Delay
Rural,Local Bus,22,5,Cloudy,0.04,22.95,25.0,12.98,23,3.55,Average,7.76,0,11.21,Moderate Delay
Rural,Local Bus,11,1,Clear,15.57,66.17,92.33,25.93,10,3.72,Average,3.37,0,10.91,Moderate Delay
Rural,Local Bus,18,6,Clear,3.53,23.24,56.4,13.39,16,10.9,Average,7.84,0,17.49,Major Delay
Urban,Local Bus,9,0,Clear,6.09,18.78,10.0,24.94,13,11.42,Average,0.54,0,9.74,Moderate Delay
Urban,Local Bus,15,1,Cloudy,6.82,20.13,61.78,9.04,26,5.88,Good,0.0,0,3.3,On Time / Minor
Urban,Local Bus,9,6,Clear,3.94,61.92,48.56,4.94,16,13.8,Poor,5.43,0,17.45,Major Delay
Urban,Local Bus,19,5,Heavy Rain,5.04,50.99,35.34,9.14,21,4.48,Average,2.07,0,19.15,Major Delay
Urban,Local Bus,13,5,Clear,2.2,40.76,82.64,21.04,30,9.66,Average,5.58,0,14.78,Moderate Delay
Urban,Local Bus,5,4,Clear,6.8,58.53,76.59,9.45,16,10.91,Good,4.53,0,12.09,Moderate Delay
Urban,Local Bus,9,1,Clear,13.34,48.94,64.84,5.44,34,13.86,Good,1.82,0,16.85,Major Delay
Urban,Local Bus,11,3,Cloudy,2.11,50.54,59.54,16.04,11,8.48,Good,12.92,0,14.92,Moderate Delay
Urban,Local Bus,13,3,Clear,7.59,41.02,68.1,11.7,7,17.08,Good,0.0,0,8.92,Moderate Delay
Rural,Express Bus,9,0,Clear,8.78,24.37,26.44,17.45,10,19.4,Average,4.27,0,10.2,Moderate Delay
Urban,Express Bus,15,4,Clear,1.97,86.9,61.83,9.97,19,18.69,Poor,3.03,0,19.09,Major Delay
Rural,Local Bus,22,0,Clear,3.16,80.21,82.75,8.46,5,20.04,Average,5.04,0,14.46,Moderate Delay
Urban,Local Bus,17,0,Clear,3.0,84.57,78.8,23.96,15,16.33,Good,3.73,0,18.82,Major Delay
Urban,Local Bus,10,1,Cloudy,2.64,35.6,36.99,9.0,14,14.08,Poor,8.9,0,23.29,Major Delay
Urban,Local Bus,17,1,Cloudy,1.41,32.32,61.71,8.99,14,7.25,Poor,5.06,0,14.86,Moderate Delay
Urban,Local Bus,22,0,Cloudy,3.29,38.47,35.54,16.77,10,8.18,Average,0.25,1,14.75,Moderate Delay
Urban,Feeder Bus,9,6,Heavy Rain,2.51,72.7,61.14,3.0,19,15.74,Good,0.0,0,29.07,Major Delay
Urban,Local Bus,9,5,Clear,10.36,48.0,42.96,18.4,13,2.1,Average,0.0,0,14.17,Moderate Delay
Urban,Local Bus,5,3,Rain,4.26,35.51,40.6,24.73,26,17.62,Good,0.0,0,11.29,Moderate Delay
Urban,Express Bus,20,2,Clear,1.59,56.37,65.16,19.19,22,7.97,Good,6.89,0,14.77,Moderate Delay
Urban,Local Bus,19,1,Clear,10.91,31.06,43.48,7.75,22,8.33,Average,3.09,0,14.75,Moderate Delay
Rural,Local Bus,12,6,Cloudy,9.2,16.83,42.11,9.66,28,14.88,Average,5.48,0,9.34,Moderate Delay
Urban,Local Bus,20,5,Clear,2.6,50.97,65.03,14.39,17,12.4,Good,0.0,0,13.4,Moderate Delay
Urban,Feeder Bus,16,5,Clear,4.0,36.13,28.37,16.19,10,8.9,Poor,1.92,1,10.78,Moderate Delay
Urban,Local Bus,22,3,Cloudy,10.47,47.68,51.56,23.68,26,6.45,Poor,5.92,0,11.79,Moderate Delay
Urban,Express Bus,21,0,Clear,7.3,0.0,27.26,23.41,33,3.49,Average,8.7,0,12.75,Moderate Delay
Urban,Express Bus,22,4,Clear,0.3,27.48,30.9,12.71,17,2.0,Good,0.0,0,0.0,On Time / Minor
Urban,Local Bus,12,3,Rain,1.02,46.96,81.41,10.81,26,18.32,Good,11.34,0,24.63,Major Delay
Rural,Express Bus,16,2,Clear,1.79,13.12,49.67,9.31,24,9.92,Average,10.7,0,12.9,Moderate Delay
Urban,Local Bus,8,2,Clear,2.05,13.91,43.66,17.87,6,6.56,Average,8.59,0,18.18,Major Delay
Urban,Local Bus,21,0,Clear,3.08,48.89,75.02,20.48,10,14.76,Average,9.83,0,21.19,Major Delay
Urban,Local Bus,10,6,Rain,4.86,64.14,90.32,14.41,25,7.1,Good,1.61,0,23.51,Major Delay
Rural,Feeder Bus,13,1,Heavy Rain,3.08,27.49,63.03,13.99,15,7.2,Good,0.0,0,13.98,Moderate Delay
Rural,Local Bus,15,5,Cloudy,8.95,41.97,78.41,26.68,12,16.95,Good,3.92,0,10.06,Moderate Delay
Rural,Local Bus,19,6,Clear,2.1,42.5,46.97,18.08,22,14.71,Average,5.01,0,15.23,Major Delay
Urban,Feeder Bus,18,0,Clear,8.95,12.07,59.09,3.0,21,11.92,Average,0.37,1,19.93,Major Delay
Urban,Local Bus,22,4,Clear,4.27,75.23,58.15,13.79,32,8.23,Good,6.45,0,22.31,Major Delay
Urban,Feeder Bus,17,0,Rain,4.02,43.79,64.48,15.21,34,12.17,Average,10.55,0,17.66,Major Delay
Rural,Express Bus,19,5,Cloudy,6.66,44.04,77.29,12.38,5,13.9,Poor,7.98,0,19.09,Major Delay
Urban,Express Bus,15,3,Rain,5.75,56.58,28.61,21.57,18,12.29,Good,3.74,0,12.1,Moderate Delay
Urban,Express Bus,12,0,Clear,3.06,12.12,40.2,12.02,26,17.07,Good,0.0,0,8.42,Moderate Delay
Urban,Express Bus,21,5,Rain,1.38,69.16,48.29,8.09,15,5.99,Average,0.0,0,16.13,Major Delay
Urban,Local Bus,11,5,Clear,10.57,72.16,38.6,9.74,19,9.71,Poor,3.03,0,8.31,Moderate Delay
Urban,Feeder Bus,16,6,Clear,3.78,51.23,62.6,18.05,25,13.78,Good,6.71,0,13.43,Moderate Delay
Urban,Feeder Bus,10,3,Clear,3.81,58.63,62.35,5.87,27,8.14,Good,0.0,0,10.12,Moderate Delay
Urban,Feeder Bus,13,6,Cloudy,21.78,40.5,59.17,11.04,33,15.76,Average,3.98,0,19.03,Major Delay
Rural,Express Bus,11,4,Rain,9.02,67.86,49.95,19.08,8,17.71,Good,7.06,0,14.02,Moderate Delay
Urban,Local Bus,9,3,Clear,2.79,29.07,84.96,5.84,18,11.3,Poor,3.18,0,25.07,Major Delay
Rural,Local Bus,19,2,Heavy Rain,3.47,47.25,62.33,7.78,22,12.91,Average,0.39,0,27.51,Major Delay
Urban,Local Bus,18,2,Clear,1.2,48.63,55.0,3.83,31,9.96,Good,0.0,0,13.09,Moderate Delay
Rural,Local Bus,17,4,Clear,0.72,47.11,59.33,8.63,17,9.54,Poor,7.36,0,19.16,Major Delay
Urban,Express Bus,6,5,Clear,2.79,72.59,72.89,10.87,6,17.42,Average,0.23,0,17.74,Major Delay
Rural,Express Bus,9,0,Clear,5.4,98.33,62.28,12.58,14,6.82,Average,11.73,0,17.78,Major Delay
Urban,Local Bus,8,2,Rain,1.32,45.47,40.72,8.5,32,15.13,Good,4.39,0,21.15,Major Delay
Urban,Local Bus,17,0,Clear,7.32,58.82,93.26,11.71,5,8.54,Average,5.35,0,22.99,Major Delay
Urban,Express Bus,21,2,Clear,0.94,29.54,67.24,19.88,33,6.77,Poor,7.66,0,20.48,Major Delay
Urban,Local Bus,11,5,Clear,2.83,71.73,34.96,16.0,20,16.04,Good,1.68,1,15.93,Major Delay
Urban,Feeder Bus,10,4,Rain,6.75,36.1,21.68,26.81,11,14.48,Good,5.85,1,20.08,Major Delay
Rural,Express Bus,15,0,Heavy Rain,16.45,100.0,71.78,9.96,15,7.73,Poor,0.27,0,26.0,Major Delay
Rural,Local Bus,22,5,Rain,11.85,9.57,83.85,11.3,15,10.16,Good,0.0,0,19.55,Major Delay
Urban,Local Bus,11,0,Clear,9.76,97.39,67.04,14.93,32,10.38,Good,0.0,0,16.59,Major Delay
Urban,Express Bus,10,0,Clear,3.92,70.8,70.25,10.91,29,12.18,Good,1.05,0,18.91,Major Delay
Urban,Local Bus,14,6,Clear,7.69,22.19,70.76,13.84,27,8.55,Average,13.79,0,15.47,Major Delay
Rural,Feeder Bus,21,0,Heavy Rain,2.58,100.0,58.1,3.0,5,19.68,Average,0.0,0,22.49,Major Delay
Rural,Local Bus,18,1,Clear,6.34,26.65,24.37,11.78,7,5.46,Good,6.57,0,13.68,Moderate Delay
Urban,Local Bus,14,0,Heavy Rain,0.62,40.77,44.02,19.27,31,3.42,Good,2.37,0,21.24,Major Delay
Rural,Local Bus,18,4,Rain,4.86,18.18,73.89,25.42,14,10.41,Average,0.0,1,19.26,Major Delay
Urban,Express Bus,5,3,Rain,0.61,44.63,69.72,22.69,10,2.0,Average,7.46,0,13.77,Moderate Delay
Rural,Feeder Bus,18,5,Rain,9.23,46.79,54.09,14.76,12,7.12,Good,0.98,0,16.7,Major Delay
Rural,Feeder Bus,6,6,Clear,7.35,67.09,47.04,16.89,24,7.84,Average,1.27,0,14.4,Moderate Delay
Rural,Local Bus,12,5,Clear,12.81,100.0,61.48,15.98,25,11.08,Average,8.92,0,18.5,Major Delay
Urban,Feeder Bus,11,3,Clear,0.77,36.2,51.14,10.67,13,10.01,Good,2.19,0,12.53,Moderate Delay
Urban,Local Bus,17,0,Clear,21.61,0.0,56.41,8.25,22,12.18,Good,4.62,0,9.23,Moderate Delay
Urban,Express Bus,9,6,Rain,3.44,62.92,60.64,15.49,29,7.1,Poor,3.36,0,22.05,Major Delay
Rural,Feeder Bus,9,3,Clear,9.11,35.34,42.46,13.34,15,9.11,Poor,3.03,0,9.16,Moderate Delay
Urban,Local Bus,20,1,Rain,1.14,89.82,74.0,19.04,8,13.89,Good,0.0,0,15.14,Major Delay
Rural,Feeder Bus,13,3,Rain,5.25,47.2,54.71,3.0,11,2.0,Poor,7.79,0,19.05,Major Delay
Rural,Local Bus,18,2,Clear,3.04,30.54,67.75,12.96,34,13.1,Average,4.61,0,16.61,Major Delay
Urban,Local Bus,15,2,Clear,7.35,24.7,59.27,21.26,18,2.0,Poor,7.57,0,9.82,Moderate Delay
Urban,Local Bus,16,3,Clear,0.21,62.33,88.85,17.46,26,11.05,Poor,4.08,0,12.74,Moderate Delay
Urban,Feeder Bus,17,5,Clear,1.0,41.67,68.86,8.1,12,13.6,Average,8.78,0,15.04,Major Delay
Urban,Local Bus,17,1,Cloudy,9.98,81.76,66.15,6.15,30,12.54,Average,4.26,0,14.38,Moderate Delay
Urban,Feeder Bus,21,6,Rain,0.97,43.16,65.43,13.72,10,7.9,Good,10.36,1,12.86,Moderate Delay
Urban,Local Bus,19,0,Rain,3.1,80.54,99.68,18.71,8,12.28,Average,0.0,0,18.28,Major Delay
Urban,Express Bus,10,1,Clear,2.64,16.26,57.12,17.1,29,6.29,Good,0.0,0,13.27,Moderate Delay
Urban,Express Bus,8,4,Rain,4.73,8.01,61.28,14.69,23,17.91,Average,12.44,0,13.74,Moderate Delay
Urban,Local Bus,20,1,Cloudy,1.3,67.07,60.1,17.85,34,15.16,Good,7.64,0,10.81,Moderate Delay
Urban,Express Bus,11,5,Heavy Rain,10.76,37.32,18.68,15.54,20,6.25,Average,12.83,1,25.73,Major Delay
Urban,Express Bus,10,5,Rain,4.83,41.94,59.86,17.6,27,17.88,Poor,6.56,0,23.67,Major Delay
Urban,Local Bus,6,3,Rain,11.76,24.72,78.33,19.62,20,11.97,Good,2.11,0,16.8,Major Delay
Urban,Local Bus,14,3,Clear,7.29,23.03,68.3,11.33,6,5.35,Average,12.84,0,14.07,Moderate Delay
Rural,Local Bus,14,6,Rain,4.54,62.62,88.22,8.69,16,16.84,Average,0.0,0,25.29,Major Delay
Urban,Feeder Bus,19,5,Clear,6.29,47.57,73.71,18.37,33,19.22,Average,7.5,0,19.62,Major Delay
Urban,Express Bus,18,4,Clear,6.23,23.62,68.04,10.94,33,9.72,Poor,0.0,0,16.49,Major Delay
Rural,Feeder Bus,18,0,Clear,11.57,66.18,75.78,3.0,18,12.83,Average,11.03,0,17.78,Major Delay
Urban,Express Bus,14,4,Clear,4.17,75.02,65.3,22.56,30,10.93,Good,0.0,0,13.09,Moderate Delay
Urban,Feeder Bus,20,0,Clear,2.31,45.5,52.39,15.52,12,13.9,Average,1.97,0,11.09,Moderate Delay
Urban,Local Bus,22,1,Clear,0.01,71.07,55.43,15.26,14,14.97,Average,0.0,0,17.78,Major Delay
Urban,Local Bus,19,4,Rain,3.8,24.96,10.34,12.89,28,15.93,Good,6.46,0,20.88,Major Delay
Urban,Express Bus,11,2,Cloudy,2.47,61.28,89.9,19.02,7,2.0,Average,2.58,0,16.18,Major Delay
Rural,Local Bus,9,6,Heavy Rain,6.91,51.72,54.03,6.3,5,8.41,Average,10.41,0,22.36,Major Delay
Rural,Local Bus,5,6,Rain,3.63,29.79,37.13,14.02,12,15.83,Good,0.2,0,13.2,Moderate Delay
Urban,Express Bus,22,0,Clear,3.68,95.22,50.67,15.69,5,7.51,Good,0.0,0,4.79,On Time / Minor
Urban,Feeder Bus,18,6,Rain,3.66,53.35,93.14,17.31,21,12.74,Good,1.15,0,13.54,Moderate Delay
Urban,Express Bus,21,6,Cloudy,8.02,34.41,59.44,3.75,27,6.42,Good,11.69,0,15.92,Major Delay
Urban,Local Bus,19,0,Clear,0.95,48.45,63.14,17.56,24,14.39,Average,8.72,0,20.99,Major Delay
Urban,Feeder Bus,12,2,Heavy Rain,12.09,28.0,99.72,11.49,9,11.19,Good,9.28,0,14.46,Moderate Delay
Rural,Local Bus,7,6,Heavy Rain,11.66,21.39,74.71,10.09,30,14.02,Average,0.74,0,18.45,Major Delay
Rural,Local Bus,5,0,Clear,1.37,37.66,52.24,4.63,19,12.97,Poor,0.0,0,11.52,Moderate Delay
Urban,Feeder Bus,19,0,Rain,3.01,39.22,24.0,27.4,14,3.97,Average,10.61,0,16.93,Major Delay
Urban,Express Bus,10,3,Clear,0.43,29.5,70.78,13.23,20,21.47,Average,0.0,0,11.75,Moderate Delay
Urban,Feeder Bus,11,6,Heavy Rain,5.2,76.78,44.44,15.47,9,4.46,Poor,3.53,1,20.27,Major Delay
Urban,Feeder Bus,20,1,Cloudy,0.79,30.39,71.2,7.69,34,23.43,Good,0.17,0,14.67,Moderate Delay
Rural,Express Bus,13,5,Clear,18.33,26.56,57.04,4.82,18,2.0,Good,3.88,1,10.14,Moderate Delay
Urban,Local Bus,22,4,Rain,4.85,20.73,66.18,18.89,14,11.34,Good,0.0,0,16.53,Major Delay
Rural,Local Bus,14,1,Cloudy,4.42,18.51,75.92,5.9,25,3.96,Good,7.75,0,12.23,Moderate Delay
Rural,Feeder Bus,19,2,Clear,2.59,71.63,23.41,21.82,14,19.08,Good,10.35,0,18.23,Major Delay
Rural,Feeder Bus,7,4,Rain,3.88,53.94,60.57,24.8,27,5.93,Average,8.72,0,11.12,Moderate Delay
Urban,Local Bus,12,3,Rain,6.45,63.88,57.64,9.35,19,5.53,Average,0.0,0,18.7,Major Delay
Urban,Local Bus,8,1,Clear,6.64,71.42,63.76,11.23,31,11.17,Good,5.67,1,27.66,Major Delay
Rural,Local Bus,6,1,Rain,1.05,40.33,68.09,3.0,19,18.15,Good,2.64,0,15.22,Major Delay
Rural,Local Bus,22,3,Clear,1.29,81.86,61.04,3.54,24,17.16,Good,3.5,0,13.85,Moderate Delay
Urban,Feeder Bus,14,5,Clear,2.27,33.58,45.04,17.79,21,9.89,Average,11.8,0,11.26,Moderate Delay
Rural,Local Bus,11,2,Cloudy,10.25,22.8,35.41,21.53,34,9.4,Good,1.32,0,5.74,Moderate Delay
Urban,Local Bus,11,6,Clear,10.65,56.59,26.25,9.31,31,13.61,Good,6.9,0,18.17,Major Delay
Urban,Feeder Bus,9,4,Clear,1.04,51.32,60.39,10.22,18,10.71,Good,0.0,0,10.17,Moderate Delay
Rural,Local Bus,7,2,Heavy Rain,5.25,51.29,68.53,4.51,26,11.4,Average,3.86,0,27.24,Major Delay
Urban,Local Bus,21,4,Rain,4.93,71.35,51.16,7.22,11,10.29,Good,8.15,0,18.44,Major Delay
Urban,Local Bus,6,3,Cloudy,2.72,50.44,74.61,21.97,30,14.05,Average,2.75,0,18.49,Major Delay
Rural,Local Bus,11,5,Cloudy,5.78,55.2,55.71,15.86,23,13.25,Average,6.57,0,11.86,Moderate Delay
Rural,Local Bus,7,6,Rain,7.14,79.27,56.29,3.23,16,18.61,Average,0.0,0,20.89,Major Delay
Rural,Local Bus,21,5,Rain,0.97,54.13,29.24,17.4,31,7.82,Good,1.17,0,13.76,Moderate Delay
Urban,Local Bus,8,0,Clear,0.25,59.37,49.13,28.23,28,7.77,Average,2.83,0,16.21,Major Delay
Rural,Local Bus,12,0,Clear,0.73,15.39,76.41,11.64,10,10.54,Good,0.79,0,0.69,On Time / Minor
Urban,Local Bus,18,5,Clear,2.19,100.0,85.95,10.0,33,9.99,Average,7.99,0,23.88,Major Delay
Urban,Local Bus,15,5,Clear,2.74,11.41,54.19,17.49,13,15.31,Average,8.97,0,20.87,Major Delay
Urban,Feeder Bus,11,3,Clear,7.79,35.6,75.34,20.04,7,5.73,Good,6.74,0,6.39,Moderate Delay
Rural,Local Bus,15,1,Cloudy,3.22,34.9,86.29,18.93,15,17.35,Good,0.0,0,15.2,Major Delay
Rural,Local Bus,12,6,Rain,2.2,96.48,39.25,12.1,18,9.58,Average,1.91,0,16.16,Major Delay
Rural,Feeder Bus,10,3,Rain,0.22,34.19,64.35,11.48,7,16.91,Average,7.71,0,13.18,Moderate Delay
Urban,Local Bus,15,2,Clear,9.96,58.16,61.81,3.65,22,23.66,Good,2.68,0,12.95,Moderate Delay
Urban,Local Bus,11,2,Clear,1.04,35.06,79.5,6.62,18,16.13,Average,2.39,0,20.04,Major Delay
Urban,Feeder Bus,22,2,Clear,10.69,24.08,41.3,16.16,22,14.12,Good,8.18,0,12.7,Moderate Delay
Urban,Express Bus,13,1,Clear,1.94,61.12,64.31,10.79,19,16.58,Poor,8.43,0,16.24,Major Delay
Urban,Local Bus,18,2,Clear,0.81,31.46,52.83,15.48,20,9.53,Average,6.49,0,9.89,Moderate Delay
Urban,Express Bus,9,4,Heavy Rain,3.55,52.77,66.5,12.57,9,12.31,Good,0.0,0,19.92,Major Delay
Rural,Express Bus,16,0,Clear,1.27,62.41,82.43,14.37,29,7.64,Good,0.0,0,14.52,Moderate Delay
Rural,Local Bus,15,2,Rain,2.53,91.86,87.55,14.12,23,7.96,Good,5.47,0,19.56,Major Delay
Rural,Local Bus,18,1,Clear,3.43,18.97,82.6,18.48,11,12.54,Average,0.0,0,9.06,Moderate Delay
Urban,Local Bus,13,4,Cloudy,7.06,44.49,38.19,19.09,8,11.48,Good,11.7,0,14.6,Moderate Delay
Urban,Feeder Bus,17,6,Rain,15.85,45.44,48.54,13.9,33,13.16,Good,4.18,0,24.85,Major Delay
Urban,Local Bus,6,5,Heavy Rain,6.43,48.02,78.13,12.77,20,11.67,Average,0.0,0,21.14,Major Delay
Urban,Local Bus,17,1,Clear,0.4,100.0,70.1,13.78,29,9.59,Good,0.84,0,21.13,Major Delay
Urban,Local Bus,18,3,Rain,2.05,44.01,52.75,9.3,19,15.62,Good,9.54,1,20.68,Major Delay
Urban,Feeder Bus,13,0,Clear,3.17,0.0,39.67,20.52,13,7.91,Average,0.0,0,7.53,Moderate Delay
Urban,Local Bus,5,2,Rain,4.16,43.44,10.0,10.63,13,12.26,Average,0.0,0,14.49,Moderate Delay
Rural,Local Bus,15,1,Clear,5.39,45.28,26.12,13.04,5,16.74,Average,0.0,0,8.8,Moderate Delay
Urban,Local Bus,19,3,Cloudy,3.28,42.46,51.89,15.06,21,14.55,Good,4.98,0,13.58,Moderate Delay
Urban,Express Bus,13,2,Rain,2.24,31.47,52.19,15.86,26,10.86,Average,11.51,1,18.5,Major Delay
Urban,Local Bus,6,4,Rain,1.36,17.61,66.22,15.61,8,2.02,Average,9.59,0,18.86,Major Delay
Urban,Feeder Bus,12,3,Rain,8.11,97.67,70.03,13.18,5,9.3,Good,1.32,0,16.03,Major Delay
Urban,Local Bus,22,6,Clear,11.1,55.32,100.0,23.87,9,21.62,Poor,4.92,0,18.75,Major Delay
Urban,Local Bus,9,0,Rain,1.01,43.58,42.6,14.45,19,9.76,Good,5.24,0,17.39,Major Delay
Urban,Local Bus,14,6,Clear,10.92,96.94,18.98,12.49,20,10.97,Good,4.61,0,19.51,Major Delay
Urban,Local Bus,11,5,Clear,4.19,28.02,39.42,24.79,22,11.85,Poor,0.0,0,10.48,Moderate Delay
Rural,Local Bus,17,4,Clear,4.6,61.86,91.53,9.33,30,13.14,Good,1.93,0,19.22,Major Delay
Urban,Express Bus,12,5,Clear,4.19,19.27,58.26,24.77,34,7.72,Poor,7.45,0,17.34,Major Delay
Urban,Local Bus,11,0,Clear,0.25,65.27,78.25,3.0,31,14.79,Good,12.83,0,17.82,Major Delay
Urban,Express Bus,15,1,Cloudy,3.73,21.91,46.74,11.59,14,13.04,Good,5.49,0,13.55,Moderate Delay
Urban,Local Bus,15,0,Clear,12.67,58.82,47.97,3.98,18,2.39,Good,8.96,1,20.01,Major Delay
Urban,Express Bus,13,5,Cloudy,5.0,92.92,23.72,5.83,26,2.0,Good,7.91,1,18.1,Major Delay
Rural,Local Bus,9,2,Clear,2.48,50.15,51.39,16.72,12,8.32,Poor,1.6,0,11.27,Moderate Delay
Urban,Local Bus,6,2,Rain,1.81,0.0,58.22,15.71,33,4.95,Poor,0.0,0,15.6,Major Delay
Urban,Local Bus,17,4,Clear,0.86,48.82,75.35,10.35,8,12.55,Average,9.16,0,14.8,Moderate Delay
Urban,Feeder Bus,11,2,Clear,9.65,59.05,69.22,23.8,18,9.13,Good,12.76,1,19.25,Major Delay
Urban,Feeder Bus,16,4,Cloudy,3.22,68.72,97.74,20.81,27,13.35,Average,1.39,0,19.65,Major Delay
Urban,Feeder Bus,11,6,Heavy Rain,0.4,81.89,54.92,13.69,8,13.42,Good,9.46,0,19.43,Major Delay
Urban,Feeder Bus,20,2,Heavy Rain,0.65,83.07,62.85,3.15,34,5.97,Good,4.25,0,23.15,Major Delay
Urban,Local Bus,17,6,Clear,7.2,44.99,57.69,19.75,8,9.18,Good,0.0,0,19.94,Major Delay
Rural,Local Bus,12,3,Heavy Rain,6.22,32.83,44.1,11.1,12,8.23,Good,3.73,0,17.52,Major Delay
Rural,Local Bus,10,2,Cloudy,1.29,22.27,66.19,15.75,16,15.67,Good,0.66,0,14.01,Moderate Delay
Rural,Feeder Bus,18,6,Rain,14.93,35.58,52.49,18.79,24,10.12,Average,5.71,0,16.61,Major Delay
Urban,Local Bus,5,3,Clear,0.75,58.96,91.26,11.59,14,17.25,Good,5.5,0,19.76,Major Delay
Rural,Local Bus,6,0,Clear,4.91,16.98,42.21,21.67,22,17.53,Good,0.27,0,10.75,Moderate Delay
Urban,Express Bus,6,2,Clear,1.08,26.68,51.2,11.72,14,10.32,Good,0.0,0,8.23,Moderate Delay
Urban,Local Bus,11,5,Rain,8.32,60.93,33.12,17.23,15,8.04,Average,1.21,0,16.35,Major Delay
Rural,Express Bus,13,3,Clear,3.74,33.13,64.77,18.53,19,6.62,Average,11.25,1,12.46,Moderate Delay
Urban,Local Bus,10,3,Clear,5.58,56.51,31.45,19.47,13,14.55,Good,0.0,0,9.06,Moderate Delay
Rural,Express Bus,8,4,Cloudy,0.56,29.27,57.84,24.47,21,10.5,Poor,7.12,0,14.82,Moderate Delay
Rural,Feeder Bus,10,1,Heavy Rain,0.87,54.62,34.62,9.07,17,7.36,Average,6.49,0,25.98,Major Delay
Urban,Express Bus,13,0,Cloudy,10.98,30.25,38.33,7.2,12,15.49,Good,0.74,0,7.86,Moderate Delay
Rural,Local Bus,10,3,Rain,2.21,4.25,42.7,12.07,17,15.58,Good,0.0,0,16.95,Major Delay
Urban,Local Bus,15,6,Clear,1.41,69.99,72.59,32.26,18,6.26,Poor,6.47,0,15.92,Major Delay
Rural,Local Bus,11,0,Rain,3.1,31.99,56.11,22.1,19,12.81,Good,3.36,0,6.91,Moderate Delay
Rural,Local Bus,21,5,Clear,7.32,42.28,55.54,10.7,24,13.94,Good,0.98,0,10.07,Moderate Delay
Urban,Express Bus,22,6,Clear,9.21,32.1,69.25,11.91,13,19.51,Average,5.86,0,6.82,Moderate Delay
Urban,Local Bus,16,0,Clear,7.1,60.52,44.8,13.91,21,10.17,Good,11.63,0,17.39,Major Delay
Urban,Local Bus,14,0,Clear,5.4,55.66,18.69,15.64,18,11.0,Average,9.7,1,10.1,Moderate Delay
Urban,Local Bus,5,6,Cloudy,9.6,60.47,36.02,17.85,27,14.31,Average,4.14,1,18.35,Major Delay
Urban,Feeder Bus,16,0,Cloudy,17.88,35.36,52.28,18.1,23,17.34,Average,0.0,0,10.9,Moderate Delay
Rural,Local Bus,11,5,Clear,3.02,46.86,57.02,21.18,13,13.0,Average,2.31,0,9.74,Moderate Delay
Urban,Local Bus,10,5,Clear,3.44,57.59,69.17,26.02,11,12.13,Average,0.0,0,17.74,Major Delay
Rural,Local Bus,19,2,Clear,6.59,83.54,55.1,13.2,16,8.19,Good,2.48,0,14.0,Moderate Delay
Urban,Local Bus,5,2,Clear,16.91,55.05,78.34,12.72,15,9.38,Poor,1.75,0,17.7,Major Delay
Urban,Feeder Bus,9,3,Rain,3.04,24.92,65.23,11.81,21,10.26,Good,1.92,1,17.84,Major Delay
Urban,Local Bus,18,3,Cloudy,16.12,54.16,29.84,12.34,12,14.51,Good,8.88,0,14.16,Moderate Delay
Rural,Express Bus,21,6,Clear,3.83,44.21,10.0,16.21,32,13.24,Poor,2.36,0,9.17,Moderate Delay
Urban,Express Bus,14,4,Clear,0.73,2.03,37.85,17.81,30,7.55,Poor,2.14,0,5.51,Moderate Delay
Urban,Feeder Bus,14,6,Rain,1.03,5.56,60.76,24.36,23,15.25,Average,5.88,0,16.24,Major Delay
Urban,Express Bus,22,1,Rain,14.28,46.47,65.42,9.75,24,10.15,Average,0.0,0,16.5,Major Delay
Rural,Express Bus,6,1,Heavy Rain,4.03,48.41,55.89,16.15,13,10.23,Good,1.81,0,18.97,Major Delay
Urban,Local Bus,13,1,Clear,3.27,41.22,60.4,8.96,21,14.84,Average,0.0,0,15.42,Major Delay
Urban,Local Bus,9,4,Cloudy,4.74,68.34,84.41,16.43,6,15.46,Good,6.61,1,17.67,Major Delay
Rural,Express Bus,13,0,Clear,3.71,26.49,58.28,30.04,9,12.73,Good,4.66,0,6.1,Moderate Delay
Rural,Express Bus,21,6,Rain,2.83,16.12,65.0,13.18,20,20.36,Good,13.84,0,16.2,Major Delay
Urban,Local Bus,15,5,Clear,2.63,29.01,89.93,28.71,7,2.0,Poor,0.0,0,17.49,Major Delay
Urban,Local Bus,22,6,Cloudy,3.31,33.98,21.77,8.98,33,15.83,Poor,8.35,0,16.66,Major Delay
Urban,Local Bus,14,6,Clear,0.87,46.66,92.19,11.24,27,6.0,Poor,0.0,0,21.68,Major Delay
Urban,Local Bus,20,0,Rain,0.92,29.65,10.0,11.94,25,10.92,Average,0.0,0,15.54,Major Delay
Rural,Local Bus,8,5,Clear,0.3,0.0,41.48,15.05,31,11.12,Good,0.0,0,8.46,Moderate Delay
Urban,Local Bus,10,3,Rain,4.9,0.0,46.82,13.08,17,10.75,Good,3.85,0,12.57,Moderate Delay
Urban,Local Bus,9,5,Clear,3.92,50.83,25.33,18.58,30,6.49,Good,4.86,0,12.92,Moderate Delay
Urban,Express Bus,18,6,Rain,1.58,22.03,54.7,3.0,7,4.25,Good,1.89,0,12.08,Moderate Delay
Urban,Express Bus,14,4,Clear,0.84,1.88,56.98,8.12,29,2.0,Average,0.0,0,13.3,Moderate Delay
Urban,Express Bus,9,0,Cloudy,3.47,62.37,72.8,25.37,8,10.0,Good,0.84,0,17.95,Major Delay
Urban,Express Bus,8,6,Rain,1.9,83.54,72.16,5.55,8,11.72,Poor,4.15,0,19.99,Major Delay
Urban,Local Bus,11,3,Clear,3.38,45.83,61.47,11.86,27,14.01,Good,0.0,0,8.29,Moderate Delay
Rural,Local Bus,7,3,Clear,0.95,54.17,80.37,17.67,26,16.85,Good,3.36,0,13.47,Moderate Delay
Rural,Express Bus,17,4,Clear,4.36,54.37,70.9,13.73,14,15.24,Average,8.9,0,13.38,Moderate Delay
Urban,Feeder Bus,20,6,Clear,2.73,0.0,51.5,8.9,9,15.98,Average,0.63,0,12.53,Moderate Delay
Urban,Express Bus,22,3,Cloudy,6.7,68.44,60.38,16.67,13,6.04,Good,0.0,0,3.67,On Time / Minor
Urban,Express Bus,9,1,Clear,0.42,76.52,45.29,19.02,18,16.56,Average,3.1,0,17.67,Major Delay
Urban,Express Bus,12,5,Clear,1.89,90.25,33.49,10.42,11,12.91,Average,12.58,1,13.31,Moderate Delay
Urban,Express Bus,14,4,Clear,1.62,37.93,66.56,16.44,33,4.55,Good,6.03,0,12.37,Moderate Delay
Rural,Express Bus,13,0,Clear,5.46,21.89,28.02,19.16,31,16.4,Average,0.0,0,8.39,Moderate Delay
Urban,Express Bus,13,3,Clear,8.24,79.25,54.25,20.48,17,6.63,Poor,10.28,0,13.89,Moderate Delay
Urban,Local Bus,8,5,Rain,3.68,59.47,12.04,16.22,14,5.86,Good,1.43,0,19.13,Major Delay
Urban,Local Bus,7,6,Clear,2.62,68.12,59.42,24.26,10,18.76,Good,2.33,0,12.67,Moderate Delay
Urban,Local Bus,12,1,Heavy Rain,6.7,33.12,43.46,14.28,10,12.24,Good,0.0,0,13.6,Moderate Delay
Rural,Local Bus,6,3,Rain,2.1,54.25,69.36,8.1,7,5.83,Average,4.24,0,17.66,Major Delay
Urban,Express Bus,6,5,Clear,12.95,23.77,53.55,12.69,16,8.35,Poor,0.0,0,15.29,Major Delay
Rural,Local Bus,14,4,Rain,1.24,47.88,55.45,21.27,31,16.33,Good,0.0,1,16.66,Major Delay
Rural,Local Bus,20,2,Cloudy,0.08,40.0,59.04,8.64,26,5.04,Average,6.54,1,19.33,Major Delay
Urban,Express Bus,14,1,Cloudy,0.4,100.0,45.77,3.0,6,10.33,Average,4.13,0,16.61,Major Delay
Urban,Local Bus,5,0,Clear,1.98,60.62,46.67,16.76,17,10.33,Good,0.0,0,10.73,Moderate Delay
Urban,Feeder Bus,20,4,Cloudy,18.45,0.0,46.68,11.34,14,24.65,Average,2.53,0,13.31,Moderate Delay
Rural,Local Bus,17,6,Clear,0.92,47.96,55.5,27.49,27,3.75,Poor,6.99,0,20.15,Major Delay
Urban,Local Bus,10,4,Cloudy,12.81,56.47,46.86,15.6,20,3.96,Poor,5.41,0,18.71,Major Delay
Urban,Local Bus,9,5,Clear,3.64,37.1,67.01,21.42,25,8.2,Average,6.81,0,13.86,Moderate Delay
Rural,Local Bus,21,4,Clear,0.91,22.64,22.61,11.06,6,7.84,Good,0.0,0,6.64,Moderate Delay
Rural,Local Bus,13,2,Cloudy,2.2,63.19,28.02,17.56,15,11.21,Good,0.0,0,6.71,Moderate Delay
Urban,Local Bus,7,3,Clear,7.37,25.89,95.77,16.23,15,8.68,Good,13.18,0,16.57,Major Delay
Urban,Local Bus,10,1,Clear,2.52,61.24,49.32,22.28,31,15.27,Average,1.52,0,20.13,Major Delay
Rural,Local Bus,9,1,Rain,0.95,23.94,37.71,15.15,27,11.48,Good,1.2,0,10.34,Moderate Delay
Urban,Express Bus,12,4,Clear,2.02,35.72,57.49,10.86,7,6.21,Average,4.11,0,9.61,Moderate Delay
Rural,Local Bus,11,4,Clear,8.94,69.99,73.34,20.23,9,9.85,Average,4.6,0,16.02,Major Delay
Urban,Local Bus,14,6,Clear,23.1,59.25,70.82,9.71,27,9.69,Good,0.0,0,14.81,Moderate Delay
Urban,Local Bus,10,1,Heavy Rain,7.02,48.72,43.04,9.1,15,16.76,Poor,0.0,0,29.49,Major Delay
Rural,Feeder Bus,16,2,Cloudy,13.59,47.31,47.75,13.74,20,15.37,Good,1.89,0,11.55,Moderate Delay
Urban,Express Bus,13,1,Cloudy,6.85,50.08,51.33,12.04,16,14.61,Good,3.4,0,12.11,Moderate Delay
Urban,Feeder Bus,21,6,Rain,6.79,29.79,64.23,14.1,14,7.41,Average,0.0,0,19.11,Major Delay
Urban,Feeder Bus,19,5,Cloudy,5.45,13.12,58.91,9.99,8,12.61,Good,4.83,0,13.93,Moderate Delay
Urban,Local Bus,10,2,Rain,4.57,61.09,39.66,20.72,17,5.29,Good,5.18,0,16.55,Major Delay
Rural,Express Bus,5,6,Cloudy,1.3,83.19,47.81,20.63,28,14.31,Poor,8.36,0,15.01,Major Delay
Urban,Local Bus,15,4,Rain,3.28,61.9,52.69,18.98,22,17.13,Poor,0.0,0,19.24,Major Delay
Urban,Feeder Bus,11,3,Cloudy,7.0,53.85,87.64,18.39,10,2.0,Average,5.34,0,15.19,Major Delay
Urban,Local Bus,21,2,Clear,4.6,20.2,54.45,3.0,13,10.63,Good,6.26,0,9.27,Moderate Delay
Rural,Local Bus,12,3,Clear,0.3,68.18,100.0,14.7,26,10.62,Good,10.89,1,23.67,Major Delay
Urban,Feeder Bus,10,0,Clear,8.87,59.07,52.62,19.15,23,15.61,Good,7.76,0,23.49,Major Delay
Rural,Feeder Bus,11,1,Cloudy,5.74,65.48,24.34,22.04,34,8.13,Good,8.78,0,12.56,Moderate Delay
Rural,Feeder Bus,20,6,Heavy Rain,8.43,71.78,65.02,12.78,20,8.06,Poor,4.26,0,19.26,Major Delay
Urban,Local Bus,7,1,Rain,0.89,84.48,78.94,21.82,33,11.89,Good,1.24,1,25.65,Major Delay
Rural,Local Bus,22,1,Rain,2.52,22.36,67.5,15.84,28,14.13,Average,9.85,0,18.21,Major Delay
Rural,Local Bus,9,6,Cloudy,4.82,18.35,61.93,3.0,31,12.13,Good,0.0,0,16.42,Major Delay
Urban,Local Bus,20,6,Rain,11.88,51.41,50.41,13.4,10,15.5,Average,11.13,0,20.32,Major Delay
Urban,Local Bus,14,5,Rain,4.22,26.78,52.3,8.96,16,14.54,Good,7.46,0,18.99,Major Delay
Rural,Local Bus,15,0,Clear,16.41,22.8,11.45,10.33,15,8.51,Good,1.82,0,5.91,Moderate Delay
Rural,Express Bus,8,5,Clear,1.89,76.06,75.18,20.31,8,11.22,Good,0.0,0,12.17,Moderate Delay
Rural,Local Bus,17,1,Clear,5.43,24.79,50.42,15.78,20,13.85,Poor,3.15,0,17.47,Major Delay
Rural,Express Bus,16,0,Clear,0.18,47.75,80.93,10.89,6,7.14,Average,0.32,0,10.82,Moderate Delay
Urban,Feeder Bus,13,6,Clear,7.48,10.48,47.35,9.94,26,7.71,Average,0.0,0,13.89,Moderate Delay
Rural,Express Bus,13,1,Clear,11.27,49.45,56.93,16.63,13,3.81,Good,0.64,0,10.9,Moderate Delay
Rural,Local Bus,15,4,Clear,4.53,75.2,82.98,12.89,15,17.01,Average,8.02,0,12.77,Moderate Delay
Urban,Local Bus,13,0,Clear,0.63,75.9,84.72,18.18,12,21.95,Average,3.45,0,19.19,Major Delay
Urban,Local Bus,22,1,Rain,3.25,72.03,74.82,9.04,14,7.73,Average,2.29,1,21.43,Major Delay
Urban,Express Bus,5,6,Clear,1.82,46.2,20.58,11.72,18,13.99,Average,0.0,0,8.66,Moderate Delay
Rural,Local Bus,9,4,Rain,2.1,73.56,32.46,7.28,31,17.36,Poor,2.59,0,23.31,Major Delay
Urban,Local Bus,20,6,Clear,3.22,57.89,72.02,10.68,8,5.28,Poor,11.37,1,23.26,Major Delay
Rural,Feeder Bus,19,1,Heavy Rain,0.58,37.9,44.03,27.07,8,12.86,Poor,3.69,0,20.89,Major Delay
Urban,Express Bus,11,6,Rain,4.14,56.78,59.48,9.58,14,17.76,Average,1.69,0,8.92,Moderate Delay
Urban,Feeder Bus,14,6,Rain,1.99,68.37,62.15,11.16,26,9.82,Good,7.24,0,17.79,Major Delay
Urban,Local Bus,5,6,Cloudy,5.03,17.46,63.12,9.06,27,10.75,Good,9.83,0,13.89,Moderate Delay
Urban,Feeder Bus,8,0,Cloudy,5.04,23.61,36.89,12.9,29,18.06,Good,10.4,0,16.37,Major Delay
Rural,Local Bus,22,0,Clear,0.88,44.7,78.46,13.57,25,9.04,Good,5.22,0,12.97,Moderate Delay
Urban,Local Bus,16,3,Clear,2.36,19.9,47.51,21.31,12,8.29,Good,0.0,0,16.2,Major Delay
Rural,Feeder Bus,5,0,Rain,2.25,19.57,69.8,11.57,24,10.24,Average,8.46,0,15.34,Major Delay
Urban,Feeder Bus,19,0,Clear,3.09,38.33,53.86,14.69,18,20.28,Average,1.54,0,9.16,Moderate Delay
Rural,Local Bus,12,5,Clear,10.1,70.82,96.42,3.0,25,15.17,Average,0.87,0,16.97,Major Delay
Urban,Local Bus,15,4,Rain,1.49,70.38,86.97,8.81,20,13.89,Poor,0.0,0,20.19,Major Delay
Urban,Local Bus,20,5,Clear,2.34,55.38,100.0,20.51,32,13.83,Good,6.21,0,19.09,Major Delay
Urban,Express Bus,20,6,Rain,5.09,52.15,91.06,8.87,28,5.63,Good,8.29,0,16.99,Major Delay
Urban,Feeder Bus,7,0,Clear,3.47,96.01,55.31,18.61,34,14.03,Average,0.16,0,19.96,Major Delay
Urban,Local Bus,11,5,Clear,7.3,35.59,47.32,8.45,31,9.12,Average,6.71,0,15.39,Major Delay
Rural,Local Bus,9,0,Clear,4.94,53.54,35.29,12.96,19,10.3,Average,9.0,0,16.73,Major Delay
Urban,Express Bus,21,2,Clear,2.31,34.45,63.32,24.29,16,10.04,Poor,5.33,0,18.3,Major Delay
Urban,Express Bus,19,2,Rain,3.79,18.39,58.49,18.47,13,16.01,Good,3.5,0,13.45,Moderate Delay
Urban,Local Bus,16,1,Rain,9.04,75.25,57.14,3.0,15,20.46,Average,2.74,0,14.85,Moderate Delay
Urban,Express Bus,6,5,Clear,0.68,40.98,41.42,33.33,10,6.75,Poor,0.22,0,8.15,Moderate Delay
Rural,Feeder Bus,19,0,Clear,0.8,63.98,65.22,7.77,15,16.68,Good,7.31,1,12.31,Moderate Delay
Urban,Local Bus,15,5,Rain,0.96,42.34,50.36,25.2,31,10.6,Average,9.2,0,16.12,Major Delay
Rural,Express Bus,9,6,Clear,2.42,76.67,48.35,11.32,10,15.31,Good,4.16,0,0.0,On Time / Minor
Rural,Express Bus,12,4,Clear,2.75,25.06,61.28,6.63,31,13.02,Good,1.28,0,12.5,Moderate Delay
Urban,Local Bus,13,0,Clear,10.24,74.77,56.44,11.29,6,8.45,Good,5.96,0,8.18,Moderate Delay
Urban,Feeder Bus,10,4,Rain,1.81,68.57,29.48,10.08,9,8.38,Average,0.0,0,18.3,Major Delay
Urban,Express Bus,21,4,Clear,0.37,6.72,42.25,10.71,31,10.47,Average,9.79,0,9.43,Moderate Delay
Urban,Local Bus,21,2,Clear,9.01,36.11,68.65,14.36,20,13.33,Poor,9.21,0,17.49,Major Delay
Urban,Local Bus,5,2,Heavy Rain,1.71,71.48,57.05,16.87,14,14.03,Average,5.98,0,27.9,Major Delay
Rural,Express Bus,21,3,Heavy Rain,6.31,85.66,19.15,22.52,10,26.4,Good,1.36,0,14.53,Moderate Delay
Urban,Local Bus,12,6,Cloudy,7.77,64.46,71.98,15.29,5,14.28,Average,2.54,0,11.45,Moderate Delay
Urban,Local Bus,19,0,Cloudy,4.07,38.88,57.01,14.46,11,5.08,Good,0.0,0,10.72,Moderate Delay
Rural,Local Bus,19,3,Heavy Rain,3.08,25.73,36.77,9.66,9,17.86,Average,0.0,0,14.68,Moderate Delay
Urban,Express Bus,15,2,Cloudy,1.26,61.03,44.62,12.32,25,14.55,Good,7.17,0,15.3,Major Delay
Rural,Feeder Bus,18,3,Rain,1.21,38.2,61.3,10.98,33,10.76,Average,0.0,0,19.27,Major Delay
Urban,Express Bus,17,0,Clear,8.04,39.18,13.83,5.76,12,6.04,Poor,15.44,0,14.81,Moderate Delay
Urban,Feeder Bus,20,6,Clear,4.73,42.84,66.41,29.31,6,10.19,Good,1.02,0,13.54,Moderate Delay
Rural,Local Bus,12,3,Rain,8.08,68.28,77.73,15.45,34,17.44,Average,0.0,1,23.98,Major Delay
Rural,Local Bus,18,6,Cloudy,1.86,89.55,75.81,15.53,25,14.08,Average,5.19,0,18.21,Major Delay
Rural,Feeder Bus,22,1,Clear,9.52,71.62,81.08,21.31,16,18.37,Good,5.41,0,14.23,Moderate Delay
Urban,Local Bus,22,4,Cloudy,12.67,48.22,42.4,3.0,28,18.1,Good,10.33,0,15.78,Major Delay
Rural,Feeder Bus,7,4,Rain,0.59,27.32,78.68,27.43,25,12.61,Average,2.22,0,14.14,Moderate Delay
Urban,Local Bus,13,5,Clear,0.66,63.36,63.45,8.85,27,2.0,Good,0.0,0,4.13,On Time / Minor
Urban,Local Bus,14,0,Rain,6.69,86.31,41.29,8.7,10,7.07,Good,0.58,0,14.27,Moderate Delay
Urban,Express Bus,16,4,Clear,3.85,71.08,67.34,10.74,15,3.87,Average,9.52,0,13.64,Moderate Delay
Urban,Local Bus,16,1,Cloudy,2.59,52.78,66.73,19.91,20,18.67,Average,11.71,0,12.48,Moderate Delay
Urban,Local Bus,20,2,Heavy Rain,7.64,36.75,88.81,26.87,24,14.15,Good,0.52,0,24.81,Major Delay
Urban,Local Bus,14,0,Rain,1.56,55.94,81.94,23.84,21,10.5,Poor,2.75,0,19.57,Major Delay
Rural,Local Bus,17,0,Rain,1.69,74.56,44.19,11.11,13,8.97,Poor,10.41,0,23.3,Major Delay
Rural,Local Bus,21,5,Cloudy,0.73,53.34,64.81,3.21,16,16.99,Poor,7.18,0,19.11,Major Delay
Rural,Feeder Bus,6,5,Clear,8.55,45.62,64.6,11.51,17,7.08,Average,0.56,0,11.18,Moderate Delay
Urban,Local Bus,16,6,Cloudy,0.52,32.19,63.03,10.16,7,5.11,Good,0.0,0,8.24,Moderate Delay
Rural,Feeder Bus,11,4,Clear,7.69,100.0,51.9,4.13,29,4.68,Good,0.12,1,13.24,Moderate Delay
Urban,Express Bus,21,4,Cloudy,5.71,27.51,93.09,17.5,24,12.1,Poor,7.62,0,10.72,Moderate Delay
Urban,Local Bus,14,0,Cloudy,7.91,25.38,45.54,14.03,23,7.49,Poor,0.0,0,20.23,Major Delay
Rural,Local Bus,15,5,Cloudy,0.82,51.77,91.33,17.0,27,16.55,Average,4.38,0,17.51,Major Delay
Urban,Feeder Bus,18,1,Clear,2.97,43.36,29.5,18.39,19,11.47,Average,1.54,0,9.31,Moderate Delay
Urban,Express Bus,9,0,Clear,1.26,71.54,50.37,18.11,22,4.51,Good,0.0,0,13.22,Moderate Delay
Urban,Feeder Bus,14,5,Clear,11.71,72.31,73.29,13.61,25,10.26,Average,0.93,0,11.26,Moderate Delay
Urban,Local Bus,18,4,Clear,3.58,20.07,36.94,23.84,24,6.57,Good,7.74,0,14.78,Moderate Delay
Rural,Express Bus,18,1,Clear,1.78,30.62,43.3,11.06,27,10.79,Average,6.03,0,13.87,Moderate Delay
Urban,Express Bus,9,3,Clear,1.17,27.87,68.7,10.17,7,16.85,Average,8.54,0,11.16,Moderate Delay
Urban,Feeder Bus,20,4,Rain,4.02,66.04,23.43,12.61,32,10.61,Average,0.0,0,12.21,Moderate Delay
Urban,Local Bus,7,3,Clear,1.8,57.85,80.1,17.23,20,8.04,Average,0.0,1,16.87,Major Delay
Urban,Feeder Bus,9,5,Rain,2.06,39.46,87.57,18.09,28,13.58,Average,4.28,1,22.63,Major Delay
Rural,Local Bus,20,3,Clear,2.81,52.98,88.43,11.96,6,9.22,Good,3.3,0,8.08,Moderate Delay
Rural,Feeder Bus,16,2,Rain,17.82,22.1,64.51,12.08,19,14.02,Good,0.91,0,10.85,Moderate Delay
Rural,Local Bus,14,1,Rain,3.41,30.92,49.44,21.83,18,12.98,Good,0.0,0,16.8,Major Delay
Rural,Express Bus,15,1,Heavy Rain,1.71,18.1,50.75,6.15,11,6.07,Good,7.67,0,14.24,Moderate Delay
Urban,Local Bus,22,5,Rain,3.4,51.35,63.75,30.48,31,4.77,Good,0.0,0,24.18,Major Delay
Rural,Feeder Bus,9,2,Rain,1.36,51.26,60.59,12.2,19,9.48,Good,6.92,0,17.79,Major Delay
Urban,Local Bus,10,5,Clear,11.6,25.36,50.4,12.77,31,13.37,Average,6.69,0,16.45,Major Delay
Urban,Local Bus,13,2,Cloudy,6.49,57.69,89.68,16.22,18,19.97,Good,6.38,0,13.07,Moderate Delay
Urban,Express Bus,20,3,Clear,0.57,72.31,53.08,17.19,22,5.65,Average,3.03,0,9.66,Moderate Delay
Urban,Express Bus,14,4,Rain,6.43,24.3,86.75,10.07,22,6.25,Average,0.0,0,14.88,Moderate Delay
Rural,Local Bus,18,3,Rain,4.12,40.49,60.0,16.03,24,16.15,Good,0.0,0,14.5,Moderate Delay
Rural,Express Bus,19,5,Clear,5.4,59.81,58.76,8.4,23,12.21,Good,0.0,0,10.49,Moderate Delay
Rural,Local Bus,21,6,Cloudy,8.75,47.85,68.36,10.41,29,10.34,Good,12.6,0,16.65,Major Delay
Urban,Express Bus,13,6,Clear,0.93,16.44,68.1,4.37,11,14.6,Good,8.13,0,7.67,Moderate Delay
Urban,Express Bus,13,6,Cloudy,2.95,37.86,55.11,14.84,26,17.44,Average,2.44,0,15.42,Major Delay
Rural,Express Bus,6,0,Cloudy,5.13,37.1,69.29,12.94,29,16.42,Poor,0.28,0,15.46,Major Delay
Urban,Feeder Bus,6,5,Cloudy,7.94,44.08,71.75,3.0,29,7.72,Good,4.01,0,12.22,Moderate Delay
Urban,Local Bus,13,5,Rain,6.03,45.06,91.06,9.91,17,13.42,Good,7.58,0,19.04,Major Delay
Urban,Local Bus,18,2,Clear,2.84,84.02,59.43,13.83,17,16.88,Good,4.85,0,8.62,Moderate Delay
Rural,Express Bus,20,2,Rain,8.48,43.2,42.38,19.16,28,9.78,Good,0.0,0,14.34,Moderate Delay
Rural,Local Bus,12,0,Cloudy,2.58,8.48,44.45,6.31,20,13.1,Poor,10.53,1,19.74,Major Delay
Urban,Local Bus,15,5,Clear,2.1,50.1,100.0,12.19,5,8.3,Average,5.76,0,7.82,Moderate Delay
Urban,Express Bus,19,5,Clear,0.12,88.2,20.4,7.4,27,6.47,Average,0.82,0,7.1,Moderate Delay
Urban,Local Bus,10,0,Clear,0.72,44.16,34.2,18.35,28,13.31,Poor,5.12,1,19.62,Major Delay
Urban,Local Bus,7,4,Cloudy,2.61,37.92,58.52,9.99,20,15.86,Average,9.42,1,18.26,Major Delay
Urban,Feeder Bus,21,3,Rain,0.79,40.98,45.7,17.11,21,15.06,Good,5.28,0,14.15,Moderate Delay
Urban,Local Bus,14,1,Clear,0.27,61.44,74.38,11.85,20,4.56,Average,5.56,0,15.66,Major Delay
Urban,Local Bus,7,3,Clear,1.0,40.88,72.63,3.78,17,17.82,Average,11.02,0,24.11,Major Delay
Urban,Local Bus,9,5,Clear,12.63,13.14,47.31,13.58,25,14.17,Good,0.24,0,11.8,Moderate Delay
Urban,Local Bus,10,2,Clear,0.54,32.55,88.07,6.89,9,16.91,Average,0.0,0,17.69,Major Delay
Urban,Express Bus,8,5,Clear,7.57,46.51,35.93,20.72,13,6.63,Average,1.15,0,9.09,Moderate Delay
Urban,Express Bus,12,6,Cloudy,5.03,60.32,43.25,24.91,31,15.49,Good,7.71,0,13.81,Moderate Delay
Rural,Express Bus,19,3,Clear,2.98,34.6,89.45,17.83,29,14.49,Average,8.29,0,13.87,Moderate Delay
Urban,Local Bus,18,0,Rain,7.01,41.19,31.89,10.16,6,4.98,Good,4.31,0,10.17,Moderate Delay
Rural,Local Bus,21,2,Clear,3.54,49.03,64.94,14.13,10,13.51,Good,0.0,0,8.37,Moderate Delay
Urban,Local Bus,20,0,Cloudy,13.14,30.12,89.36,15.74,8,6.16,Good,12.4,0,17.77,Major Delay
Urban,Express Bus,10,2,Clear,3.86,45.89,10.0,20.51,33,11.4,Average,0.0,0,7.41,Moderate Delay
Urban,Express Bus,6,4,Clear,0.65,58.75,51.25,12.87,30,22.91,Poor,1.21,0,16.05,Major Delay
Urban,Local Bus,7,1,Clear,5.67,20.71,76.95,16.45,22,12.77,Average,0.0,0,16.33,Major Delay
Urban,Feeder Bus,19,3,Rain,3.47,55.05,52.6,3.93,25,10.76,Average,8.81,0,21.54,Major Delay
Rural,Express Bus,11,6,Heavy Rain,2.14,22.92,59.19,15.45,23,3.9,Good,2.61,0,17.13,Major Delay
Rural,Local Bus,17,1,Clear,5.25,23.38,61.76,8.84,30,12.78,Average,11.73,0,24.57,Major Delay
Urban,Express Bus,13,6,Cloudy,4.82,32.76,64.25,14.26,32,10.57,Good,7.5,0,7.97,Moderate Delay
Urban,Express Bus,21,2,Cloudy,2.47,79.4,41.88,7.77,34,2.0,Average,0.0,0,11.82,Moderate Delay
Rural,Local Bus,14,4,Clear,2.07,8.55,73.32,16.47,15,5.87,Average,1.92,0,10.46,Moderate Delay
Urban,Local Bus,21,1,Rain,5.28,37.33,63.1,17.83,15,15.78,Good,0.83,1,15.38,Major Delay
Urban,Express Bus,9,1,Clear,0.27,47.39,35.08,12.6,8,17.79,Poor,10.42,0,19.84,Major Delay
Rural,Feeder Bus,18,6,Rain,3.24,74.85,48.69,8.8,29,11.7,Good,7.73,0,22.86,Major Delay
Urban,Express Bus,14,4,Cloudy,11.59,92.8,29.74,17.44,17,16.39,Average,0.0,0,20.41,Major Delay
Urban,Express Bus,8,3,Clear,2.42,38.29,62.28,23.34,6,11.5,Average,6.13,0,11.39,Moderate Delay
Urban,Express Bus,9,3,Rain,1.67,60.41,67.81,25.53,29,7.56,Average,3.19,0,13.28,Moderate Delay
Urban,Local Bus,10,1,Clear,0.08,45.83,62.24,16.38,32,22.34,Average,0.0,0,16.33,Major Delay
Urban,Local Bus,7,6,Rain,10.95,45.68,69.0,15.67,30,4.28,Good,0.0,0,14.55,Moderate Delay
Rural,Local Bus,21,2,Rain,8.01,54.29,60.67,6.11,24,13.45,Poor,2.42,0,23.13,Major Delay
Urban,Feeder Bus,8,0,Cloudy,11.31,11.53,73.24,21.88,31,8.08,Average,0.0,0,17.28,Major Delay
Rural,Feeder Bus,15,6,Clear,8.29,46.9,55.44,3.0,32,10.3,Average,4.61,0,17.09,Major Delay
Rural,Feeder Bus,15,0,Clear,3.37,58.37,72.04,21.15,21,19.28,Average,3.92,0,21.08,Major Delay
Rural,Local Bus,14,6,Cloudy,1.69,28.23,32.28,14.16,21,11.56,Good,2.23,0,10.01,Moderate Delay
Urban,Local Bus,16,1,Cloudy,0.23,58.52,30.05,3.0,14,9.72,Average,3.68,0,11.53,Moderate Delay
Urban,Express Bus,21,0,Cloudy,2.38,8.25,59.73,16.02,23,8.61,Good,2.37,0,8.56,Moderate Delay
Urban,Local Bus,22,1,Clear,15.38,50.15,71.69,13.06,34,14.15,Average,0.0,0,13.16,Moderate Delay
Urban,Local Bus,20,4,Rain,2.34,78.87,52.46,11.31,32,6.6,Good,0.3,0,16.52,Major Delay
Rural,Express Bus,13,3,Rain,3.41,42.97,70.76,12.38,30,11.81,Average,0.0,0,14.53,Moderate Delay
Urban,Express Bus,18,1,Cloudy,0.86,25.5,64.2,13.89,14,10.66,Poor,6.65,0,17.48,Major Delay
Rural,Express Bus,8,2,Clear,0.48,15.22,17.02,13.87,27,7.42,Poor,0.0,0,8.3,Moderate Delay
Urban,Local Bus,20,1,Clear,7.47,56.98,100.0,5.15,15,4.18,Average,0.74,0,12.85,Moderate Delay
Urban,Local Bus,8,4,Clear,8.12,69.34,32.83,16.42,5,11.51,Average,3.63,0,17.06,Major Delay
Urban,Local Bus,7,6,Rain,1.18,46.71,39.11,11.72,30,9.47,Average,0.0,1,17.69,Major Delay
Rural,Local Bus,19,1,Rain,2.74,37.34,80.99,23.52,14,12.46,Good,1.22,0,16.03,Major Delay
Urban,Local Bus,18,6,Rain,3.06,3.59,58.39,19.16,33,2.0,Average,3.61,0,21.35,Major Delay
Urban,Local Bus,7,2,Clear,10.75,50.85,42.64,19.84,21,9.04,Average,4.27,0,18.49,Major Delay
Rural,Feeder Bus,22,0,Rain,2.3,32.15,48.61,25.17,25,15.6,Good,5.19,0,15.2,Major Delay
Urban,Local Bus,7,2,Rain,1.14,33.47,40.39,18.42,22,3.09,Average,0.0,0,19.82,Major Delay
Urban,Local Bus,5,6,Clear,8.35,85.18,41.99,13.12,17,20.71,Good,0.0,0,14.57,Moderate Delay
Urban,Local Bus,22,5,Clear,1.26,6.56,73.79,3.0,32,13.15,Average,1.1,0,10.61,Moderate Delay
Urban,Express Bus,9,5,Clear,5.95,9.64,48.04,15.45,8,10.62,Average,4.41,0,19.01,Major Delay
Urban,Local Bus,9,2,Cloudy,11.05,53.32,36.63,24.38,9,11.87,Poor,1.99,0,18.32,Major Delay
Urban,Local Bus,19,5,Clear,3.69,39.14,42.8,19.37,23,7.07,Good,0.0,0,14.04,Moderate Delay
Urban,Local Bus,15,4,Clear,1.88,36.07,54.89,10.95,34,18.42,Good,14.52,0,17.21,Major Delay
Urban,Local Bus,14,5,Cloudy,3.27,54.27,43.02,14.36,29,12.22,Average,0.0,0,8.6,Moderate Delay
Urban,Express Bus,22,3,Rain,15.66,53.89,51.84,10.66,26,11.66,Average,0.0,1,14.95,Moderate Delay
Urban,Local Bus,6,3,Rain,3.45,25.61,64.96,15.83,8,16.34,Good,0.0,0,19.15,Major Delay
Urban,Local Bus,21,6,Rain,6.46,34.39,48.38,10.94,6,13.26,Average,7.82,0,9.55,Moderate Delay
Urban,Express Bus,9,6,Rain,2.47,49.14,40.81,22.64,13,7.93,Poor,6.35,0,17.03,Major Delay
Urban,Local Bus,16,3,Cloudy,0.37,51.84,44.06,14.72,26,11.16,Average,12.42,1,20.11,Major Delay
Urban,Express Bus,10,1,Rain,8.33,59.11,85.84,15.55,8,14.16,Good,0.0,1,16.54,Major Delay
Urban,Local Bus,10,2,Clear,2.46,34.59,100.0,9.03,15,11.62,Good,1.99,0,22.39,Major Delay
Rural,Express Bus,10,3,Rain,9.2,55.98,58.92,11.49,15,4.59,Average,8.57,0,11.14,Moderate Delay
Rural,Local Bus,15,4,Rain,6.19,69.86,72.5,7.07,9,18.32,Average,0.0,0,14.63,Moderate Delay
Urban,Local Bus,20,2,Cloudy,4.85,49.08,39.2,22.5,22,12.12,Poor,9.3,0,20.52,Major Delay
Urban,Local Bus,7,0,Clear,11.77,45.63,46.2,10.92,12,9.34,Good,3.67,0,15.06,Major Delay
Urban,Feeder Bus,16,5,Clear,2.48,42.58,67.0,14.96,8,14.57,Average,0.0,0,11.98,Moderate Delay
Rural,Local Bus,20,6,Clear,8.16,33.8,10.73,4.71,17,8.85,Poor,0.0,0,15.32,Major Delay
Urban,Feeder Bus,18,0,Clear,3.48,26.43,73.45,6.61,19,3.66,Good,6.11,0,11.38,Moderate Delay
Urban,Feeder Bus,22,2,Clear,2.25,41.14,46.71,12.5,11,11.29,Poor,10.88,0,14.53,Moderate Delay
Urban,Local Bus,5,3,Clear,5.63,58.37,36.44,12.13,5,14.66,Average,5.2,0,9.48,Moderate Delay
Urban,Local Bus,11,5,Clear,1.94,27.55,65.76,15.47,7,9.95,Average,5.48,0,13.97,Moderate Delay
Urban,Local Bus,12,5,Rain,2.6,46.27,86.85,26.07,29,10.15,Good,4.82,0,11.37,Moderate Delay
Rural,Feeder Bus,14,2,Cloudy,4.18,43.6,51.74,3.0,29,10.37,Average,8.11,0,10.06,Moderate Delay
Rural,Express Bus,10,2,Rain,11.24,88.89,63.84,19.87,25,10.79,Poor,9.63,0,25.14,Major Delay
Urban,Local Bus,9,2,Clear,0.83,64.62,67.07,16.99,13,12.03,Good,0.0,0,11.94,Moderate Delay
Urban,Local Bus,20,1,Clear,2.13,64.25,62.8,10.29,24,15.29,Average,1.9,0,25.99,Major Delay
Urban,Feeder Bus,9,3,Clear,6.94,69.16,38.07,11.4,32,14.98,Good,0.41,0,13.18,Moderate Delay
Urban,Local Bus,22,1,Rain,1.79,35.45,62.47,20.72,30,21.46,Good,4.44,0,15.34,Major Delay
Urban,Local Bus,5,0,Clear,2.08,79.67,61.68,13.63,26,20.01,Average,1.52,0,21.3,Major Delay
Urban,Local Bus,12,4,Cloudy,3.33,51.66,10.0,12.07,9,6.99,Average,5.73,0,15.37,Major Delay
Rural,Local Bus,15,5,Clear,6.63,46.97,75.15,7.71,18,10.15,Good,5.17,0,12.46,Moderate Delay
Rural,Feeder Bus,22,2,Clear,4.73,20.06,27.93,8.98,34,14.9,Good,0.0,0,9.15,Moderate Delay
Urban,Express Bus,18,2,Clear,12.41,38.76,60.56,6.7,28,2.33,Good,0.0,0,15.55,Major Delay
Urban,Local Bus,5,2,Clear,4.14,7.38,88.36,19.31,6,12.86,Good,7.28,0,12.31,Moderate Delay
Urban,Local Bus,18,0,Clear,4.81,42.29,53.12,9.29,31,7.01,Good,0.0,1,15.79,Major Delay
Urban,Express Bus,10,3,Rain,3.47,34.75,37.08,6.84,18,11.02,Good,12.09,0,15.01,Major Delay
Urban,Local Bus,20,3,Clear,5.39,38.84,69.18,15.05,9,11.34,Average,7.76,0,22.97,Major Delay
Urban,Local Bus,18,6,Clear,2.29,16.12,86.04,9.1,5,2.43,Good,0.0,1,13.08,Moderate Delay
Urban,Local Bus,8,2,Clear,5.66,64.18,35.83,23.28,17,23.38,Poor,0.0,0,16.68,Major Delay
Rural,Express Bus,11,5,Heavy Rain,1.73,61.63,10.81,14.25,32,8.58,Good,4.7,0,15.78,Major Delay
Urban,Feeder Bus,19,2,Cloudy,10.44,86.86,81.65,15.23,23,18.47,Average,1.27,0,19.31,Major Delay
Urban,Express Bus,21,1,Cloudy,3.71,86.21,75.08,15.25,19,3.11,Good,2.63,1,12.18,Moderate Delay
Urban,Local Bus,15,2,Cloudy,14.39,51.59,65.7,17.43,20,8.0,Good,0.0,1,21.25,Major Delay
Rural,Express Bus,8,6,Rain,10.28,71.54,22.0,18.26,13,15.19,Average,5.23,0,13.87,Moderate Delay
Urban,Local Bus,12,1,Clear,4.95,54.01,69.95,14.18,5,9.99,Good,3.6,0,13.85,Moderate Delay
Urban,Feeder Bus,19,5,Rain,7.21,38.17,78.67,7.9,18,15.19,Good,7.28,0,24.36,Major Delay
Urban,Local Bus,15,4,Rain,5.78,41.6,100.0,13.08,10,14.37,Good,3.26,0,15.62,Major Delay
Urban,Local Bus,8,5,Clear,0.86,62.7,52.37,14.36,33,7.04,Average,0.36,0,18.03,Major Delay
Rural,Local Bus,10,5,Clear,4.74,100.0,61.18,4.21,12,17.31,Good,4.19,0,12.3,Moderate Delay
Urban,Local Bus,8,3,Cloudy,4.5,74.84,14.95,3.0,11,14.06,Good,5.31,0,12.12,Moderate Delay
Rural,Local Bus,13,4,Clear,3.44,53.67,77.37,6.72,18,3.95,Good,3.51,0,13.1,Moderate Delay
Urban,Express Bus,13,0,Clear,6.23,59.13,76.88,3.0,15,11.69,Average,9.64,0,13.49,Moderate Delay
Urban,Express Bus,14,4,Clear,4.86,58.92,66.08,11.08,23,14.43,Poor,0.0,0,17.88,Major Delay
Urban,Feeder Bus,22,4,Clear,5.19,45.92,81.75,9.36,5,10.67,Good,8.04,0,10.85,Moderate Delay
Urban,Local Bus,16,0,Rain,13.78,65.4,42.36,14.53,34,11.41,Good,0.0,0,16.2,Major Delay
Urban,Local Bus,15,3,Clear,4.17,44.42,53.64,18.26,11,13.6,Average,6.76,0,11.61,Moderate Delay
Urban,Local Bus,11,3,Cloudy,3.68,24.74,54.42,15.74,24,3.0,Poor,0.0,1,21.42,Major Delay
Urban,Local Bus,16,2,Clear,14.01,59.08,79.98,16.61,31,10.16,Good,2.0,0,14.76,Moderate Delay
Rural,Local Bus,22,0,Clear,6.95,62.15,80.43,19.68,6,9.29,Average,8.27,0,12.09,Moderate Delay
Rural,Feeder Bus,5,0,Clear,4.96,44.65,64.35,12.04,19,14.94,Average,1.43,0,9.38,Moderate Delay
Urban,Feeder Bus,11,1,Rain,1.98,55.13,63.31,3.0,22,8.35,Good,2.98,0,12.04,Moderate Delay
Urban,Local Bus,6,1,Clear,14.26,70.1,69.02,3.53,7,20.9,Average,4.82,0,19.24,Major Delay
Rural,Express Bus,8,1,Cloudy,9.69,46.81,51.27,16.99,24,8.23,Average,0.0,0,12.06,Moderate Delay
Urban,Express Bus,6,4,Rain,1.8,37.72,85.23,15.18,29,5.53,Good,4.91,0,25.0,Major Delay
Rural,Local Bus,15,2,Cloudy,0.53,31.69,48.96,18.17,8,17.29,Good,0.0,0,7.4,Moderate Delay
Urban,Express Bus,19,0,Clear,2.98,42.16,66.59,31.05,30,14.13,Good,8.11,0,8.03,Moderate Delay
Rural,Local Bus,21,0,Clear,1.33,83.3,46.07,15.32,19,13.06,Good,2.88,0,11.86,Moderate Delay
Urban,Local Bus,9,4,Cloudy,3.34,43.44,76.94,13.43,34,9.91,Average,4.72,0,26.79,Major Delay
Urban,Feeder Bus,17,6,Rain,7.84,56.27,56.01,16.08,13,9.36,Average,0.0,0,18.14,Major Delay
Urban,Express Bus,10,5,Rain,9.64,40.54,99.33,6.86,6,13.42,Average,7.31,0,18.25,Major Delay
Urban,Local Bus,10,5,Cloudy,0.45,38.56,55.47,18.53,24,8.28,Average,3.15,0,13.88,Moderate Delay
Rural,Local Bus,15,2,Clear,0.78,27.78,76.75,12.97,18,20.02,Good,0.0,0,10.27,Moderate Delay
Rural,Feeder Bus,17,4,Rain,1.27,50.31,45.39,24.1,24,12.31,Good,0.71,0,18.49,Major Delay
Urban,Local Bus,15,0,Cloudy,4.67,36.11,51.86,4.4,31,9.76,Average,6.6,0,13.38,Moderate Delay
Urban,Feeder Bus,6,1,Heavy Rain,10.2,77.29,57.16,14.03,30,9.05,Good,3.91,0,21.48,Major Delay
Urban,Feeder Bus,12,0,Rain,3.7,45.53,65.03,10.23,8,5.03,Good,6.79,0,14.79,Moderate Delay
Urban,Local Bus,10,1,Clear,0.42,46.98,43.07,7.6,7,14.65,Average,1.42,0,14.15,Moderate Delay
Urban,Express Bus,5,2,Cloudy,5.23,43.86,46.58,17.74,15,7.16,Average,9.29,0,10.84,Moderate Delay
Rural,Express Bus,5,0,Cloudy,2.45,56.53,59.79,12.09,8,10.36,Good,10.28,0,5.47,Moderate Delay
Rural,Express Bus,13,5,Clear,2.49,82.29,65.97,21.98,32,23.74,Average,0.0,0,14.36,Moderate Delay
Urban,Local Bus,6,5,Cloudy,4.63,24.09,57.27,10.81,21,2.0,Good,6.17,0,11.44,Moderate Delay
Urban,Local Bus,18,4,Clear,6.46,54.39,54.41,11.64,7,10.5,Average,10.8,0,21.09,Major Delay
Urban,Local Bus,6,1,Clear,9.28,11.92,31.45,26.09,21,4.16,Average,5.62,0,10.48,Moderate Delay
Urban,Express Bus,9,6,Rain,10.44,76.13,68.01,5.89,26,8.31,Average,3.02,0,19.26,Major Delay
Urban,Express Bus,22,0,Clear,8.26,45.51,74.86,9.3,28,10.29,Good,0.0,0,11.99,Moderate Delay
Urban,Express Bus,17,6,Rain,7.47,13.62,77.22,3.0,33,4.48,Average,1.68,0,18.81,Major Delay
Urban,Express Bus,15,5,Clear,0.71,18.66,61.0,11.32,23,13.05,Good,0.68,0,2.64,On Time / Minor
Urban,Local Bus,5,1,Rain,6.96,66.72,45.93,18.14,23,18.34,Average,7.63,0,20.41,Major Delay
Rural,Local Bus,5,1,Rain,3.41,9.71,51.56,16.46,6,12.66,Poor,8.21,0,10.44,Moderate Delay
Urban,Express Bus,21,4,Rain,10.31,54.4,61.09,14.87,31,15.2,Good,2.4,0,13.93,Moderate Delay
Urban,Local Bus,19,5,Clear,2.27,38.14,57.62,8.74,28,19.12,Average,0.0,0,18.79,Major Delay
Urban,Express Bus,22,3,Heavy Rain,3.14,43.52,41.1,12.86,28,14.04,Good,0.0,0,23.87,Major Delay
Rural,Local Bus,19,0,Clear,1.95,32.5,24.35,11.61,34,2.0,Average,6.17,0,10.71,Moderate Delay
Urban,Local Bus,5,3,Rain,2.37,26.08,46.89,13.97,29,11.9,Average,5.75,0,14.29,Moderate Delay
Urban,Feeder Bus,19,3,Clear,12.16,36.79,52.46,15.05,17,2.0,Average,0.0,0,7.05,Moderate Delay
Urban,Local Bus,13,2,Clear,2.05,61.16,64.18,11.9,23,7.39,Average,5.83,0,13.18,Moderate Delay
Urban,Local Bus,17,6,Cloudy,4.26,41.27,49.81,14.14,31,3.51,Poor,7.59,0,27.85,Major Delay
Urban,Express Bus,12,2,Clear,2.27,57.69,52.97,13.41,7,12.36,Average,0.0,1,6.93,Moderate Delay
Rural,Express Bus,17,1,Clear,4.25,42.43,60.23,9.95,9,6.51,Poor,0.0,0,2.09,On Time / Minor
Urban,Feeder Bus,20,4,Clear,5.24,62.06,89.33,14.48,16,12.5,Good,15.67,0,21.17,Major Delay
Urban,Feeder Bus,22,4,Clear,6.88,57.54,54.67,6.34,24,14.91,Poor,3.61,0,20.44,Major Delay
Urban,Express Bus,14,4,Heavy Rain,3.87,35.56,27.03,15.09,30,6.21,Good,14.73,0,18.53,Major Delay
Rural,Local Bus,10,3,Cloudy,13.1,26.07,44.31,7.34,14,12.26,Good,4.47,0,13.56,Moderate Delay
Rural,Local Bus,16,2,Clear,0.52,69.98,94.16,13.85,11,2.0,Good,8.87,0,16.55,Major Delay
Rural,Feeder Bus,13,1,Rain,1.96,29.29,86.68,16.79,10,3.54,Good,1.84,0,14.83,Moderate Delay
Urban,Local Bus,8,0,Cloudy,1.86,59.52,76.79,8.44,14,17.34,Average,0.04,0,13.75,Moderate Delay
Rural,Feeder Bus,18,1,Rain,1.39,48.72,72.03,20.2,6,6.59,Good,0.0,1,11.35,Moderate Delay
Rural,Express Bus,6,4,Cloudy,6.41,37.35,72.26,24.73,20,8.37,Average,6.1,0,7.79,Moderate Delay
Urban,Local Bus,12,2,Clear,1.88,57.88,53.22,10.1,30,6.91,Good,0.0,0,10.35,Moderate Delay
Urban,Local Bus,17,5,Clear,4.78,79.46,75.35,13.13,17,2.33,Good,0.0,0,17.66,Major Delay
Rural,Express Bus,21,5,Rain,13.37,62.39,76.12,21.27,19,5.83,Poor,0.0,0,20.25,Major Delay
Urban,Local Bus,16,3,Rain,0.05,50.97,74.89,3.21,29,10.97,Average,3.6,0,18.34,Major Delay
Urban,Local Bus,22,0,Rain,6.12,85.29,46.03,14.2,5,9.07,Good,7.25,1,19.7,Major Delay
Urban,Express Bus,19,0,Clear,8.87,9.49,51.51,12.19,34,16.37,Average,2.26,1,15.68,Major Delay
Urban,Local Bus,9,1,Rain,2.17,22.42,45.16,19.4,11,7.91,Poor,1.82,0,15.01,Major Delay
Urban,Local Bus,20,1,Clear,5.36,37.32,77.94,12.53,8,10.94,Good,11.11,0,12.57,Moderate Delay
Urban,Express Bus,11,0,Cloudy,5.13,80.64,64.06,16.71,22,8.28,Good,0.0,1,14.38,Moderate Delay
Rural,Express Bus,16,5,Clear,13.21,69.69,65.84,9.06,5,15.67,Poor,12.52,1,21.44,Major Delay
Urban,Local Bus,8,2,Rain,4.75,8.53,69.51,19.71,18,3.83,Good,0.0,0,15.93,Major Delay
Urban,Feeder Bus,14,5,Heavy Rain,1.24,37.96,29.76,7.27,28,13.39,Good,2.88,0,17.48,Major Delay
Urban,Feeder Bus,17,1,Clear,8.38,17.55,75.64,19.22,25,13.02,Good,5.33,0,18.89,Major Delay
Urban,Local Bus,21,0,Rain,8.24,47.07,47.18,14.46,7,6.89,Good,8.38,0,20.39,Major Delay
Rural,Local Bus,21,0,Cloudy,1.08,68.74,49.0,3.0,26,10.5,Poor,0.0,0,11.83,Moderate Delay
Urban,Express Bus,19,3,Clear,9.17,70.44,41.29,14.38,12,12.93,Poor,4.32,0,12.0,Moderate Delay
Urban,Local Bus,15,3,Clear,5.98,54.16,59.6,17.64,10,7.54,Average,0.42,0,7.51,Moderate Delay
Urban,Feeder Bus,20,3,Rain,2.0,38.22,56.66,6.62,15,7.44,Average,8.46,1,23.9,Major Delay
Rural,Express Bus,6,6,Clear,1.06,45.81,30.18,8.92,18,4.85,Average,0.35,0,7.22,Moderate Delay
Urban,Local Bus,22,4,Clear,8.9,63.72,22.22,14.53,13,21.11,Average,0.0,0,13.18,Moderate Delay
Rural,Express Bus,8,5,Rain,5.99,100.0,53.95,10.93,20,8.67,Average,5.32,0,20.38,Major Delay
Urban,Local Bus,12,0,Cloudy,2.28,20.74,74.28,15.98,24,4.87,Poor,3.34,0,16.43,Major Delay
Urban,Feeder Bus,21,3,Rain,2.91,84.54,72.35,12.74,7,2.16,Good,12.37,0,14.8,Moderate Delay
Rural,Local Bus,17,4,Cloudy,6.64,53.61,78.01,6.08,13,6.99,Good,8.3,0,12.07,Moderate Delay
Urban,Feeder Bus,20,4,Cloudy,8.76,66.87,54.04,27.97,14,12.33,Average,0.0,0,13.61,Moderate Delay
Urban,Local Bus,17,6,Rain,1.26,52.26,50.93,11.96,23,9.72,Average,8.36,0,23.01,Major Delay
Urban,Express Bus,15,3,Clear,5.58,80.3,55.78,14.75,12,12.75,Good,3.98,0,5.23,Moderate Delay
Rural,Feeder Bus,8,2,Clear,0.24,55.58,74.09,24.63,25,14.58,Good,7.06,0,12.68,Moderate Delay
Rural,Local Bus,22,6,Cloudy,1.44,33.08,90.25,19.18,26,10.25,Average,0.0,0,7.13,Moderate Delay
Rural,Local Bus,16,2,Heavy Rain,1.37,58.35,48.79,17.29,5,10.36,Average,1.6,0,21.27,Major Delay
Urban,Feeder Bus,17,3,Clear,3.64,73.92,52.68,20.35,23,18.83,Poor,6.75,0,13.94,Moderate Delay
Rural,Feeder Bus,12,0,Heavy Rain,3.93,48.0,58.62,17.31,16,14.68,Average,7.15,0,14.2,Moderate Delay
Rural,Local Bus,22,1,Rain,2.79,0.3,52.69,17.31,13,12.92,Average,0.0,0,15.25,Major Delay
Urban,Local Bus,13,0,Clear,8.57,45.36,46.39,17.4,6,9.28,Average,6.39,0,10.55,Moderate Delay
Urban,Feeder Bus,8,2,Clear,0.27,50.26,55.49,12.99,19,14.38,Average,0.0,0,7.98,Moderate Delay
Rural,Local Bus,8,6,Clear,1.3,46.97,42.19,20.45,27,12.76,Good,4.67,0,15.26,Major Delay
Urban,Express Bus,17,0,Cloudy,3.16,36.6,72.51,18.05,9,12.57,Good,0.0,0,11.1,Moderate Delay
Urban,Local Bus,18,6,Clear,10.2,78.43,87.48,3.0,6,14.59,Good,7.92,0,24.94,Major Delay
Rural,Local Bus,8,6,Clear,1.99,0.0,52.32,19.1,9,12.63,Poor,6.88,0,10.25,Moderate Delay
Urban,Feeder Bus,17,0,Clear,1.13,50.16,91.26,9.24,30,3.4,Poor,0.0,0,15.47,Major Delay
Urban,Local Bus,22,0,Heavy Rain,0.14,50.48,55.84,15.46,11,11.27,Good,5.51,0,16.47,Major Delay
Urban,Feeder Bus,14,6,Clear,0.96,96.18,44.05,3.97,30,5.42,Average,3.32,0,19.22,Major Delay
Urban,Express Bus,22,4,Clear,0.18,47.67,71.73,10.5,10,14.17,Average,6.52,0,5.39,Moderate Delay
Rural,Local Bus,7,1,Clear,1.83,58.25,39.52,11.81,20,3.16,Good,0.0,0,10.55,Moderate Delay
Urban,Local Bus,12,6,Clear,6.29,50.88,70.48,17.22,18,10.84,Good,0.0,0,13.27,Moderate Delay
Urban,Local Bus,15,3,Clear,5.32,50.17,63.08,10.47,33,11.29,Poor,0.0,0,22.03,Major Delay
Rural,Feeder Bus,11,4,Rain,6.59,88.55,49.93,3.0,13,5.27,Good,3.24,0,11.73,Moderate Delay
Urban,Express Bus,6,4,Cloudy,0.74,22.43,47.81,11.06,15,10.59,Average,11.66,0,12.85,Moderate Delay
Rural,Express Bus,13,1,Clear,0.41,32.65,40.54,11.72,18,14.84,Average,4.36,0,7.24,Moderate Delay
Urban,Local Bus,11,2,Rain,5.05,65.35,78.63,17.8,14,8.22,Average,8.23,0,14.62,Moderate Delay
Urban,Local Bus,8,0,Clear,7.96,53.91,53.55,14.89,10,12.45,Average,0.0,1,16.66,Major Delay
Urban,Local Bus,11,3,Rain,3.64,41.49,64.22,9.4,8,13.54,Average,0.64,0,14.81,Moderate Delay
Urban,Express Bus,12,6,Clear,5.43,46.38,57.78,15.66,22,5.66,Poor,0.12,0,14.86,Moderate Delay
Rural,Local Bus,20,4,Rain,3.39,69.02,53.76,25.0,26,11.21,Good,2.51,0,23.83,Major Delay
Rural,Local Bus,13,4,Heavy Rain,2.16,59.16,64.53,21.02,10,9.95,Good,6.83,0,20.13,Major Delay
Rural,Local Bus,12,1,Rain,2.6,31.6,68.24,3.0,17,10.93,Good,1.82,0,14.28,Moderate Delay
Urban,Local Bus,12,3,Clear,7.84,53.47,60.77,28.85,26,2.98,Average,1.99,1,17.9,Major Delay
Rural,Express Bus,15,6,Cloudy,3.33,46.85,54.22,21.1,34,3.96,Average,6.4,0,9.36,Moderate Delay
Urban,Express Bus,9,0,Rain,7.77,58.82,36.27,23.51,8,17.1,Average,0.97,0,17.09,Major Delay
Rural,Feeder Bus,20,1,Cloudy,4.22,40.62,45.93,4.88,31,14.78,Good,0.0,0,10.96,Moderate Delay
Urban,Local Bus,12,5,Clear,1.8,20.21,51.88,11.51,16,12.1,Average,1.82,0,13.1,Moderate Delay
Rural,Express Bus,12,0,Clear,5.75,63.46,58.32,17.53,20,15.51,Poor,12.62,0,15.32,Major Delay
Urban,Local Bus,6,1,Clear,3.45,60.62,23.22,7.27,6,4.37,Average,7.9,0,11.61,Moderate Delay
Urban,Feeder Bus,20,6,Clear,9.44,80.55,70.39,17.17,18,9.87,Average,12.99,0,24.43,Major Delay
Rural,Express Bus,13,0,Clear,1.35,17.73,64.42,23.8,13,9.39,Average,0.0,0,4.09,On Time / Minor
Urban,Local Bus,7,3,Cloudy,0.18,46.38,46.36,12.0,12,7.15,Average,5.45,0,16.75,Major Delay
Urban,Feeder Bus,8,2,Clear,6.32,42.7,39.67,24.22,31,5.33,Good,1.64,1,13.11,Moderate Delay
Rural,Local Bus,11,2,Clear,11.22,38.89,44.27,18.21,9,17.58,Average,1.94,0,14.47,Moderate Delay
Urban,Local Bus,19,1,Clear,7.94,12.56,31.53,3.0,12,7.85,Good,0.0,0,6.08,Moderate Delay
Urban,Local Bus,6,1,Heavy Rain,12.02,23.48,51.21,8.79,12,13.25,Good,10.0,0,18.61,Major Delay
Urban,Local Bus,7,5,Cloudy,14.23,54.22,54.41,20.65,28,12.66,Average,0.0,0,13.65,Moderate Delay
Urban,Feeder Bus,15,0,Cloudy,2.97,36.51,76.37,7.81,21,16.23,Good,7.95,0,19.76,Major Delay
Urban,Express Bus,13,0,Rain,1.02,28.99,67.49,20.48,18,14.67,Good,1.53,0,16.32,Major Delay
Rural,Express Bus,22,1,Cloudy,0.01,80.9,82.94,17.67,9,9.46,Average,0.0,0,8.82,Moderate Delay
Rural,Feeder Bus,18,5,Clear,6.06,100.0,60.24,15.87,16,4.67,Average,0.0,0,10.67,Moderate Delay
Urban,Express Bus,16,2,Cloudy,0.26,46.7,39.78,10.54,31,15.46,Good,3.75,0,9.71,Moderate Delay
Rural,Local Bus,11,0,Clear,4.67,13.45,92.81,15.81,19,17.11,Good,1.67,0,14.39,Moderate Delay
Urban,Local Bus,16,3,Cloudy,6.46,57.12,51.63,24.09,34,23.32,Average,3.52,0,17.71,Major Delay
Rural,Local Bus,15,4,Clear,3.79,0.04,27.09,11.66,6,15.89,Average,0.0,0,6.61,Moderate Delay
Urban,Feeder Bus,10,3,Rain,2.54,16.95,62.41,17.66,12,7.81,Average,0.0,0,18.63,Major Delay
Urban,Feeder Bus,11,0,Cloudy,1.26,57.51,26.2,26.04,9,8.46,Average,0.0,0,10.97,Moderate Delay
Rural,Express Bus,21,6,Clear,12.71,16.17,56.31,15.57,24,2.0,Average,7.51,1,9.66,Moderate Delay
Rural,Local Bus,14,6,Cloudy,1.25,41.19,48.49,11.06,8,6.94,Good,10.74,0,4.31,On Time / Minor
Urban,Local Bus,13,6,Clear,2.56,13.88,68.47,10.99,17,4.66,Average,2.18,0,19.38,Major Delay
Urban,Feeder Bus,19,6,Clear,2.23,49.29,77.07,3.0,6,13.94,Good,7.22,0,13.66,Moderate Delay
Urban,Local Bus,9,2,Rain,6.84,73.83,51.5,6.73,20,15.79,Good,5.23,0,11.45,Moderate Delay
Urban,Express Bus,8,2,Rain,4.21,33.9,50.08,16.03,10,22.29,Poor,9.34,0,20.2,Major Delay
Urban,Local Bus,22,6,Rain,0.63,47.55,73.16,19.82,28,26.44,Poor,9.53,0,17.39,Major Delay
Urban,Local Bus,19,3,Clear,7.51,29.24,42.66,11.44,18,12.24,Good,0.0,1,19.49,Major Delay
Urban,Express Bus,12,6,Clear,1.25,30.85,59.29,19.74,23,8.09,Good,4.46,0,13.6,Moderate Delay
Urban,Feeder Bus,22,4,Clear,4.76,28.88,68.83,19.36,10,9.04,Poor,7.78,0,14.09,Moderate Delay
Urban,Express Bus,11,6,Cloudy,11.79,66.08,42.19,9.38,24,7.54,Good,7.8,0,8.77,Moderate Delay
Urban,Local Bus,17,0,Cloudy,1.68,15.49,51.99,10.43,6,22.72,Poor,7.33,0,19.51,Major Delay
Rural,Local Bus,5,4,Clear,1.8,40.37,60.02,5.92,9,2.0,Good,3.34,0,14.28,Moderate Delay
Urban,Feeder Bus,17,5,Clear,2.97,57.43,84.61,18.46,29,19.1,Good,6.88,0,16.82,Major Delay
Rural,Express Bus,8,1,Clear,3.09,68.93,33.81,14.02,12,6.33,Good,0.0,0,7.62,Moderate Delay
Urban,Local Bus,9,5,Clear,4.38,58.13,55.02,19.33,27,9.04,Average,0.0,0,13.26,Moderate Delay
Urban,Express Bus,19,1,Clear,5.84,46.33,85.07,13.64,30,2.0,Good,11.04,0,14.08,Moderate Delay
Rural,Local Bus,8,6,Clear,1.15,34.92,77.43,8.36,8,16.27,Good,8.94,0,13.93,Moderate Delay
Urban,Local Bus,13,6,Clear,3.46,69.28,52.49,18.68,34,14.97,Poor,11.41,0,18.92,Major Delay
Urban,Feeder Bus,21,0,Clear,0.91,28.05,56.57,3.0,29,5.53,Good,2.73,0,8.22,Moderate Delay
Urban,Express Bus,22,3,Clear,6.58,28.4,67.19,11.98,21,16.54,Average,0.0,0,17.14,Major Delay
Urban,Local Bus,12,2,Cloudy,9.09,79.11,67.6,9.35,14,15.57,Good,2.57,0,14.4,Moderate Delay
Urban,Local Bus,6,6,Rain,2.2,56.29,85.56,23.15,11,8.35,Average,13.19,0,17.42,Major Delay
Urban,Feeder Bus,10,2,Clear,4.01,57.1,80.63,24.5,11,2.0,Good,0.0,0,12.69,Moderate Delay
Urban,Express Bus,16,5,Clear,11.25,61.77,30.35,16.54,20,9.9,Average,2.63,0,11.98,Moderate Delay
Urban,Express Bus,11,0,Cloudy,5.05,45.82,26.1,10.53,9,16.21,Average,9.59,0,11.46,Moderate Delay
Urban,Local Bus,17,1,Clear,0.91,14.93,47.13,24.33,19,6.43,Poor,3.9,0,11.47,Moderate Delay
Urban,Feeder Bus,22,6,Clear,0.36,53.78,20.95,9.81,20,16.41,Poor,1.56,0,14.42,Moderate Delay
Rural,Feeder Bus,16,2,Clear,1.41,47.58,84.25,5.7,24,6.7,Good,7.28,1,16.21,Major Delay
Urban,Local Bus,16,5,Clear,2.72,28.24,28.08,3.0,5,10.55,Good,1.12,0,10.22,Moderate Delay
Urban,Local Bus,14,6,Rain,7.31,22.95,52.02,14.61,14,7.32,Good,5.89,0,15.1,Major Delay
Urban,Express Bus,8,6,Rain,2.46,46.93,40.58,3.71,9,11.78,Average,0.0,0,15.14,Major Delay
Urban,Feeder Bus,15,0,Clear,0.82,16.77,26.26,22.51,31,15.11,Good,0.0,0,5.18,Moderate Delay
Urban,Express Bus,21,1,Clear,2.62,44.7,81.62,10.52,30,19.15,Average,2.33,0,23.13,Major Delay
Urban,Feeder Bus,17,5,Heavy Rain,2.79,41.93,46.47,6.28,34,12.04,Poor,10.17,0,28.74,Major Delay
Urban,Express Bus,18,6,Cloudy,1.49,45.26,96.14,20.69,32,3.21,Good,2.68,0,16.71,Major Delay
Rural,Local Bus,20,6,Heavy Rain,2.48,57.26,86.11,19.26,32,14.16,Good,3.24,0,25.42,Major Delay
Rural,Local Bus,11,5,Rain,4.06,62.3,57.94,23.98,14,9.51,Average,4.75,0,15.48,Major Delay
Urban,Feeder Bus,11,0,Clear,0.28,31.64,16.1,3.8,34,9.4,Good,1.44,0,6.9,Moderate Delay
Urban,Local Bus,22,5,Clear,2.79,68.01,51.2,3.0,5,11.53,Good,0.0,0,10.99,Moderate Delay
Urban,Local Bus,13,1,Clear,21.3,42.95,100.0,23.36,9,13.8,Good,6.94,1,13.88,Moderate Delay
Rural,Express Bus,18,5,Rain,4.88,88.33,66.56,3.0,13,8.93,Poor,4.83,0,15.11,Major Delay
Rural,Local Bus,16,3,Clear,7.41,34.54,54.65,6.71,12,13.9,Average,5.21,0,20.28,Major Delay
Urban,Feeder Bus,7,1,Cloudy,11.17,10.94,45.77,14.33,28,13.02,Good,0.0,0,15.29,Major Delay
Urban,Local Bus,10,5,Cloudy,12.96,67.17,75.74,6.02,27,13.91,Good,11.13,0,20.69,Major Delay
Urban,Local Bus,10,6,Rain,1.85,57.79,65.39,15.27,9,15.4,Average,1.35,0,18.69,Major Delay
Rural,Local Bus,8,3,Rain,0.33,75.64,63.68,7.11,18,2.0,Good,10.65,0,21.09,Major Delay
Rural,Express Bus,19,5,Clear,8.52,55.12,80.72,21.74,7,9.04,Poor,0.0,0,13.55,Moderate Delay
Urban,Express Bus,22,0,Clear,2.76,100.0,79.65,18.31,33,10.24,Average,1.37,0,13.38,Moderate Delay
Urban,Local Bus,22,1,Cloudy,2.92,43.66,66.74,15.65,26,9.75,Poor,11.11,0,24.25,Major Delay
Urban,Local Bus,8,0,Rain,5.77,72.06,26.26,11.87,9,6.67,Average,2.79,0,14.13,Moderate Delay
Rural,Local Bus,13,1,Rain,3.52,35.91,38.35,7.8,28,7.74,Poor,0.0,0,21.59,Major Delay
Rural,Express Bus,9,2,Cloudy,4.44,59.31,45.67,13.19,14,13.61,Average,0.0,1,14.51,Moderate Delay
Urban,Feeder Bus,6,3,Rain,4.81,63.59,57.25,6.61,11,13.3,Average,4.9,0,17.89,Major Delay
Urban,Express Bus,16,2,Clear,8.62,67.15,87.98,25.5,24,11.16,Good,10.68,0,12.79,Moderate Delay
Urban,Local Bus,20,3,Clear,5.29,65.86,99.05,15.92,11,5.98,Average,2.06,0,13.01,Moderate Delay
Urban,Express Bus,6,1,Rain,0.88,0.0,65.83,8.78,17,15.3,Average,8.98,0,11.75,Moderate Delay
Rural,Local Bus,16,2,Cloudy,0.85,46.42,69.0,23.4,31,14.94,Average,5.47,0,16.33,Major Delay
Urban,Local Bus,5,5,Rain,1.66,34.77,27.78,13.72,15,16.56,Average,1.44,0,11.62,Moderate Delay
Rural,Local Bus,20,3,Clear,5.02,39.31,49.54,22.39,9,7.09,Good,7.44,0,8.77,Moderate Delay
Urban,Local Bus,6,0,Cloudy,0.99,41.48,46.94,22.21,21,29.14,Good,8.3,0,16.91,Major Delay
Urban,Local Bus,12,2,Clear,0.99,70.48,45.27,16.62,9,12.1,Good,2.06,0,12.94,Moderate Delay
Urban,Express Bus,7,5,Clear,4.68,52.66,69.59,6.38,29,7.21,Good,0.0,0,8.53,Moderate Delay
Urban,Local Bus,12,1,Clear,1.84,36.33,48.98,10.52,27,22.89,Average,0.0,0,18.4,Major Delay
Urban,Express Bus,12,6,Rain,12.12,14.23,20.1,35.0,17,14.74,Poor,5.59,1,20.59,Major Delay
Urban,Feeder Bus,14,2,Clear,1.96,83.26,74.85,10.69,21,12.01,Average,0.62,0,14.31,Moderate Delay
Urban,Express Bus,19,4,Clear,6.78,33.11,82.07,12.46,6,12.62,Poor,6.11,1,12.51,Moderate Delay
Urban,Local Bus,22,3,Clear,3.01,44.99,63.77,11.17,24,17.41,Poor,4.96,0,13.3,Moderate Delay
Urban,Express Bus,11,4,Clear,0.73,97.19,54.64,8.36,28,12.26,Good,5.26,0,11.77,Moderate Delay
Urban,Local Bus,21,5,Cloudy,1.88,33.74,40.01,18.22,32,2.38,Average,2.68,0,17.42,Major Delay
Rural,Local Bus,12,1,Cloudy,3.24,41.66,41.25,5.97,26,10.91,Good,0.0,0,12.0,Moderate Delay
Rural,Local Bus,7,2,Cloudy,1.92,53.34,79.42,9.02,13,15.5,Poor,5.86,0,15.34,Major Delay
Urban,Feeder Bus,15,3,Clear,11.02,11.06,43.03,15.85,20,10.76,Average,7.69,0,17.21,Major Delay
Rural,Feeder Bus,18,1,Clear,1.17,8.4,98.25,12.5,14,6.07,Good,15.13,0,13.92,Moderate Delay
Rural,Feeder Bus,10,2,Clear,2.21,36.92,76.99,14.98,23,10.82,Good,0.53,0,15.21,Major Delay
Rural,Express Bus,15,6,Cloudy,5.23,37.72,64.79,13.81,31,15.32,Average,0.0,0,10.75,Moderate Delay
Urban,Local Bus,12,1,Rain,15.27,51.09,100.0,6.97,16,17.38,Good,0.0,0,11.45,Moderate Delay
Urban,Feeder Bus,7,1,Clear,5.95,25.51,83.51,22.79,28,5.45,Good,3.25,0,7.42,Moderate Delay
Urban,Feeder Bus,11,4,Heavy Rain,4.93,57.98,49.39,20.86,8,5.11,Poor,7.51,0,18.74,Major Delay
Rural,Local Bus,12,0,Clear,7.61,0.0,37.53,8.27,26,10.71,Good,7.95,0,11.85,Moderate Delay
Rural,Feeder Bus,11,0,Rain,9.49,46.38,49.52,16.86,28,7.54,Average,11.34,0,18.7,Major Delay
Urban,Feeder Bus,21,6,Rain,11.22,56.28,55.95,11.06,28,8.11,Average,5.43,0,24.63,Major Delay
Urban,Local Bus,11,1,Cloudy,5.94,55.55,42.83,20.5,16,9.66,Good,0.0,0,11.3,Moderate Delay
Rural,Local Bus,16,0,Cloudy,4.3,44.26,35.51,19.15,27,14.83,Good,4.7,0,11.73,Moderate Delay
Rural,Local Bus,5,4,Clear,1.23,32.81,62.71,21.54,34,6.78,Good,0.0,1,10.09,Moderate Delay
Urban,Express Bus,10,3,Rain,4.62,43.59,75.76,8.32,6,5.17,Poor,1.77,0,21.01,Major Delay
Urban,Local Bus,20,3,Clear,13.02,76.38,95.15,5.87,34,7.3,Average,1.38,0,25.73,Major Delay
Urban,Local Bus,21,3,Cloudy,0.06,34.21,59.53,3.0,15,3.44,Good,5.8,0,10.38,Moderate Delay
Urban,Express Bus,22,1,Clear,10.25,70.5,70.05,30.05,14,11.26,Average,5.7,0,12.2,Moderate Delay
Urban,Feeder Bus,6,6,Clear,4.28,74.16,20.98,19.44,8,11.55,Good,0.0,0,10.28,Moderate Delay
Rural,Feeder Bus,20,0,Rain,8.34,8.07,75.17,21.47,10,16.05,Good,0.0,0,10.16,Moderate Delay
Rural,Express Bus,9,3,Clear,6.18,45.05,37.82,5.4,20,5.71,Good,3.82,0,4.11,On Time / Minor
Urban,Local Bus,5,1,Clear,3.67,25.51,64.1,17.81,27,11.61,Average,5.88,0,15.07,Major Delay
Urban,Local Bus,6,4,Clear,4.27,13.46,57.14,3.67,26,12.67,Good,7.18,0,15.38,Major Delay
Urban,Express Bus,18,3,Cloudy,6.65,66.22,53.16,16.73,27,3.26,Average,1.07,0,10.95,Moderate Delay
Urban,Local Bus,15,2,Rain,1.33,58.89,28.33,14.12,26,12.1,Good,3.25,0,15.36,Major Delay
Urban,Express Bus,15,3,Heavy Rain,3.71,54.06,42.86,12.21,5,12.28,Average,0.0,0,23.52,Major Delay
Urban,Feeder Bus,20,1,Cloudy,5.85,23.03,38.91,10.75,18,10.36,Average,0.0,0,16.74,Major Delay
Urban,Express Bus,6,0,Clear,7.26,52.84,46.12,21.05,21,4.59,Good,0.0,0,10.31,Moderate Delay
Urban,Express Bus,6,6,Clear,6.63,17.86,81.65,10.86,6,10.62,Good,0.34,0,6.32,Moderate Delay
Urban,Express Bus,21,4,Clear,2.69,49.78,50.95,22.12,13,2.0,Average,9.89,0,13.18,Moderate Delay
Rural,Feeder Bus,15,4,Cloudy,3.99,32.78,44.54,13.72,13,12.63,Good,10.58,0,5.27,Moderate Delay
Urban,Local Bus,18,6,Heavy Rain,0.85,72.17,70.99,16.24,6,14.71,Good,6.34,0,22.12,Major Delay
Urban,Local Bus,14,6,Clear,9.8,39.65,64.53,17.3,18,9.91,Average,8.53,0,13.31,Moderate Delay
Rural,Local Bus,7,4,Clear,4.78,53.32,98.65,16.76,17,17.4,Average,7.55,0,20.76,Major Delay
Urban,Express Bus,14,5,Cloudy,3.97,53.37,78.22,15.37,21,7.51,Average,4.37,0,5.74,Moderate Delay
Urban,Local Bus,22,3,Cloudy,3.95,46.26,18.22,26.92,8,7.36,Good,0.0,0,17.16,Major Delay
Urban,Local Bus,7,1,Cloudy,3.08,50.42,74.1,20.77,34,9.61,Good,14.83,0,17.7,Major Delay
Urban,Express Bus,7,4,Clear,7.38,54.99,71.72,3.0,13,22.32,Average,2.46,0,20.99,Major Delay
Urban,Local Bus,11,6,Clear,4.06,27.38,91.19,12.75,23,9.58,Average,2.44,0,17.43,Major Delay
Urban,Express Bus,13,6,Clear,1.2,57.27,54.03,22.92,21,21.72,Good,10.8,0,13.54,Moderate Delay
Urban,Local Bus,16,3,Clear,1.72,67.87,79.93,9.12,5,10.81,Good,4.3,0,14.33,Moderate Delay
Urban,Local Bus,7,6,Rain,0.67,57.14,50.91,14.03,12,6.96,Good,16.09,0,19.41,Major Delay
Urban,Local Bus,21,1,Clear,12.61,39.85,63.81,14.48,25,20.76,Average,0.0,0,13.45,Moderate Delay
Urban,Local Bus,7,0,Clear,3.34,52.01,36.9,23.55,15,11.92,Poor,8.68,0,19.41,Major Delay
Urban,Feeder Bus,8,2,Heavy Rain,13.71,39.63,30.51,7.72,14,9.53,Good,2.27,0,18.2,Major Delay
Urban,Feeder Bus,22,1,Cloudy,4.47,45.27,75.39,8.58,26,15.3,Average,4.0,1,20.28,Major Delay
Rural,Express Bus,11,6,Clear,2.56,20.68,58.07,17.03,28,17.24,Good,0.0,0,9.78,Moderate Delay
Urban,Express Bus,15,0,Heavy Rain,3.16,79.74,32.38,16.07,29,8.09,Good,0.35,0,15.97,Major Delay
Urban,Express Bus,12,3,Clear,4.34,92.52,74.29,17.13,18,15.51,Average,9.95,0,14.18,Moderate Delay
Urban,Feeder Bus,9,5,Rain,1.25,31.81,10.0,15.93,18,9.87,Average,6.09,0,16.16,Major Delay
Urban,Local Bus,14,0,Clear,0.81,66.08,41.8,13.29,25,6.09,Good,5.62,0,14.8,Moderate Delay
Rural,Local Bus,18,0,Rain,8.98,81.53,24.79,17.36,22,7.46,Average,0.0,0,15.6,Major Delay
Urban,Express Bus,5,3,Clear,2.42,25.97,81.98,15.23,16,5.14,Good,0.0,0,5.06,Moderate Delay
Urban,Feeder Bus,20,6,Clear,13.98,0.0,49.33,12.51,14,11.44,Good,0.0,0,11.24,Moderate Delay
Rural,Local Bus,8,0,Heavy Rain,6.03,82.89,59.58,13.62,34,11.45,Average,1.52,0,26.11,Major Delay
Rural,Local Bus,21,0,Cloudy,2.21,47.76,64.08,10.76,31,16.71,Good,2.99,0,14.51,Moderate Delay
Rural,Local Bus,22,6,Clear,18.34,36.05,74.17,9.75,14,15.34,Average,5.08,0,14.3,Moderate Delay
Urban,Local Bus,21,4,Clear,9.36,49.09,71.91,17.35,7,8.98,Average,8.61,0,17.51,Major Delay
Urban,Express Bus,16,4,Clear,0.51,39.51,74.02,6.16,33,10.03,Poor,10.85,1,16.85,Major Delay
Urban,Local Bus,21,1,Clear,1.55,100.0,52.69,18.13,7,7.76,Good,4.47,1,12.74,Moderate Delay
Urban,Feeder Bus,20,2,Cloudy,6.32,35.79,75.06,12.42,12,11.55,Average,0.0,0,12.51,Moderate Delay
Urban,Express Bus,16,3,Clear,1.82,55.53,44.89,13.38,6,9.9,Good,7.15,0,8.87,Moderate Delay
Rural,Local Bus,21,1,Heavy Rain,2.44,77.72,49.96,12.94,28,11.25,Good,4.42,0,18.55,Major Delay
Urban,Feeder Bus,11,3,Rain,5.46,77.61,27.26,17.02,8,18.31,Good,5.83,1,14.9,Moderate Delay
Urban,Express Bus,20,6,Heavy Rain,2.86,73.21,91.53,22.88,14,18.57,Average,9.53,0,27.15,Major Delay
Urban,Local Bus,21,5,Cloudy,4.31,38.21,38.13,24.82,23,7.88,Good,1.56,0,10.67,Moderate Delay
Urban,Local Bus,16,6,Clear,4.81,44.5,86.22,20.29,6,14.88,Poor,10.78,0,20.9,Major Delay
Urban,Feeder Bus,7,3,Cloudy,2.37,0.0,68.75,14.47,34,14.27,Good,0.0,0,13.21,Moderate Delay
Rural,Local Bus,8,5,Clear,1.49,46.29,61.99,18.8,28,8.25,Average,7.14,0,13.66,Moderate Delay
Urban,Local Bus,8,2,Clear,7.17,48.75,65.34,3.0,23,18.06,Good,0.25,0,19.82,Major Delay
Urban,Local Bus,14,4,Rain,7.35,65.06,36.69,17.65,21,3.61,Good,4.62,0,13.92,Moderate Delay
Urban,Local Bus,12,5,Cloudy,5.58,89.3,90.11,16.34,12,16.38,Average,5.14,1,21.73,Major Delay
Urban,Express Bus,19,5,Clear,1.97,64.36,50.77,4.73,22,10.42,Good,1.75,0,15.29,Major Delay
Urban,Local Bus,10,6,Clear,5.66,72.62,78.26,10.51,29,5.64,Average,0.29,1,20.02,Major Delay
Rural,Express Bus,7,0,Clear,0.46,47.6,47.13,15.67,20,10.08,Average,0.0,0,10.07,Moderate Delay
Urban,Local Bus,16,5,Cloudy,6.21,77.54,29.37,16.29,15,20.39,Average,4.93,0,12.65,Moderate Delay
Urban,Feeder Bus,7,4,Clear,1.37,48.26,97.67,19.74,13,23.55,Average,6.67,0,17.77,Major Delay
Rural,Local Bus,21,5,Rain,1.24,74.23,45.93,24.02,22,7.11,Good,12.6,0,13.89,Moderate Delay
Urban,Feeder Bus,6,0,Cloudy,13.17,66.5,67.24,13.1,31,10.81,Average,2.22,0,15.44,Major Delay
Rural,Feeder Bus,13,3,Clear,0.02,57.03,10.0,7.17,18,10.07,Average,0.0,0,8.43,Moderate Delay
Urban,Local Bus,22,6,Rain,2.96,12.56,56.58,18.93,24,10.9,Average,5.86,0,14.2,Moderate Delay
Urban,Express Bus,14,6,Rain,0.54,73.15,70.08,21.73,20,19.12,Average,0.0,0,16.62,Major Delay
Rural,Local Bus,19,1,Rain,4.21,56.7,60.85,21.61,19,9.05,Average,11.51,0,23.66,Major Delay
Urban,Feeder Bus,12,3,Clear,1.57,64.16,56.04,16.82,8,7.09,Average,7.29,0,15.67,Major Delay
Urban,Express Bus,18,6,Clear,0.61,55.21,53.78,26.0,15,8.78,Good,0.0,0,3.07,On Time / Minor
Urban,Local Bus,17,6,Cloudy,2.41,59.18,75.41,12.36,32,10.06,Good,0.0,0,16.88,Major Delay
Urban,Local Bus,14,2,Rain,1.11,77.92,32.13,23.6,31,14.85,Good,0.0,0,23.64,Major Delay
Urban,Local Bus,6,5,Heavy Rain,1.18,37.1,53.27,7.04,14,11.63,Good,6.16,0,19.7,Major Delay
Urban,Feeder Bus,22,5,Clear,6.41,58.76,86.69,3.0,22,14.33,Average,0.0,1,16.89,Major Delay
Rural,Express Bus,5,1,Cloudy,0.41,30.12,28.35,6.94,23,16.29,Good,7.22,0,13.89,Moderate Delay
Urban,Local Bus,11,0,Clear,4.45,61.26,55.87,10.55,31,9.59,Good,8.19,0,15.45,Major Delay
Urban,Local Bus,16,0,Clear,2.93,53.78,35.93,14.0,5,10.65,Poor,0.64,0,17.94,Major Delay
Urban,Local Bus,18,1,Clear,1.48,33.49,64.02,8.4,14,13.46,Poor,7.92,0,18.38,Major Delay
Urban,Express Bus,14,5,Clear,6.35,50.15,58.66,14.77,18,7.92,Average,9.54,0,14.34,Moderate Delay
Urban,Local Bus,12,2,Cloudy,14.15,34.92,39.12,17.88,20,11.22,Average,6.33,0,12.09,Moderate Delay
Urban,Local Bus,12,4,Clear,3.39,39.31,58.48,16.12,28,16.29,Good,6.23,0,17.57,Major Delay
Urban,Feeder Bus,22,0,Cloudy,3.47,56.16,59.31,13.17,15,11.61,Average,0.69,0,12.99,Moderate Delay
Urban,Local Bus,11,4,Cloudy,0.76,54.17,45.81,21.22,23,17.38,Good,13.65,0,15.91,Major Delay
Urban,Express Bus,20,5,Clear,0.45,3.83,49.67,9.2,30,6.44,Good,0.0,0,12.96,Moderate Delay
Urban,Local Bus,5,6,Cloudy,3.06,56.52,45.04,12.55,14,12.69,Average,1.29,0,15.29,Major Delay
Urban,Local Bus,16,2,Clear,0.23,41.02,12.39,10.7,20,13.89,Good,8.19,1,13.58,Moderate Delay
Rural,Express Bus,17,3,Clear,5.17,38.47,76.54,17.92,24,12.58,Good,1.62,0,6.58,Moderate Delay
Rural,Local Bus,17,3,Heavy Rain,0.46,22.08,81.9,11.45,29,9.56,Average,2.0,1,24.53,Major Delay
Urban,Local Bus,12,2,Clear,5.38,46.96,23.0,16.4,28,3.71,Good,0.0,0,9.3,Moderate Delay
Rural,Feeder Bus,17,4,Clear,10.03,35.97,82.16,18.9,17,16.59,Good,1.15,0,12.87,Moderate Delay
Rural,Feeder Bus,13,3,Cloudy,4.79,77.29,66.03,10.96,9,3.95,Good,15.57,0,13.46,Moderate Delay
Urban,Express Bus,15,5,Clear,0.33,7.76,35.96,4.41,8,4.32,Good,1.7,0,10.12,Moderate Delay
Rural,Local Bus,21,0,Clear,18.45,25.83,53.82,12.65,6,13.91,Average,9.9,0,15.1,Major Delay
Urban,Local Bus,17,1,Rain,3.72,24.27,43.89,9.23,19,9.15,Good,1.0,0,14.15,Moderate Delay
Rural,Local Bus,18,4,Cloudy,3.39,53.95,76.47,10.15,18,11.72,Good,0.0,0,16.91,Major Delay
Urban,Feeder Bus,22,4,Cloudy,2.85,74.98,39.65,3.0,12,4.59,Average,0.0,0,17.73,Major Delay
Urban,Feeder Bus,8,6,Rain,1.43,59.57,100.0,4.28,18,12.46,Average,7.13,0,19.43,Major Delay
Urban,Local Bus,15,4,Clear,0.86,22.82,81.17,18.8,25,15.18,Average,0.0,0,13.01,Moderate Delay
Rural,Feeder Bus,16,0,Clear,0.53,38.13,33.5,8.38,6,3.19,Average,12.02,0,8.38,Moderate Delay
Urban,Local Bus,17,3,Clear,2.55,29.39,90.77,20.94,12,12.26,Average,5.89,0,17.35,Major Delay
Urban,Express Bus,7,5,Clear,5.11,59.68,72.6,9.71,25,15.51,Good,1.63,0,21.34,Major Delay
Urban,Local Bus,18,6,Heavy Rain,1.01,37.66,54.99,16.92,12,4.33,Average,0.0,0,24.19,Major Delay
Urban,Local Bus,8,5,Rain,4.5,15.51,71.51,12.48,22,11.72,Good,0.89,0,15.43,Major Delay
Rural,Feeder Bus,12,3,Clear,2.33,61.45,76.49,17.9,28,11.26,Average,9.25,0,17.74,Major Delay
Rural,Feeder Bus,17,0,Clear,3.03,77.05,42.83,12.48,14,12.78,Poor,0.0,0,20.35,Major Delay
Urban,Local Bus,9,1,Clear,7.82,43.89,74.7,15.28,8,9.64,Good,3.22,0,8.23,Moderate Delay
Urban,Local Bus,7,5,Cloudy,4.54,50.77,49.35,21.38,13,3.72,Good,9.15,0,10.89,Moderate Delay
Urban,Express Bus,17,2,Clear,5.52,13.36,74.29,16.83,24,9.01,Good,0.0,0,13.92,Moderate Delay
Urban,Local Bus,10,5,Rain,20.0,0.64,55.27,9.87,13,8.22,Poor,0.36,0,13.71,Moderate Delay
Rural,Express Bus,19,0,Clear,1.02,5.47,37.85,3.0,32,10.66,Good,0.0,0,9.43,Moderate Delay
Rural,Express Bus,21,3,Clear,7.23,46.97,70.6,13.35,8,17.03,Poor,0.0,0,15.09,Major Delay
Urban,Local Bus,11,6,Heavy Rain,5.4,40.92,50.43,16.58,18,3.57,Good,4.58,0,19.63,Major Delay
Urban,Local Bus,18,1,Rain,5.38,60.56,61.09,14.92,32,15.8,Average,6.75,0,21.79,Major Delay
Urban,Local Bus,9,0,Clear,3.99,43.45,66.18,8.73,27,19.84,Good,1.45,0,20.85,Major Delay
Urban,Feeder Bus,21,2,Clear,4.9,70.72,87.39,14.91,6,19.53,Good,0.0,0,15.57,Major Delay
Urban,Local Bus,9,0,Rain,2.42,68.06,49.28,17.96,13,19.95,Good,0.0,0,24.75,Major Delay
Rural,Express Bus,20,4,Cloudy,3.45,40.58,41.04,22.36,6,11.96,Good,5.48,1,7.67,Moderate Delay
Urban,Local Bus,19,1,Cloudy,8.85,24.92,90.92,12.64,33,11.36,Good,3.32,1,17.84,Major Delay
Rural,Express Bus,10,1,Cloudy,1.65,3.93,58.06,28.74,28,2.0,Good,0.0,0,7.69,Moderate Delay
Urban,Local Bus,19,4,Heavy Rain,1.9,80.97,47.1,22.72,12,9.91,Average,1.06,0,26.59,Major Delay
Urban,Local Bus,16,2,Cloudy,5.06,26.32,65.25,15.01,18,16.66,Average,7.4,0,17.86,Major Delay
Urban,Express Bus,17,4,Clear,4.62,13.58,51.13,15.57,18,3.89,Good,4.5,0,8.22,Moderate Delay
Urban,Express Bus,11,6,Clear,2.31,50.99,52.64,22.33,29,6.7,Average,0.0,0,7.46,Moderate Delay
Urban,Local Bus,9,6,Rain,5.2,13.79,100.0,8.22,8,11.55,Average,4.78,0,15.18,Major Delay
Urban,Local Bus,17,5,Clear,5.15,50.96,38.24,9.19,20,2.73,Poor,0.69,0,23.02,Major Delay
Rural,Feeder Bus,5,6,Clear,17.66,40.26,29.24,6.27,26,20.12,Good,0.27,0,10.91,Moderate Delay
Urban,Local Bus,11,5,Cloudy,22.38,69.24,82.51,12.47,31,13.92,Good,4.16,0,18.64,Major Delay
Urban,Local Bus,7,0,Clear,5.09,67.24,50.42,8.84,15,12.72,Poor,0.0,0,14.88,Moderate Delay
Rural,Local Bus,5,6,Heavy Rain,7.91,73.38,64.38,11.87,15,15.05,Poor,1.3,1,26.52,Major Delay
Urban,Local Bus,5,3,Clear,4.98,52.74,70.76,13.79,24,9.31,Poor,8.74,0,16.07,Major Delay
Urban,Express Bus,6,0,Rain,3.08,28.26,23.0,5.73,22,12.4,Average,15.85,0,16.27,Major Delay
Urban,Express Bus,21,4,Cloudy,5.44,24.15,80.81,22.2,32,6.12,Average,0.0,0,10.72,Moderate Delay
Urban,Local Bus,18,1,Clear,3.02,35.79,46.77,21.15,11,2.0,Poor,0.0,1,14.67,Moderate Delay
Rural,Express Bus,22,3,Clear,3.68,93.87,95.98,11.24,16,10.84,Average,9.15,0,19.74,Major Delay
Rural,Local Bus,6,4,Clear,3.35,42.27,42.07,22.89,18,18.91,Good,0.0,0,14.4,Moderate Delay
Urban,Express Bus,22,0,Rain,3.4,51.7,89.31,16.33,20,19.37,Poor,2.86,0,20.97,Major Delay
Urban,Local Bus,15,3,Rain,1.69,82.93,92.93,20.59,8,10.06,Average,12.49,0,14.34,Moderate Delay
Rural,Local Bus,19,0,Clear,7.27,53.86,48.21,5.86,9,9.62,Good,0.0,0,8.41,Moderate Delay
Rural,Express Bus,20,0,Clear,5.3,30.78,54.19,11.98,19,3.22,Good,2.24,0,5.8,Moderate Delay
Urban,Local Bus,9,1,Heavy Rain,1.61,64.79,51.72,17.77,7,16.31,Poor,0.0,0,30.65,Major Delay
Rural,Local Bus,18,5,Clear,3.25,38.15,88.39,13.02,18,13.12,Good,6.93,0,18.98,Major Delay
Urban,Local Bus,16,2,Rain,0.94,54.65,61.59,12.94,9,10.05,Average,0.0,1,22.97,Major Delay
Urban,Express Bus,12,0,Clear,4.3,59.78,68.65,13.34,5,2.0,Good,0.04,0,5.77,Moderate Delay
Urban,Local Bus,13,5,Clear,8.79,36.63,55.13,16.24,17,2.0,Good,0.0,0,5.13,Moderate Delay
Urban,Express Bus,8,3,Cloudy,2.47,52.29,67.44,14.67,7,11.65,Average,1.89,0,16.55,Major Delay
Rural,Express Bus,8,0,Clear,7.13,84.8,68.74,23.35,24,3.29,Poor,12.78,0,10.74,Moderate Delay
Urban,Express Bus,21,3,Rain,3.42,33.59,46.06,8.06,21,13.69,Average,5.43,0,14.96,Moderate Delay
Urban,Local Bus,18,1,Cloudy,2.6,78.29,93.45,14.57,9,13.93,Good,4.69,0,19.46,Major Delay
Urban,Feeder Bus,15,4,Cloudy,1.49,34.42,53.93,18.22,26,4.43,Good,4.98,0,7.59,Moderate Delay
Urban,Local Bus,17,6,Cloudy,2.9,89.45,78.6,6.54,13,11.24,Good,3.38,0,22.86,Major Delay
Urban,Feeder Bus,12,2,Cloudy,7.33,28.32,32.76,11.94,24,6.31,Poor,9.92,0,15.03,Major Delay
Urban,Express Bus,9,5,Rain,4.88,38.94,71.68,15.04,33,15.71,Good,7.37,0,18.96,Major Delay
Urban,Local Bus,21,0,Cloudy,1.17,82.69,79.3,23.02,26,27.45,Poor,0.0,0,22.13,Major Delay
Urban,Express Bus,22,2,Rain,5.53,83.7,63.32,14.82,14,10.41,Poor,8.37,0,20.27,Major Delay
Rural,Local Bus,8,6,Cloudy,4.13,66.82,79.52,18.55,19,18.39,Average,4.68,0,15.93,Major Delay
Urban,Local Bus,19,0,Clear,0.96,23.12,43.85,18.94,14,16.14,Good,5.77,0,9.85,Moderate Delay
Rural,Local Bus,12,6,Clear,0.63,49.9,67.45,3.0,15,10.61,Poor,0.0,0,16.82,Major Delay
Rural,Express Bus,17,0,Clear,0.58,48.03,27.59,14.48,31,13.66,Good,3.5,0,13.03,Moderate Delay
Urban,Express Bus,6,3,Clear,7.77,28.32,60.97,11.39,25,4.67,Poor,2.81,0,17.18,Major Delay
Urban,Feeder Bus,13,1,Clear,0.99,64.03,42.14,23.02,21,11.69,Good,0.04,0,9.97,Moderate Delay
Rural,Local Bus,7,0,Clear,2.67,30.14,56.62,18.19,13,9.5,Good,8.87,1,15.55,Major Delay
Urban,Express Bus,19,2,Clear,5.17,18.32,85.58,19.25,20,17.8,Good,0.0,0,8.44,Moderate Delay
Urban,Express Bus,12,4,Rain,4.9,10.72,92.76,17.12,23,7.87,Good,18.64,0,20.01,Major Delay
Urban,Express Bus,9,5,Rain,4.9,87.38,32.35,14.63,26,5.73,Average,0.0,0,13.68,Moderate Delay
Urban,Local Bus,17,2,Clear,0.82,36.26,82.91,19.01,7,5.92,Average,5.85,0,17.09,Major Delay
Urban,Local Bus,22,3,Heavy Rain,5.26,36.74,85.98,13.87,30,15.28,Good,4.57,0,25.76,Major Delay
Rural,Express Bus,11,1,Heavy Rain,2.54,24.29,64.49,21.71,21,10.08,Average,9.34,0,21.28,Major Delay
Urban,Local Bus,17,5,Rain,3.77,79.46,85.16,7.59,15,2.58,Good,11.86,0,16.51,Major Delay
Rural,Local Bus,17,1,Clear,3.59,16.25,49.7,20.23,26,16.07,Poor,1.32,1,13.02,Moderate Delay
Urban,Local Bus,13,6,Clear,3.06,20.3,47.72,11.82,21,3.45,Poor,4.38,0,11.64,Moderate Delay
Urban,Local Bus,19,1,Clear,8.55,40.6,47.81,18.08,14,8.26,Average,1.36,0,10.32,Moderate Delay
Urban,Local Bus,7,4,Rain,7.57,47.5,72.28,4.57,32,9.95,Poor,0.0,0,30.72,Major Delay
Urban,Local Bus,20,2,Cloudy,28.98,63.15,56.05,15.62,32,5.52,Good,3.67,0,19.07,Major Delay
Urban,Express Bus,12,6,Cloudy,11.85,32.46,43.68,13.09,32,2.52,Good,3.36,0,6.0,Moderate Delay
Urban,Feeder Bus,5,1,Rain,0.34,83.52,44.64,13.73,7,15.07,Good,3.56,0,11.17,Moderate Delay
Urban,Local Bus,22,6,Heavy Rain,3.37,32.62,58.02,3.39,32,14.26,Average,1.61,0,27.73,Major Delay
Urban,Local Bus,18,5,Cloudy,11.06,24.8,41.02,14.2,12,11.27,Good,5.2,0,17.8,Major Delay
Rural,Feeder Bus,19,3,Rain,2.95,22.61,71.37,14.78,15,12.83,Poor,7.41,0,14.83,Moderate Delay
Urban,Local Bus,7,3,Rain,2.32,30.2,81.9,3.31,25,2.49,Average,0.0,1,24.19,Major Delay
Urban,Feeder Bus,18,2,Clear,0.78,21.12,77.48,7.1,19,13.61,Good,6.58,0,13.19,Moderate Delay
Urban,Express Bus,17,2,Rain,0.67,65.27,100.0,14.95,29,13.07,Average,11.31,0,21.1,Major Delay
Urban,Local Bus,21,3,Clear,7.03,24.98,66.22,16.44,24,13.21,Average,0.0,0,8.72,Moderate Delay
Rural,Local Bus,11,1,Clear,3.85,44.94,91.9,13.7,8,13.19,Average,4.27,0,12.46,Moderate Delay
Urban,Local Bus,21,2,Heavy Rain,0.07,24.32,61.68,14.27,9,15.97,Average,5.77,0,16.34,Major Delay
Urban,Express Bus,17,6,Clear,9.05,20.99,52.43,14.16,7,10.42,Average,7.42,0,16.35,Major Delay
Urban,Local Bus,9,6,Clear,10.15,73.45,60.38,10.73,14,11.31,Good,7.98,0,13.41,Moderate Delay
Urban,Feeder Bus,8,0,Heavy Rain,2.71,84.86,61.33,12.93,18,4.33,Average,9.52,0,28.55,Major Delay
Urban,Express Bus,21,5,Clear,3.44,77.19,55.53,5.59,31,14.43,Good,4.18,0,12.14,Moderate Delay
Urban,Feeder Bus,16,1,Clear,12.14,14.16,36.35,10.49,15,7.66,Average,0.0,0,3.2,On Time / Minor
Rural,Feeder Bus,7,4,Clear,2.59,17.35,38.41,13.75,7,8.02,Good,1.71,0,6.03,Moderate Delay
Rural,Local Bus,7,4,Cloudy,0.22,93.5,80.66,21.42,21,8.96,Average,10.72,0,15.09,Major Delay
Urban,Local Bus,19,6,Clear,7.07,42.15,74.68,13.27,17,5.64,Good,0.0,0,15.32,Major Delay
Rural,Feeder Bus,8,4,Clear,9.84,16.38,93.57,26.37,30,10.47,Good,6.09,0,9.59,Moderate Delay
Urban,Local Bus,8,5,Rain,4.04,72.89,50.14,25.58,6,15.12,Average,7.73,0,17.25,Major Delay
Rural,Local Bus,16,5,Clear,0.98,49.55,48.28,14.42,13,5.44,Good,6.56,0,11.67,Moderate Delay
Urban,Local Bus,20,4,Cloudy,11.01,61.1,35.02,11.52,25,10.92,Average,8.15,0,13.77,Moderate Delay
Urban,Local Bus,11,2,Clear,2.17,0.0,79.12,27.6,5,14.33,Average,3.34,0,15.53,Major Delay
Urban,Feeder Bus,16,2,Cloudy,1.25,40.5,40.16,18.48,21,2.0,Good,2.99,0,10.47,Moderate Delay
Urban,Local Bus,17,2,Cloudy,3.98,69.82,57.38,16.63,25,20.27,Good,12.58,0,19.19,Major Delay
Rural,Express Bus,15,2,Clear,2.67,33.27,64.26,9.67,5,8.69,Average,13.36,0,5.56,Moderate Delay
Urban,Feeder Bus,17,2,Clear,6.51,76.41,26.73,11.43,21,6.33,Average,10.73,0,14.5,Moderate Delay
Urban,Local Bus,9,2,Clear,19.77,17.71,73.54,8.0,32,11.41,Average,6.25,0,17.27,Major Delay
Urban,Express Bus,16,3,Clear,1.15,45.41,78.2,22.93,20,7.63,Good,0.62,0,4.93,On Time / Minor
Rural,Local Bus,5,1,Clear,7.52,85.83,63.54,17.01,10,10.65,Good,4.18,0,15.63,Major Delay
Rural,Local Bus,18,2,Clear,2.55,21.53,56.26,12.14,28,7.25,Average,2.85,0,14.05,Moderate Delay
Urban,Local Bus,19,4,Clear,6.47,54.24,57.35,11.17,6,16.63,Poor,9.0,0,16.09,Major Delay
Urban,Local Bus,19,2,Clear,4.14,61.46,86.0,8.05,30,24.42,Average,5.45,0,19.32,Major Delay
Urban,Local Bus,5,0,Clear,2.04,50.1,59.07,13.58,33,14.61,Average,6.42,1,18.9,Major Delay
Rural,Local Bus,21,0,Rain,7.72,42.25,57.6,15.02,9,12.0,Average,3.33,0,21.76,Major Delay
Rural,Local Bus,12,5,Clear,2.31,27.84,44.27,3.0,13,8.24,Average,0.0,1,14.22,Moderate Delay
Urban,Local Bus,6,6,Cloudy,1.3,52.52,10.0,8.21,29,16.31,Average,10.06,0,12.64,Moderate Delay
Rural,Express Bus,14,4,Cloudy,7.26,45.64,79.93,9.94,27,7.16,Good,3.18,0,8.76,Moderate Delay
Urban,Local Bus,15,0,Clear,1.28,14.97,57.94,20.51,21,12.59,Average,8.34,0,11.8,Moderate Delay
Rural,Feeder Bus,12,3,Clear,6.97,73.3,40.49,10.68,25,8.4,Good,1.81,1,15.6,Major Delay
Urban,Feeder Bus,18,1,Clear,3.69,27.07,100.0,3.23,31,4.72,Good,11.61,0,18.59,Major Delay
Urban,Express Bus,14,2,Cloudy,3.94,15.56,66.79,7.39,26,9.93,Good,0.83,0,11.36,Moderate Delay
Urban,Express Bus,8,6,Clear,1.09,34.3,53.88,24.35,22,6.07,Good,3.14,0,9.54,Moderate Delay
Urban,Express Bus,16,5,Clear,4.13,27.47,78.36,11.76,16,18.38,Good,3.58,0,4.84,On Time / Minor
Rural,Express Bus,9,5,Rain,2.13,42.06,65.36,7.77,31,7.23,Good,0.0,0,16.0,Major Delay
Urban,Feeder Bus,7,3,Rain,12.6,19.42,64.97,3.96,22,10.35,Good,5.55,0,14.23,Moderate Delay
Rural,Feeder Bus,9,4,Clear,0.64,58.3,45.83,14.15,29,7.75,Good,7.64,0,15.4,Major Delay
Rural,Local Bus,21,6,Rain,9.32,79.76,71.93,14.78,30,4.82,Good,5.6,0,13.39,Moderate Delay
Urban,Express Bus,15,4,Clear,9.98,50.43,76.81,16.65,14,14.42,Good,15.09,0,13.23,Moderate Delay
Rural,Feeder Bus,10,4,Clear,5.46,14.78,45.93,30.36,27,10.53,Average,0.0,0,13.28,Moderate Delay
Urban,Local Bus,11,0,Clear,12.05,27.0,20.1,6.58,24,22.72,Average,0.0,0,19.7,Major Delay
Urban,Local Bus,20,6,Heavy Rain,2.72,53.09,77.0,11.78,11,16.24,Good,0.0,0,19.27,Major Delay
Urban,Express Bus,16,5,Clear,3.11,2.76,70.57,15.75,22,11.35,Good,3.92,1,16.24,Major Delay
Urban,Express Bus,18,2,Rain,5.81,19.65,74.84,11.37,33,12.83,Good,9.49,0,20.89,Major Delay
Rural,Local Bus,15,1,Cloudy,2.82,10.11,58.92,3.0,21,10.55,Good,4.37,0,9.9,Moderate Delay
Urban,Local Bus,22,6,Cloudy,0.66,50.65,77.25,17.07,25,5.86,Good,1.03,0,13.19,Moderate Delay
Urban,Local Bus,16,6,Clear,0.77,97.73,44.94,10.21,8,3.82,Good,10.99,0,12.15,Moderate Delay
Urban,Express Bus,12,2,Clear,7.35,19.0,54.27,7.62,16,5.72,Average,2.92,0,7.09,Moderate Delay
Urban,Feeder Bus,9,1,Rain,3.45,66.78,37.06,8.64,5,17.69,Average,0.0,0,11.17,Moderate Delay
Rural,Feeder Bus,5,5,Clear,6.83,35.03,81.15,23.31,15,12.29,Average,8.49,0,9.29,Moderate Delay
Urban,Local Bus,18,4,Cloudy,7.82,17.64,57.06,21.79,15,13.69,Good,6.73,0,4.69,On Time / Minor
Rural,Local Bus,21,6,Clear,2.75,83.97,62.64,7.45,10,14.94,Good,4.69,0,13.73,Moderate Delay
Urban,Express Bus,16,3,Rain,4.67,97.68,66.67,3.61,19,10.0,Poor,11.61,0,27.22,Major Delay
Rural,Express Bus,13,3,Cloudy,0.62,57.47,53.23,19.39,20,7.97,Average,2.98,0,11.27,Moderate Delay
Urban,Local Bus,7,1,Cloudy,1.69,56.34,74.45,26.35,21,21.1,Average,4.9,1,20.52,Major Delay
Urban,Local Bus,16,4,Clear,2.62,49.43,91.16,28.0,16,13.65,Poor,0.0,0,14.14,Moderate Delay
Urban,Local Bus,8,2,Clear,3.56,44.59,77.59,5.5,20,2.68,Average,0.0,1,24.84,Major Delay
Urban,Express Bus,16,1,Clear,0.46,55.82,23.53,22.15,22,2.22,Good,1.13,0,10.85,Moderate Delay
Rural,Express Bus,10,5,Clear,2.66,63.55,60.2,13.97,9,14.75,Average,6.97,0,8.66,Moderate Delay
Urban,Local Bus,20,2,Cloudy,1.3,86.26,61.1,3.0,19,6.58,Good,0.12,0,23.42,Major Delay
Urban,Feeder Bus,21,1,Clear,18.25,35.98,82.85,8.84,29,10.35,Average,3.02,0,20.91,Major Delay
Rural,Express Bus,9,6,Clear,3.79,50.93,47.02,9.29,26,2.0,Good,2.39,0,6.82,Moderate Delay
Urban,Feeder Bus,10,6,Clear,6.79,45.97,37.19,16.85,26,8.68,Good,3.24,0,15.52,Major Delay
Urban,Local Bus,21,3,Clear,6.8,71.55,74.71,5.8,13,15.56,Good,0.0,0,13.37,Moderate Delay
Rural,Local Bus,5,2,Cloudy,4.07,100.0,57.62,19.66,30,8.32,Good,2.46,0,7.82,Moderate Delay
Urban,Feeder Bus,14,1,Cloudy,5.23,72.35,45.52,16.85,19,5.15,Average,0.0,0,9.56,Moderate Delay
Rural,Feeder Bus,7,4,Clear,4.76,66.36,52.8,20.12,31,9.78,Good,3.3,0,16.36,Major Delay
Urban,Feeder Bus,12,4,Clear,4.77,68.88,29.78,10.04,9,11.17,Good,3.36,0,12.73,Moderate Delay
Rural,Feeder Bus,5,4,Cloudy,11.11,77.15,61.4,16.38,29,9.24,Good,3.86,0,23.39,Major Delay
Urban,Local Bus,7,5,Cloudy,3.65,100.0,51.92,7.78,13,3.11,Average,6.3,0,18.82,Major Delay
Rural,Local Bus,12,3,Rain,7.02,9.24,68.66,18.06,24,12.97,Average,12.55,0,11.05,Moderate Delay
Urban,Local Bus,6,4,Rain,0.9,61.79,53.9,12.58,5,8.13,Average,0.0,0,11.58,Moderate Delay
Rural,Feeder Bus,19,4,Rain,3.08,0.0,58.71,13.16,18,11.87,Good,1.65,0,11.23,Moderate Delay
Urban,Local Bus,15,5,Rain,2.03,69.88,48.89,13.8,28,6.12,Good,0.0,0,14.73,Moderate Delay
Rural,Express Bus,13,5,Rain,2.77,60.67,52.91,3.55,24,17.23,Good,5.06,0,13.12,Moderate Delay
Urban,Feeder Bus,13,0,Cloudy,5.62,35.42,35.4,21.14,14,14.56,Good,7.04,0,11.79,Moderate Delay
Urban,Feeder Bus,20,4,Cloudy,5.19,0.0,78.64,14.5,12,9.2,Good,0.0,0,16.25,Major Delay
Rural,Feeder Bus,20,6,Rain,2.79,47.67,57.17,21.16,11,12.52,Poor,5.09,0,19.82,Major Delay
Urban,Express Bus,5,3,Clear,1.75,53.13,18.22,20.72,32,19.18,Average,7.83,0,5.58,Moderate Delay
Urban,Local Bus,17,3,Clear,8.12,46.55,26.29,9.12,14,16.88,Good,5.62,0,15.04,Major Delay
Rural,Feeder Bus,13,4,Rain,5.94,33.71,78.75,12.38,23,18.55,Average,1.81,0,9.81,Moderate Delay
Urban,Local Bus,19,3,Cloudy,0.45,27.37,57.14,4.7,5,14.03,Good,6.88,0,11.47,Moderate Delay
Urban,Local Bus,19,2,Clear,0.55,46.81,57.6,21.36,22,8.29,Good,2.22,0,19.48,Major Delay
Urban,Feeder Bus,17,6,Clear,2.0,29.56,57.95,15.95,24,13.94,Average,8.03,0,8.31,Moderate Delay
Urban,Express Bus,17,0,Clear,0.2,66.61,67.75,15.21,22,19.5,Average,5.26,0,22.47,Major Delay
Urban,Local Bus,8,5,Clear,0.7,46.19,88.61,12.34,30,14.03,Average,2.56,0,19.93,Major Delay
Urban,Local Bus,20,1,Cloudy,4.21,8.33,66.9,8.18,25,6.86,Poor,0.0,0,18.36,Major Delay
Urban,Local Bus,17,1,Cloudy,5.15,52.06,64.15,21.7,11,11.33,Good,3.59,0,9.3,Moderate Delay
Urban,Feeder Bus,9,4,Clear,2.98,57.53,46.57,26.03,25,14.8,Average,0.0,0,14.26,Moderate Delay
Urban,Express Bus,9,4,Clear,2.98,85.21,27.15,21.93,12,11.86,Poor,0.0,0,12.31,Moderate Delay
Urban,Local Bus,14,6,Clear,2.08,69.35,67.49,13.0,6,14.82,Good,1.76,0,9.32,Moderate Delay
Urban,Express Bus,11,2,Clear,1.54,27.33,69.11,16.34,32,7.9,Average,3.12,0,11.21,Moderate Delay
Urban,Feeder Bus,17,0,Clear,6.64,80.79,79.99,20.42,17,9.93,Poor,0.0,0,26.6,Major Delay
Urban,Feeder Bus,12,1,Cloudy,7.11,16.12,92.24,14.56,17,12.71,Average,2.67,0,16.14,Major Delay
Rural,Local Bus,8,3,Clear,2.87,48.65,34.8,25.67,34,12.94,Good,2.31,0,12.04,Moderate Delay
Urban,Express Bus,12,2,Rain,0.73,65.34,45.72,21.49,23,7.84,Good,0.5,0,13.28,Moderate Delay
Urban,Local Bus,19,1,Cloudy,1.55,81.55,71.37,30.71,27,2.0,Average,2.22,0,15.46,Major Delay
Urban,Local Bus,19,6,Clear,3.18,91.44,58.02,15.17,31,2.0,Poor,6.72,0,23.69,Major Delay
Urban,Local Bus,10,3,Clear,2.86,77.32,86.87,3.0,10,10.77,Good,1.56,0,11.76,Moderate Delay
Rural,Local Bus,19,4,Clear,6.06,44.86,54.13,14.43,9,11.92,Good,6.41,0,15.67,Major Delay
Rural,Express Bus,6,5,Clear,1.44,61.33,98.02,11.72,17,9.96,Good,3.1,0,5.57,Moderate Delay
Rural,Local Bus,22,2,Rain,5.4,53.16,59.12,15.04,7,11.18,Good,8.59,0,13.62,Moderate Delay
Urban,Local Bus,18,5,Cloudy,3.29,31.68,90.55,24.7,18,19.01,Average,7.56,0,21.56,Major Delay
Urban,Local Bus,5,6,Rain,17.68,45.34,10.0,10.75,21,8.52,Average,2.44,0,21.69,Major Delay
Urban,Local Bus,17,5,Cloudy,3.11,89.35,67.73,9.01,34,12.83,Average,0.1,0,11.77,Moderate Delay
Urban,Express Bus,13,2,Rain,1.65,62.86,58.47,10.12,10,19.42,Average,5.93,0,11.35,Moderate Delay
Urban,Local Bus,20,5,Rain,10.68,95.37,16.13,26.92,33,5.82,Average,0.88,0,19.01,Major Delay
Urban,Local Bus,9,1,Clear,2.87,23.1,57.69,11.24,12,19.85,Average,0.0,0,16.46,Major Delay
Urban,Feeder Bus,21,0,Clear,5.15,39.22,33.24,15.56,7,15.86,Good,7.18,0,7.75,Moderate Delay
Rural,Local Bus,20,3,Clear,8.75,57.55,47.61,25.08,30,9.45,Good,0.44,0,13.01,Moderate Delay
Urban,Feeder Bus,10,3,Clear,1.55,65.07,64.1,17.98,12,2.0,Average,0.0,0,13.35,Moderate Delay
Urban,Express Bus,12,3,Cloudy,0.86,45.31,55.54,3.0,13,17.95,Average,3.12,0,11.84,Moderate Delay
Rural,Express Bus,16,1,Clear,7.39,66.41,65.13,11.1,7,19.85,Good,8.18,0,10.94,Moderate Delay
Rural,Express Bus,9,1,Rain,1.37,66.24,61.14,10.08,21,7.53,Average,0.55,0,15.76,Major Delay
Urban,Local Bus,22,6,Clear,1.12,16.08,100.0,3.54,10,20.17,Average,1.76,0,20.19,Major Delay
Urban,Feeder Bus,8,2,Rain,0.69,65.33,63.18,11.14,23,2.55,Good,5.99,1,19.47,Major Delay
Urban,Feeder Bus,9,5,Clear,2.01,72.69,60.25,3.0,18,12.46,Average,1.22,0,20.64,Major Delay
Urban,Local Bus,14,1,Clear,1.37,54.81,66.42,15.95,13,10.11,Good,2.98,0,12.11,Moderate Delay
Urban,Express Bus,13,0,Rain,6.58,5.68,57.48,14.04,23,4.31,Poor,7.98,0,13.74,Moderate Delay
Urban,Local Bus,5,0,Clear,1.5,41.63,26.32,9.75,9,9.75,Average,6.89,0,11.27,Moderate Delay
Urban,Feeder Bus,21,1,Rain,1.86,58.07,71.84,3.14,29,10.85,Average,4.63,0,12.97,Moderate Delay
Urban,Feeder Bus,9,5,Rain,1.68,28.09,83.81,22.37,25,5.05,Average,0.0,0,13.13,Moderate Delay
Urban,Local Bus,6,3,Clear,5.6,69.12,89.1,10.59,7,14.38,Average,6.42,0,13.95,Moderate Delay
Rural,Feeder Bus,14,4,Clear,7.11,64.78,71.79,20.59,34,7.59,Good,1.52,0,13.07,Moderate Delay
Urban,Feeder Bus,21,6,Clear,3.24,51.09,52.62,13.25,13,9.2,Good,5.95,0,17.12,Major Delay
Urban,Express Bus,5,0,Clear,3.08,48.4,63.26,22.76,33,18.23,Poor,0.0,0,13.81,Moderate Delay
Urban,Local Bus,13,0,Heavy Rain,3.69,52.44,93.73,17.51,23,7.73,Poor,8.19,0,22.78,Major Delay
Rural,Feeder Bus,21,6,Rain,4.01,47.91,53.52,14.67,32,2.0,Poor,0.0,0,20.2,Major Delay
Urban,Express Bus,21,3,Clear,6.07,18.43,34.13,8.96,18,9.74,Poor,5.66,0,13.13,Moderate Delay
Rural,Local Bus,8,4,Cloudy,5.73,38.11,100.0,21.79,28,11.54,Average,8.17,0,22.6,Major Delay
Urban,Feeder Bus,16,2,Rain,17.22,49.67,37.64,12.77,14,9.79,Average,5.45,0,19.39,Major Delay
Urban,Express Bus,20,5,Clear,2.05,80.63,26.56,9.11,25,15.3,Average,5.43,0,17.08,Major Delay
Urban,Feeder Bus,17,4,Clear,2.03,63.92,64.38,13.06,10,13.0,Good,3.94,0,15.05,Major Delay
Urban,Express Bus,16,1,Rain,4.45,81.86,66.18,13.72,9,8.0,Average,0.0,1,20.53,Major Delay
Rural,Local Bus,18,4,Rain,2.06,15.69,67.16,19.24,26,14.48,Average,10.13,0,22.13,Major Delay
Urban,Feeder Bus,13,0,Clear,4.43,39.81,75.57,3.0,5,13.32,Average,8.98,0,17.61,Major Delay
Urban,Express Bus,6,1,Clear,7.14,95.7,54.77,28.3,12,13.17,Good,1.59,0,13.81,Moderate Delay
Urban,Local Bus,16,1,Clear,6.75,30.91,55.05,16.78,19,10.2,Average,0.0,0,12.21,Moderate Delay
Urban,Local Bus,16,5,Cloudy,0.24,30.45,46.54,13.9,25,12.43,Poor,8.53,0,14.68,Moderate Delay
Urban,Local Bus,20,5,Cloudy,1.59,41.75,60.74,16.66,22,11.55,Good,0.0,0,14.22,Moderate Delay
Urban,Express Bus,21,0,Clear,2.11,94.42,68.84,4.81,32,9.5,Good,6.16,0,13.58,Moderate Delay
Rural,Local Bus,11,6,Rain,0.29,32.55,76.14,14.74,26,13.4,Average,0.0,0,12.95,Moderate Delay
Rural,Feeder Bus,22,5,Clear,2.72,60.82,40.04,17.9,11,13.78,Average,5.9,0,17.21,Major Delay
Rural,Feeder Bus,5,3,Rain,1.6,57.02,33.08,12.23,26,13.79,Average,0.0,1,17.07,Major Delay
Urban,Express Bus,22,1,Cloudy,5.12,3.64,75.7,17.14,26,14.09,Average,3.53,0,8.15,Moderate Delay
Urban,Local Bus,7,2,Clear,10.7,47.64,47.42,18.76,30,2.0,Good,0.0,0,18.39,Major Delay
Urban,Express Bus,16,4,Clear,2.74,35.28,38.3,9.63,29,15.52,Good,3.58,0,10.71,Moderate Delay
Urban,Local Bus,17,4,Clear,5.32,63.59,21.0,21.49,23,6.18,Poor,3.48,0,20.65,Major Delay
Urban,Feeder Bus,16,2,Rain,0.53,88.0,86.15,13.64,23,16.6,Good,7.09,0,17.94,Major Delay
Urban,Local Bus,22,0,Cloudy,6.06,40.08,63.51,25.44,18,4.2,Good,1.11,0,13.43,Moderate Delay
Urban,Feeder Bus,14,4,Clear,6.32,40.07,68.91,21.86,14,18.91,Good,4.91,0,14.17,Moderate Delay
Urban,Local Bus,7,4,Heavy Rain,15.23,100.0,66.75,16.44,33,2.0,Good,1.52,0,25.31,Major Delay
Rural,Local Bus,15,1,Rain,2.51,31.63,62.25,9.13,12,12.62,Good,5.77,0,12.1,Moderate Delay
Urban,Feeder Bus,10,4,Clear,18.44,17.11,57.54,13.33,30,9.17,Average,5.46,0,17.21,Major Delay
Urban,Local Bus,16,3,Clear,0.19,79.68,56.59,20.05,28,13.32,Average,7.9,0,19.14,Major Delay
Urban,Feeder Bus,11,3,Cloudy,5.58,46.84,38.46,10.64,23,19.63,Average,0.0,0,9.17,Moderate Delay
Urban,Feeder Bus,5,0,Clear,1.79,54.52,22.69,16.6,14,12.18,Good,3.04,0,18.1,Major Delay
Rural,Local Bus,16,2,Heavy Rain,2.68,99.32,100.0,17.28,26,15.7,Poor,4.92,0,33.72,Major Delay
Urban,Local Bus,6,2,Cloudy,4.79,15.73,58.76,13.33,29,18.67,Good,12.6,0,15.99,Major Delay
Rural,Express Bus,10,5,Clear,6.46,43.5,49.25,9.07,22,7.9,Good,13.41,0,16.05,Major Delay
Rural,Feeder Bus,16,5,Clear,2.45,19.57,41.98,23.59,30,12.81,Good,0.0,0,8.45,Moderate Delay
Urban,Feeder Bus,20,6,Clear,2.53,55.71,78.99,16.85,20,17.84,Poor,0.43,0,16.3,Major Delay
Urban,Local Bus,10,3,Clear,3.28,35.28,60.89,12.19,31,12.76,Average,0.0,0,19.53,Major Delay
Urban,Express Bus,10,2,Clear,0.22,21.02,40.73,9.26,17,8.07,Average,14.48,0,10.71,Moderate Delay
Urban,Local Bus,10,3,Rain,2.97,64.84,51.93,19.39,29,13.58,Good,5.09,0,20.46,Major Delay
Urban,Express Bus,15,5,Rain,0.77,48.24,64.23,13.58,7,11.57,Good,6.4,0,10.52,Moderate Delay
Rural,Feeder Bus,8,4,Rain,1.14,19.21,50.27,19.86,32,13.55,Poor,1.92,0,15.57,Major Delay
Urban,Feeder Bus,14,4,Clear,4.11,20.62,74.3,8.47,25,8.36,Good,3.48,1,14.94,Moderate Delay
Rural,Local Bus,19,3,Clear,7.07,52.78,100.0,15.82,32,12.21,Average,9.15,0,23.45,Major Delay
Urban,Local Bus,6,4,Rain,3.91,9.57,49.56,11.12,32,10.3,Average,0.0,0,16.65,Major Delay
Rural,Local Bus,22,6,Clear,5.11,53.23,52.3,24.45,19,8.53,Average,0.0,1,14.37,Moderate Delay
Urban,Local Bus,14,4,Clear,8.01,78.81,41.4,16.21,24,17.55,Good,2.3,0,7.9,Moderate Delay
Urban,Local Bus,16,2,Heavy Rain,3.63,63.34,54.93,8.03,13,8.43,Good,3.55,0,19.09,Major Delay
Urban,Feeder Bus,16,5,Rain,3.04,33.66,18.79,19.61,34,7.22,Good,6.28,0,8.77,Moderate Delay
Urban,Local Bus,22,6,Rain,5.97,54.31,79.99,21.41,10,5.07,Poor,3.6,0,19.49,Major Delay
Rural,Local Bus,16,5,Clear,2.46,19.21,31.32,11.98,10,10.68,Average,0.0,0,9.03,Moderate Delay
Urban,Express Bus,20,6,Cloudy,1.48,51.13,41.87,9.14,16,10.24,Good,1.6,1,13.58,Moderate Delay
Urban,Local Bus,10,1,Clear,3.97,40.48,59.68,3.0,18,14.61,Poor,4.38,0,19.17,Major Delay
Urban,Local Bus,8,2,Clear,1.8,24.09,85.55,20.6,12,4.84,Good,6.8,0,15.44,Major Delay
Urban,Feeder Bus,16,1,Clear,4.4,62.35,40.91,3.48,33,2.58,Good,8.5,0,16.04,Major Delay
Urban,Local Bus,7,2,Rain,1.16,2.52,54.27,13.71,30,2.0,Good,2.13,1,18.91,Major Delay
Urban,Local Bus,7,5,Clear,3.13,20.73,63.87,3.65,11,13.28,Poor,0.0,0,20.11,Major Delay
Urban,Express Bus,8,4,Cloudy,1.25,23.49,44.57,24.81,30,16.17,Good,0.0,0,2.28,On Time / Minor
Urban,Local Bus,9,0,Rain,0.05,36.39,55.59,22.01,14,15.77,Good,9.33,0,13.83,Moderate Delay
Urban,Local Bus,6,5,Rain,8.3,77.88,26.19,15.8,18,8.49,Good,1.32,0,16.5,Major Delay
Rural,Local Bus,18,1,Clear,3.76,65.35,47.45,20.29,34,11.65,Good,0.0,0,14.22,Moderate Delay
Urban,Local Bus,15,1,Cloudy,10.26,50.42,82.61,13.21,29,2.0,Average,4.34,0,13.76,Moderate Delay
Urban,Feeder Bus,8,3,Clear,5.92,49.34,74.31,9.05,15,19.09,Good,11.57,0,18.25,Major Delay
Urban,Local Bus,10,1,Clear,1.49,47.73,49.12,3.94,24,16.78,Average,0.0,0,18.82,Major Delay
Urban,Local Bus,21,6,Clear,9.23,79.55,37.74,18.75,29,15.52,Poor,6.46,1,19.07,Major Delay
Urban,Local Bus,21,1,Cloudy,9.7,6.24,53.75,7.94,22,6.51,Good,1.23,0,8.99,Moderate Delay
Urban,Feeder Bus,7,1,Rain,5.72,65.75,28.73,29.16,12,9.18,Poor,4.06,0,12.72,Moderate Delay
Urban,Local Bus,16,5,Heavy Rain,0.08,36.31,54.06,7.33,29,10.05,Average,7.56,0,22.15,Major Delay
Urban,Feeder Bus,10,2,Clear,1.61,59.57,49.8,20.07,15,19.5,Poor,9.58,0,18.61,Major Delay
Urban,Local Bus,11,5,Clear,3.51,59.68,49.07,21.66,29,16.0,Good,0.85,0,9.45,Moderate Delay
Rural,Feeder Bus,15,4,Clear,4.31,64.86,55.18,5.96,21,10.07,Average,7.25,0,12.46,Moderate Delay
Urban,Local Bus,22,1,Heavy Rain,1.09,84.42,68.74,11.3,28,13.92,Average,4.69,1,27.04,Major Delay
Urban,Local Bus,15,4,Rain,0.29,16.47,37.23,12.62,29,6.44,Good,5.51,0,17.52,Major Delay
Urban,Local Bus,22,3,Heavy Rain,9.49,71.13,77.15,34.9,21,4.08,Average,9.68,0,21.81,Major Delay
Urban,Local Bus,19,0,Clear,3.02,46.53,80.5,12.53,14,10.66,Good,0.0,0,11.02,Moderate Delay
Rural,Express Bus,19,5,Clear,3.15,37.4,100.0,7.17,14,5.31,Average,7.37,0,19.36,Major Delay
Urban,Express Bus,19,6,Cloudy,8.16,94.78,63.93,16.95,6,2.54,Average,4.28,0,17.05,Major Delay
Urban,Express Bus,19,6,Clear,2.05,64.14,87.46,7.71,17,11.17,Average,9.42,0,12.39,Moderate Delay
Urban,Local Bus,9,0,Clear,7.38,38.4,77.53,13.63,11,9.68,Good,5.55,1,19.7,Major Delay
Urban,Express Bus,22,1,Clear,1.89,70.02,61.81,11.27,25,5.96,Poor,2.74,0,13.6,Moderate Delay
Rural,Local Bus,21,5,Clear,9.15,46.94,33.66,17.11,24,9.0,Good,7.86,0,15.54,Major Delay
Urban,Feeder Bus,15,2,Clear,0.54,38.04,75.91,10.63,32,12.89,Average,0.66,1,15.44,Major Delay
Rural,Express Bus,17,4,Heavy Rain,1.06,34.06,62.79,9.82,9,9.87,Average,1.5,0,11.36,Moderate Delay
Urban,Express Bus,20,2,Rain,9.29,55.0,93.75,20.47,26,11.7,Good,0.0,0,14.82,Moderate Delay
Rural,Feeder Bus,7,1,Rain,2.26,33.88,72.8,15.73,11,10.15,Average,0.37,0,12.2,Moderate Delay
Urban,Express Bus,6,4,Clear,0.99,51.57,79.12,14.17,28,19.65,Poor,0.0,0,13.63,Moderate Delay
Urban,Express Bus,22,1,Rain,5.64,68.4,46.43,3.0,29,17.65,Poor,0.95,0,11.28,Moderate Delay
Rural,Local Bus,14,0,Clear,2.28,50.54,62.89,17.73,13,11.58,Good,3.13,0,10.67,Moderate Delay
Urban,Express Bus,17,3,Clear,3.54,93.46,19.53,11.18,34,6.9,Good,7.3,0,7.34,Moderate Delay
Urban,Local Bus,14,1,Clear,11.53,48.3,69.09,15.67,18,8.2,Good,0.0,0,11.99,Moderate Delay
Rural,Local Bus,14,1,Clear,2.98,79.03,82.36,3.0,24,4.54,Average,1.0,0,7.28,Moderate Delay
Urban,Feeder Bus,5,5,Rain,0.09,70.45,85.84,15.66,27,7.01,Good,2.62,0,13.1,Moderate Delay
Rural,Local Bus,10,3,Rain,14.89,83.08,50.9,15.16,23,14.34,Good,7.33,1,24.22,Major Delay
Urban,Express Bus,6,3,Clear,4.4,93.36,21.73,12.62,31,8.03,Good,4.4,0,14.32,Moderate Delay
Rural,Local Bus,12,1,Cloudy,5.47,7.49,47.25,8.68,7,10.13,Poor,5.37,0,10.65,Moderate Delay
Rural,Local Bus,5,1,Clear,4.02,54.1,56.44,21.0,20,16.91,Good,7.91,0,14.94,Moderate Delay
Urban,Feeder Bus,19,2,Clear,2.99,45.43,66.18,9.52,28,13.77,Average,6.01,0,10.75,Moderate Delay
Urban,Local Bus,10,2,Cloudy,0.78,50.56,17.41,19.46,5,11.34,Good,0.49,0,14.16,Moderate Delay
Urban,Express Bus,18,3,Rain,1.16,38.86,55.91,20.28,19,10.43,Average,12.05,0,21.42,Major Delay
Urban,Express Bus,5,0,Rain,22.21,35.5,37.25,9.01,31,10.01,Average,0.0,0,14.12,Moderate Delay
Rural,Feeder Bus,5,6,Clear,9.93,22.71,86.93,18.49,14,15.66,Poor,7.99,0,14.24,Moderate Delay
Urban,Local Bus,12,2,Cloudy,5.42,50.24,11.3,11.42,7,12.49,Average,5.7,0,4.12,On Time / Minor
Urban,Express Bus,19,5,Clear,2.51,69.48,78.25,17.83,16,9.72,Good,9.72,1,16.82,Major Delay
Urban,Local Bus,19,2,Clear,0.61,36.65,54.81,8.38,20,4.63,Good,2.33,0,15.64,Major Delay
Urban,Local Bus,14,3,Clear,11.21,40.44,17.06,13.31,7,13.41,Good,1.02,0,10.67,Moderate Delay
Rural,Local Bus,16,0,Clear,4.58,31.94,91.55,14.46,19,12.71,Good,0.0,0,12.38,Moderate Delay
Urban,Local Bus,17,4,Clear,3.37,25.13,85.0,13.82,24,3.09,Poor,0.0,0,12.74,Moderate Delay
Urban,Local Bus,17,0,Clear,2.11,42.57,83.0,16.29,33,10.23,Average,2.66,0,18.25,Major Delay
Rural,Local Bus,18,5,Cloudy,3.43,55.89,59.86,9.15,25,12.67,Poor,0.0,0,15.64,Major Delay
Rural,Local Bus,5,6,Clear,1.74,76.92,44.57,10.69,8,9.69,Good,0.0,0,15.47,Major Delay
Urban,Express Bus,12,2,Clear,1.27,20.58,59.3,18.28,33,20.07,Poor,0.0,1,18.58,Major Delay
Rural,Local Bus,20,6,Heavy Rain,0.74,47.3,68.92,11.53,24,18.64,Poor,8.67,1,30.61,Major Delay
Urban,Local Bus,12,4,Rain,0.92,75.1,47.15,11.02,30,4.69,Average,0.0,0,17.91,Major Delay
Rural,Local Bus,7,0,Clear,0.81,20.89,40.84,8.95,14,9.76,Good,5.51,0,8.15,Moderate Delay
Urban,Local Bus,16,1,Clear,6.6,77.14,67.86,11.24,5,15.84,Poor,2.87,0,14.75,Moderate Delay
Urban,Express Bus,10,4,Clear,4.33,37.9,61.91,7.84,18,10.58,Poor,5.24,0,23.05,Major Delay
Urban,Feeder Bus,14,4,Heavy Rain,3.27,64.36,76.52,18.38,15,14.68,Good,2.19,0,16.44,Major Delay
Urban,Express Bus,14,0,Clear,5.38,42.98,88.46,11.31,17,7.76,Poor,7.37,0,16.03,Major Delay
Urban,Express Bus,17,4,Clear,0.81,58.55,75.13,7.5,33,3.15,Poor,6.57,0,19.25,Major Delay
Urban,Local Bus,21,5,Rain,3.95,85.01,34.95,12.78,15,14.47,Good,9.55,0,17.61,Major Delay
Urban,Feeder Bus,17,0,Rain,0.77,45.21,57.74,5.62,13,9.34,Good,0.2,0,15.85,Major Delay
Urban,Local Bus,22,6,Clear,0.45,70.92,65.74,8.87,31,23.89,Good,0.0,0,22.19,Major Delay
Urban,Local Bus,5,3,Clear,1.64,54.32,74.18,22.13,31,15.7,Average,1.56,0,16.24,Major Delay
Urban,Local Bus,19,4,Clear,17.04,29.92,75.16,7.47,26,5.7,Poor,4.07,1,24.2,Major Delay
Rural,Local Bus,12,0,Clear,6.52,44.65,56.84,13.14,8,14.37,Poor,6.13,0,14.37,Moderate Delay
Rural,Express Bus,18,4,Clear,0.13,43.21,48.19,27.24,31,10.65,Good,0.37,0,9.14,Moderate Delay
Urban,Local Bus,6,3,Rain,0.03,15.53,78.17,15.5,6,13.63,Average,4.5,0,17.1,Major Delay
Urban,Local Bus,14,2,Rain,1.24,58.56,65.55,10.94,29,7.38,Average,2.59,0,23.47,Major Delay
Urban,Local Bus,5,5,Cloudy,2.07,63.13,63.63,3.0,27,12.56,Average,2.17,0,21.33,Major Delay
Urban,Feeder Bus,16,1,Cloudy,0.62,66.68,43.91,15.0,17,16.3,Average,3.46,0,2.81,On Time / Minor
Rural,Express Bus,8,0,Cloudy,9.15,80.89,100.0,9.39,10,15.11,Average,11.0,0,12.14,Moderate Delay
Urban,Feeder Bus,7,3,Clear,4.25,69.94,62.98,17.35,6,16.47,Good,7.45,0,21.8,Major Delay
Urban,Feeder Bus,6,5,Rain,5.41,34.13,56.26,9.94,6,26.58,Good,8.75,0,13.55,Moderate Delay
Urban,Feeder Bus,9,0,Clear,1.68,39.03,62.98,15.66,13,8.67,Poor,5.31,0,15.36,Major Delay
Urban,Local Bus,22,6,Clear,4.87,67.29,55.37,22.68,19,20.03,Good,12.31,0,13.6,Moderate Delay
Rural,Local Bus,22,4,Clear,2.71,56.96,32.22,18.03,15,12.48,Good,7.95,1,9.26,Moderate Delay
Urban,Local Bus,6,6,Rain,0.78,47.59,63.97,6.09,23,9.06,Poor,0.0,0,17.02,Major Delay
Urban,Local Bus,22,3,Cloudy,5.64,27.88,28.97,14.53,8,10.96,Poor,7.14,0,12.84,Moderate Delay
Urban,Express Bus,15,0,Clear,4.41,35.79,60.06,19.78,26,15.51,Average,5.19,0,10.6,Moderate Delay
Rural,Local Bus,10,1,Clear,0.6,61.4,26.14,4.88,9,9.16,Good,6.61,0,9.14,Moderate Delay
Urban,Local Bus,21,3,Rain,9.93,3.13,14.91,24.12,18,2.0,Average,0.0,0,14.58,Moderate Delay
Rural,Express Bus,9,4,Clear,8.36,0.0,70.26,14.85,5,15.2,Average,0.0,0,8.92,Moderate Delay
Rural,Local Bus,8,5,Clear,0.03,63.95,35.93,17.46,32,12.14,Good,3.02,0,14.6,Moderate Delay
Urban,Local Bus,9,5,Rain,6.26,35.73,66.68,11.94,18,8.4,Good,0.0,0,16.83,Major Delay
Rural,Local Bus,7,5,Cloudy,1.64,58.78,61.39,14.28,16,4.7,Good,7.02,0,12.63,Moderate Delay
Urban,Express Bus,13,4,Clear,5.42,84.26,60.94,8.63,10,13.03,Average,4.24,0,10.82,Moderate Delay
Urban,Local Bus,7,0,Clear,13.2,24.7,45.46,23.28,11,17.45,Poor,13.24,0,13.51,Moderate Delay
Urban,Local Bus,9,3,Heavy Rain,3.85,9.6,55.38,24.76,13,6.52,Average,5.37,0,22.48,Major Delay
Urban,Local Bus,11,5,Clear,6.85,41.64,44.87,26.88,7,12.41,Good,6.97,1,12.87,Moderate Delay
Urban,Express Bus,16,5,Rain,2.09,32.25,76.9,3.41,19,22.07,Good,6.39,0,19.69,Major Delay
Urban,Local Bus,20,5,Rain,1.04,47.42,48.34,15.98,9,15.74,Average,3.89,0,19.04,Major Delay
Urban,Local Bus,6,0,Rain,5.69,60.37,53.03,16.59,9,11.02,Average,4.09,0,22.13,Major Delay
Urban,Feeder Bus,16,3,Clear,6.05,55.51,72.89,9.77,7,10.52,Good,3.22,0,10.44,Moderate Delay
Urban,Feeder Bus,6,4,Clear,3.18,49.06,45.57,16.24,6,8.66,Poor,0.0,0,9.35,Moderate Delay
Urban,Local Bus,22,1,Clear,19.68,72.34,22.18,5.38,29,11.41,Poor,9.11,0,26.34,Major Delay
Urban,Local Bus,9,2,Clear,5.09,63.43,36.78,22.83,27,8.98,Poor,9.16,0,23.69,Major Delay
Rural,Local Bus,20,0,Clear,1.18,43.83,79.12,4.8,25,9.71,Good,7.82,0,9.59,Moderate Delay
Rural,Express Bus,18,1,Clear,8.08,62.61,59.65,15.5,31,10.47,Average,3.94,0,16.23,Major Delay
Urban,Local Bus,10,0,Clear,6.45,12.45,63.84,18.74,18,3.03,Average,2.82,0,16.1,Major Delay
Urban,Feeder Bus,10,6,Cloudy,4.96,72.47,63.91,10.4,15,10.36,Average,0.0,0,15.13,Major Delay
Urban,Feeder Bus,10,6,Clear,1.69,48.51,93.77,22.24,17,24.67,Good,0.0,0,10.14,Moderate Delay
Rural,Express Bus,13,2,Clear,6.28,20.38,16.5,3.05,18,4.25,Good,0.53,0,4.93,On Time / Minor
Urban,Local Bus,12,0,Clear,0.8,38.42,55.44,13.82,8,18.88,Good,4.52,1,14.92,Moderate Delay
Rural,Feeder Bus,16,2,Cloudy,13.99,71.86,58.6,3.88,13,16.49,Poor,5.37,0,15.25,Major Delay
Urban,Express Bus,13,3,Clear,2.55,30.34,57.59,9.36,19,14.49,Average,0.92,1,15.82,Major Delay
Urban,Express Bus,19,1,Rain,3.52,57.44,73.99,11.04,18,8.62,Poor,0.0,0,13.61,Moderate Delay
Rural,Local Bus,13,4,Clear,3.37,68.21,74.5,10.67,16,15.91,Average,0.17,0,14.99,Moderate Delay
Urban,Express Bus,10,6,Cloudy,19.14,48.56,53.68,21.63,7,20.53,Good,2.9,0,18.93,Major Delay
Rural,Feeder Bus,10,5,Rain,1.91,28.11,24.21,6.97,13,16.81,Average,0.0,0,16.08,Major Delay
Urban,Feeder Bus,18,5,Cloudy,2.69,46.53,100.0,4.67,18,12.68,Good,4.41,0,21.61,Major Delay
Urban,Express Bus,7,5,Cloudy,2.92,15.58,57.88,11.41,11,11.54,Poor,11.56,0,15.67,Major Delay
Urban,Local Bus,10,0,Rain,0.64,36.76,59.75,14.68,18,8.26,Good,0.0,0,16.49,Major Delay
Urban,Local Bus,10,3,Clear,5.28,22.53,83.25,17.02,14,12.0,Good,14.1,0,14.78,Moderate Delay
Urban,Express Bus,16,3,Clear,4.05,46.92,50.13,20.92,14,14.2,Average,0.0,0,8.47,Moderate Delay
Urban,Feeder Bus,7,0,Heavy Rain,1.79,18.81,83.83,3.0,32,11.7,Average,2.39,0,25.27,Major Delay
Urban,Express Bus,13,1,Rain,5.53,49.92,51.87,24.13,31,11.11,Average,5.92,0,12.45,Moderate Delay
Urban,Local Bus,17,3,Cloudy,4.76,74.06,94.58,9.09,26,11.18,Good,3.27,1,24.24,Major Delay
Urban,Local Bus,21,5,Clear,0.92,75.5,67.11,12.33,17,20.68,Average,0.0,0,17.29,Major Delay
Urban,Express Bus,12,1,Clear,5.34,19.35,44.49,14.14,29,12.4,Good,4.75,0,5.5,Moderate Delay
Urban,Feeder Bus,22,3,Rain,0.21,32.68,100.0,3.0,9,12.58,Average,3.89,1,22.96,Major Delay
Urban,Local Bus,15,0,Cloudy,3.56,67.61,70.05,11.41,10,2.0,Average,2.19,0,21.72,Major Delay
Rural,Local Bus,18,0,Clear,1.24,64.19,45.82,19.95,27,16.35,Good,3.86,0,17.59,Major Delay
Urban,Feeder Bus,9,4,Clear,11.6,33.85,29.86,17.79,32,14.45,Good,5.71,0,7.07,Moderate Delay
Urban,Local Bus,21,3,Rain,8.54,36.81,71.95,11.0,9,14.22,Good,0.0,0,23.06,Major Delay
Rural,Local Bus,9,5,Cloudy,11.71,49.89,85.68,15.28,19,14.55,Good,6.18,0,8.8,Moderate Delay
Urban,Local Bus,7,6,Heavy Rain,1.43,5.83,65.74,16.77,7,6.77,Average,0.45,0,12.92,Moderate Delay
Urban,Local Bus,6,1,Clear,0.98,60.08,64.6,12.45,34,10.07,Good,11.18,0,10.43,Moderate Delay
Rural,Local Bus,16,2,Clear,3.03,72.91,89.17,16.95,16,20.33,Good,8.7,0,14.62,Moderate Delay
Urban,Express Bus,16,5,Clear,1.63,39.05,69.97,9.2,29,4.51,Average,0.0,0,4.9,On Time / Minor
Urban,Express Bus,8,0,Clear,1.24,15.36,44.84,8.33,28,4.82,Average,9.65,0,5.52,Moderate Delay
Rural,Express Bus,20,5,Clear,9.15,80.49,45.7,12.22,9,4.17,Poor,5.54,0,12.75,Moderate Delay
Rural,Express Bus,9,6,Clear,9.03,53.05,69.11,3.0,33,10.59,Poor,6.15,0,16.04,Major Delay
Urban,Local Bus,15,0,Clear,6.94,64.31,68.04,18.16,33,19.49,Average,2.59,0,16.09,Major Delay
Urban,Local Bus,14,0,Clear,4.83,17.61,79.76,14.5,24,12.91,Good,1.79,1,16.72,Major Delay
Rural,Local Bus,15,4,Rain,2.47,17.7,65.37,12.67,33,16.95,Average,2.15,0,21.83,Major Delay
Urban,Local Bus,18,3,Clear,6.39,57.52,71.6,18.78,31,2.0,Average,0.0,1,18.94,Major Delay
Urban,Express Bus,21,6,Clear,6.12,71.63,64.96,16.32,21,7.31,Average,0.0,0,13.7,Moderate Delay
Urban,Local Bus,17,3,Cloudy,4.29,22.03,77.28,20.38,22,8.1,Poor,0.31,1,19.12,Major Delay
Urban,Express Bus,21,4,Clear,9.22,45.66,72.92,23.48,34,19.52,Average,0.29,0,17.48,Major Delay
Urban,Local Bus,20,1,Cloudy,4.15,11.49,52.83,15.98,10,12.23,Good,0.0,0,16.7,Major Delay
Urban,Local Bus,11,2,Rain,0.17,31.86,54.23,9.68,19,11.27,Average,6.41,0,14.89,Moderate Delay
Urban,Local Bus,15,1,Cloudy,2.27,42.09,64.48,18.35,21,12.49,Good,4.72,0,8.7,Moderate Delay
Urban,Local Bus,8,1,Clear,1.45,59.24,60.24,9.7,7,10.33,Poor,0.54,0,15.2,Major Delay
Rural,Express Bus,21,0,Rain,0.96,0.0,84.28,9.43,27,21.46,Good,1.94,0,10.93,Moderate Delay
Urban,Feeder Bus,22,6,Heavy Rain,1.06,78.37,62.24,12.24,23,21.26,Average,4.62,0,22.34,Major Delay
Urban,Local Bus,20,0,Rain,1.94,44.08,29.53,20.95,7,17.12,Average,0.0,0,15.49,Major Delay
Urban,Express Bus,18,3,Clear,1.62,77.77,34.36,18.5,30,16.56,Good,0.0,0,11.83,Moderate Delay
Urban,Express Bus,20,3,Cloudy,5.13,64.07,53.22,19.32,17,8.96,Average,9.48,1,13.22,Moderate Delay
Rural,Local Bus,19,0,Cloudy,1.34,67.6,72.44,14.74,8,13.86,Good,2.93,0,13.41,Moderate Delay
Rural,Local Bus,9,5,Clear,5.37,94.47,43.49,17.42,7,2.0,Good,4.85,0,14.11,Moderate Delay
Urban,Local Bus,9,3,Clear,7.52,30.02,71.03,17.61,13,9.37,Good,4.36,0,18.95,Major Delay
Urban,Local Bus,14,0,Rain,5.25,51.12,42.66,9.87,16,3.75,Average,0.0,0,13.24,Moderate Delay
Urban,Feeder Bus,12,0,Clear,3.65,25.21,61.18,17.53,17,14.02,Poor,0.07,0,13.72,Moderate Delay
Urban,Local Bus,18,4,Rain,5.78,45.65,66.29,13.98,21,11.01,Good,3.43,0,17.53,Major Delay
Urban,Local Bus,18,4,Heavy Rain,1.0,64.56,35.13,11.57,24,15.36,Average,2.5,0,21.43,Major Delay
Urban,Express Bus,22,2,Clear,0.24,73.93,65.91,11.86,26,14.79,Poor,0.0,0,14.07,Moderate Delay
Urban,Local Bus,19,2,Clear,6.02,39.21,90.31,10.69,18,17.14,Good,5.21,1,12.53,Moderate Delay
Urban,Express Bus,5,0,Heavy Rain,4.11,20.29,54.05,12.31,15,7.69,Poor,6.35,1,23.82,Major Delay
Urban,Local Bus,11,0,Clear,12.4,49.69,59.53,13.95,27,2.53,Good,1.6,0,15.26,Major Delay
Urban,Local Bus,10,3,Rain,7.64,28.4,63.07,17.99,8,21.23,Average,8.51,0,17.59,Major Delay
Urban,Local Bus,16,2,Clear,2.28,34.71,59.81,23.06,32,8.8,Average,6.16,0,16.41,Major Delay
Urban,Local Bus,11,1,Clear,2.61,63.45,58.48,17.41,19,11.3,Poor,5.43,0,11.4,Moderate Delay
Urban,Local Bus,22,2,Clear,3.78,59.17,56.94,14.7,23,16.88,Good,1.0,0,18.5,Major Delay
Urban,Express Bus,10,4,Clear,2.77,67.19,26.65,3.0,8,10.06,Good,2.65,0,7.89,Moderate Delay
Urban,Express Bus,12,2,Rain,3.7,40.24,67.06,28.51,7,5.8,Average,7.67,0,12.15,Moderate Delay
Urban,Express Bus,19,2,Clear,1.71,71.21,36.5,9.75,7,22.11,Average,0.0,0,15.76,Major Delay
Rural,Local Bus,11,1,Clear,6.65,48.33,65.53,9.95,16,8.78,Average,0.0,0,7.53,Moderate Delay
Rural,Feeder Bus,5,4,Cloudy,4.98,41.46,72.02,21.59,26,20.77,Average,1.46,0,11.89,Moderate Delay
Urban,Local Bus,10,0,Heavy Rain,3.0,22.73,66.14,7.39,33,13.38,Average,3.4,0,21.51,Major Delay
Urban,Feeder Bus,11,6,Clear,0.82,0.0,40.33,16.23,23,16.58,Good,3.01,0,10.99,Moderate Delay
Rural,Express Bus,16,3,Rain,2.95,12.03,64.31,11.22,17,16.48,Good,6.11,0,8.39,Moderate Delay
Urban,Express Bus,17,1,Clear,4.37,52.96,53.73,12.48,20,9.5,Good,4.71,0,14.95,Moderate Delay
Urban,Local Bus,14,5,Rain,2.77,27.13,46.2,14.3,10,14.56,Good,3.6,0,14.35,Moderate Delay
Urban,Express Bus,12,6,Rain,2.15,10.16,99.27,6.84,10,21.43,Average,1.99,0,9.24,Moderate Delay
Urban,Express Bus,14,0,Rain,0.11,38.35,40.04,13.26,30,18.17,Good,7.58,0,17.22,Major Delay
Urban,Local Bus,7,1,Cloudy,19.68,54.43,67.89,20.16,32,17.35,Average,9.5,0,27.3,Major Delay
Urban,Express Bus,8,1,Heavy Rain,1.2,57.55,88.52,13.55,30,15.02,Good,2.02,0,18.51,Major Delay
Urban,Local Bus,15,0,Clear,4.61,47.34,65.66,34.99,30,11.08,Poor,5.45,0,15.44,Major Delay
Urban,Local Bus,20,5,Rain,0.96,46.6,45.7,14.55,26,7.3,Good,2.21,1,14.68,Moderate Delay
Urban,Express Bus,14,1,Rain,4.23,35.62,46.97,6.82,30,19.56,Good,0.0,0,13.32,Moderate Delay
Urban,Feeder Bus,6,2,Clear,4.64,62.58,30.06,10.87,6,8.74,Average,0.0,0,14.31,Moderate Delay
Urban,Local Bus,22,5,Heavy Rain,2.37,43.93,59.87,3.0,6,9.15,Good,9.38,0,17.56,Major Delay
Urban,Local Bus,10,4,Rain,2.75,46.24,60.6,20.47,31,11.68,Average,7.5,0,17.41,Major Delay
Urban,Local Bus,18,4,Rain,1.56,71.87,52.99,23.63,7,4.27,Good,5.51,0,20.72,Major Delay
Urban,Local Bus,21,0,Clear,19.68,66.21,86.48,19.06,12,9.73,Average,8.49,0,14.41,Moderate Delay
Rural,Local Bus,22,6,Rain,7.05,43.75,57.25,8.96,19,7.82,Good,0.0,0,11.35,Moderate Delay
Urban,Local Bus,7,0,Clear,3.67,40.48,27.0,8.77,20,4.41,Good,7.95,0,12.71,Moderate Delay
Urban,Express Bus,8,4,Heavy Rain,1.77,40.3,88.33,18.42,13,5.31,Average,5.24,0,14.3,Moderate Delay
Urban,Local Bus,16,4,Clear,6.44,1.51,35.03,10.87,31,11.42,Average,1.35,0,9.13,Moderate Delay
Rural,Local Bus,18,2,Cloudy,6.5,73.23,68.95,8.84,15,16.67,Average,0.0,0,23.31,Major Delay
Rural,Local Bus,20,5,Clear,0.99,32.25,71.57,8.17,28,11.09,Good,0.0,0,16.17,Major Delay
Rural,Local Bus,14,6,Rain,0.39,67.66,57.23,25.21,26,6.07,Average,12.1,1,22.96,Major Delay
Urban,Local Bus,7,0,Clear,1.74,48.96,77.5,11.22,6,8.25,Good,11.93,0,17.93,Major Delay
Urban,Local Bus,17,6,Rain,1.65,80.01,60.38,18.99,33,13.25,Average,0.0,0,23.07,Major Delay
Urban,Local Bus,17,1,Rain,0.46,60.18,51.65,17.3,11,17.28,Poor,0.0,1,21.32,Major Delay
Urban,Local Bus,13,5,Clear,1.19,68.98,17.15,8.91,23,16.34,Good,10.01,0,13.93,Moderate Delay
Urban,Express Bus,16,5,Rain,0.83,34.38,24.21,14.24,23,12.75,Good,3.1,0,12.57,Moderate Delay
Urban,Feeder Bus,8,3,Cloudy,9.34,18.44,100.0,7.99,5,19.12,Average,0.0,0,13.5,Moderate Delay
Urban,Local Bus,19,6,Clear,4.38,51.39,73.57,22.69,34,8.9,Poor,0.0,0,24.0,Major Delay
Rural,Local Bus,5,5,Clear,4.93,3.9,83.99,8.54,6,5.67,Average,0.0,0,4.32,On Time / Minor
Urban,Local Bus,20,3,Clear,6.83,37.24,100.0,16.19,17,10.12,Average,10.02,0,17.47,Major Delay
Urban,Local Bus,20,1,Clear,0.93,20.64,51.71,11.03,11,17.85,Average,4.75,0,18.39,Major Delay
Urban,Express Bus,17,3,Cloudy,5.01,28.69,56.15,8.45,11,15.05,Good,0.0,0,14.17,Moderate Delay
Rural,Express Bus,19,6,Cloudy,2.11,61.7,25.97,20.46,5,17.0,Poor,0.0,0,10.74,Moderate Delay
Rural,Local Bus,21,1,Clear,9.32,60.19,53.18,10.87,8,11.11,Average,11.41,0,15.75,Major Delay
Urban,Local Bus,7,6,Heavy Rain,8.22,44.27,52.65,3.02,9,12.28,Poor,5.01,0,26.48,Major Delay
Rural,Local Bus,14,1,Clear,10.94,55.36,51.15,16.55,25,10.5,Poor,0.0,0,23.35,Major Delay
Rural,Local Bus,16,4,Rain,1.08,35.56,80.0,9.76,6,7.27,Poor,0.25,0,14.11,Moderate Delay
Rural,Feeder Bus,21,4,Rain,2.8,100.0,73.29,14.95,21,11.76,Good,2.95,0,17.47,Major Delay
Rural,Local Bus,18,1,Rain,1.61,54.92,77.39,19.14,13,10.47,Poor,8.25,0,20.19,Major Delay
Urban,Local Bus,15,3,Cloudy,1.46,34.42,34.58,16.14,6,9.17,Good,3.01,0,15.05,Major Delay
Rural,Local Bus,15,1,Clear,1.71,68.13,59.55,19.33,6,14.62,Good,10.39,0,12.25,Moderate Delay
Urban,Local Bus,7,2,Rain,6.03,76.52,65.85,6.21,30,12.23,Good,4.81,0,19.03,Major Delay
Rural,Local Bus,10,6,Rain,1.52,30.19,96.33,21.19,32,18.35,Good,0.0,0,20.56,Major Delay
Urban,Local Bus,12,0,Rain,1.19,15.37,61.31,12.22,23,7.26,Good,6.17,1,14.73,Moderate Delay
Rural,Local Bus,20,6,Clear,1.48,19.93,55.7,5.44,20,9.56,Average,2.59,0,14.45,Moderate Delay
Rural,Local Bus,20,4,Cloudy,0.52,32.59,80.71,3.0,12,2.74,Good,0.97,0,15.23,Major Delay
Urban,Express Bus,16,5,Clear,1.55,46.75,53.81,12.15,30,6.64,Good,5.47,0,5.05,Moderate Delay
Rural,Local Bus,6,1,Cloudy,8.46,10.53,68.37,9.28,19,14.74,Good,2.26,0,8.68,Moderate Delay
Urban,Local Bus,17,6,Rain,15.96,38.38,67.78,9.38,25,15.66,Average,4.51,0,27.83,Major Delay
Urban,Feeder Bus,13,1,Clear,2.15,43.22,48.57,16.01,28,15.06,Average,0.88,0,13.76,Moderate Delay
Urban,Local Bus,16,3,Clear,8.87,55.47,45.14,24.32,18,18.08,Average,0.68,0,9.47,Moderate Delay
Rural,Feeder Bus,12,0,Clear,12.65,62.07,57.37,8.59,14,14.32,Average,9.04,0,15.09,Major Delay
Urban,Feeder Bus,17,6,Clear,0.21,57.24,49.34,14.55,18,11.92,Average,4.07,0,8.33,Moderate Delay
Urban,Local Bus,8,4,Clear,2.1,89.22,28.03,10.59,31,14.96,Good,5.55,0,17.65,Major Delay
Urban,Local Bus,7,1,Clear,10.44,73.16,72.43,8.08,26,7.83,Average,0.61,0,19.68,Major Delay
Urban,Feeder Bus,8,4,Clear,6.3,53.11,69.41,7.9,25,3.41,Average,8.82,0,17.09,Major Delay
Urban,Local Bus,21,1,Cloudy,7.53,25.68,43.14,23.85,14,9.67,Good,4.53,0,8.14,Moderate Delay
Rural,Local Bus,6,3,Rain,3.29,32.46,41.2,14.08,14,10.26,Poor,1.81,1,25.03,Major Delay
Urban,Express Bus,10,3,Clear,4.47,15.14,67.77,12.86,20,12.2,Good,9.83,1,13.98,Moderate Delay
Rural,Local Bus,11,6,Clear,2.41,51.53,93.04,9.89,5,7.65,Poor,1.81,0,8.93,Moderate Delay
Urban,Feeder Bus,20,2,Rain,8.76,55.62,78.42,14.4,8,8.64,Good,4.4,0,16.33,Major Delay
Rural,Express Bus,11,0,Clear,2.45,68.54,82.01,10.17,21,15.59,Average,0.0,1,19.24,Major Delay
Urban,Feeder Bus,21,3,Clear,3.84,54.15,51.91,25.58,28,5.56,Good,0.37,1,18.94,Major Delay
Urban,Express Bus,22,6,Clear,1.73,72.24,66.31,15.51,16,11.17,Poor,7.38,0,6.58,Moderate Delay
Urban,Express Bus,16,5,Heavy Rain,1.22,72.71,55.35,14.84,14,8.56,Average,3.25,0,15.82,Major Delay
Urban,Local Bus,11,0,Clear,9.4,24.35,43.48,14.7,26,3.22,Good,3.96,0,10.11,Moderate Delay
Urban,Feeder Bus,15,0,Heavy Rain,8.6,36.08,61.91,21.85,10,9.63,Good,3.05,0,17.59,Major Delay
Rural,Feeder Bus,17,5,Clear,1.49,47.75,40.64,13.87,7,7.19,Average,3.26,0,6.75,Moderate Delay
Urban,Feeder Bus,6,5,Clear,4.6,31.76,43.1,11.14,27,9.58,Good,0.8,0,12.54,Moderate Delay
Urban,Express Bus,19,3,Clear,8.56,42.4,49.1,14.97,19,12.08,Good,1.15,0,14.36,Moderate Delay
Urban,Express Bus,12,0,Rain,18.27,54.93,51.23,18.75,7,2.0,Poor,2.03,0,12.37,Moderate Delay
Rural,Local Bus,20,1,Cloudy,4.97,45.17,57.41,21.1,24,16.84,Average,2.05,0,15.46,Major Delay
Urban,Feeder Bus,16,5,Cloudy,8.21,48.01,16.67,15.29,33,26.71,Good,5.81,0,16.51,Major Delay
Urban,Local Bus,20,0,Heavy Rain,8.1,26.32,39.35,15.38,15,6.96,Average,5.65,0,27.27,Major Delay
Urban,Local Bus,6,1,Cloudy,7.18,59.65,89.42,19.96,25,8.73,Good,10.09,0,20.52,Major Delay
Urban,Local Bus,5,3,Clear,0.3,57.97,57.82,3.0,26,7.57,Average,6.96,0,14.46,Moderate Delay
Urban,Express Bus,7,5,Rain,4.42,30.46,69.23,14.53,27,6.26,Good,0.0,0,15.95,Major Delay
Urban,Express Bus,20,5,Clear,2.49,18.26,66.32,10.49,19,21.64,Good,0.15,0,10.46,Moderate Delay
Urban,Local Bus,22,4,Cloudy,1.16,76.3,55.83,14.35,7,10.12,Good,8.15,0,11.33,Moderate Delay
Urban,Local Bus,22,3,Rain,0.97,88.21,40.34,16.13,8,15.15,Poor,6.8,0,22.11,Major Delay
Urban,Local Bus,10,2,Clear,1.74,53.4,47.0,21.47,21,17.56,Good,8.7,0,17.24,Major Delay
Urban,Local Bus,9,0,Clear,10.25,39.68,97.17,5.69,20,16.91,Average,3.48,0,18.77,Major Delay
Rural,Local Bus,11,1,Cloudy,0.92,72.06,47.33,9.68,5,17.28,Average,2.2,0,16.72,Major Delay
Urban,Express Bus,19,1,Clear,7.24,58.82,92.43,8.66,12,5.1,Average,5.21,0,14.25,Moderate Delay
Urban,Local Bus,9,0,Clear,12.19,43.15,49.69,10.36,14,16.24,Good,0.0,0,13.41,Moderate Delay
Urban,Local Bus,14,5,Cloudy,1.73,70.27,51.62,5.78,29,9.74,Poor,2.51,0,19.66,Major Delay
Urban,Local Bus,16,2,Clear,11.41,29.38,59.53,26.82,26,19.89,Poor,13.3,0,20.26,Major Delay
Rural,Local Bus,11,3,Clear,8.86,32.11,54.48,19.22,30,7.26,Good,1.85,0,7.98,Moderate Delay
Urban,Feeder Bus,13,1,Cloudy,2.4,56.36,39.23,9.35,11,5.7,Good,3.42,0,17.29,Major Delay
Urban,Local Bus,16,4,Clear,4.0,50.63,57.72,14.09,31,11.41,Poor,2.48,0,20.16,Major Delay
Urban,Local Bus,19,0,Clear,1.4,62.66,28.56,11.39,25,14.62,Good,11.01,0,16.4,Major Delay
Urban,Express Bus,8,4,Heavy Rain,3.11,75.45,65.29,14.94,6,2.43,Average,0.0,0,19.28,Major Delay
Rural,Local Bus,14,5,Clear,26.02,12.29,62.5,9.39,21,9.35,Average,6.87,0,13.83,Moderate Delay
Urban,Feeder Bus,7,2,Clear,3.77,48.9,72.57,4.86,12,5.89,Good,1.5,0,18.3,Major Delay
Urban,Feeder Bus,5,1,Rain,1.95,91.72,48.06,10.57,32,16.0,Good,0.25,0,20.65,Major Delay
Rural,Express Bus,16,5,Clear,0.32,34.28,72.77,22.29,18,8.55,Good,0.0,0,9.7,Moderate Delay
Rural,Feeder Bus,13,1,Rain,4.97,31.56,66.61,5.09,19,17.01,Average,12.07,1,28.98,Major Delay
Urban,Local Bus,9,1,Cloudy,1.12,0.0,60.55,20.58,33,7.79,Average,7.12,0,17.91,Major Delay
Urban,Local Bus,5,2,Cloudy,0.7,50.34,97.54,17.36,14,12.89,Average,0.0,0,11.93,Moderate Delay
Urban,Local Bus,22,6,Clear,4.86,61.35,67.42,11.6,23,4.47,Average,0.0,1,19.61,Major Delay
Rural,Local Bus,19,3,Clear,1.34,61.31,48.72,18.5,31,10.83,Average,0.27,0,17.11,Major Delay
Rural,Local Bus,21,1,Rain,7.47,24.15,88.73,15.25,22,5.9,Good,6.0,0,20.42,Major Delay
Urban,Local Bus,7,3,Clear,0.27,47.8,68.2,3.0,19,19.01,Good,2.86,0,18.51,Major Delay
Rural,Local Bus,5,2,Rain,5.91,53.1,93.58,11.57,14,16.74,Good,0.0,0,16.45,Major Delay
Urban,Local Bus,8,4,Rain,13.91,49.2,20.9,11.75,13,12.46,Good,3.1,0,19.37,Major Delay
Urban,Express Bus,6,3,Rain,5.33,22.82,51.99,22.67,30,16.49,Good,9.84,0,8.4,Moderate Delay
Urban,Local Bus,13,4,Clear,7.87,49.78,52.04,11.6,17,8.87,Poor,6.48,0,18.83,Major Delay
Rural,Local Bus,16,3,Rain,1.58,29.27,20.23,12.73,14,14.43,Good,0.0,0,13.1,Moderate Delay
Urban,Local Bus,8,3,Rain,8.15,4.95,61.32,7.03,18,10.98,Good,0.0,0,10.82,Moderate Delay
Urban,Express Bus,12,3,Clear,5.26,63.67,50.57,13.62,6,13.95,Average,2.85,0,11.39,Moderate Delay
Urban,Local Bus,14,2,Rain,4.11,51.22,18.02,6.87,11,11.99,Average,4.17,0,13.09,Moderate Delay
Rural,Express Bus,10,6,Clear,10.36,61.61,42.67,20.52,32,11.09,Average,10.04,0,13.6,Moderate Delay
Rural,Local Bus,13,1,Heavy Rain,6.29,35.71,85.73,11.48,28,2.32,Good,3.45,0,23.1,Major Delay
Urban,Local Bus,15,5,Clear,1.21,62.41,76.17,6.85,31,8.15,Good,6.2,0,12.39,Moderate Delay
Urban,Feeder Bus,22,4,Clear,2.34,71.51,43.77,21.35,29,20.45,Good,0.0,0,11.78,Moderate Delay
Rural,Local Bus,10,3,Cloudy,12.42,88.34,43.18,6.16,6,10.8,Good,1.51,0,11.09,Moderate Delay
Rural,Local Bus,6,2,Clear,1.05,66.72,75.22,15.53,18,7.81,Good,6.99,0,14.27,Moderate Delay
Urban,Local Bus,20,3,Clear,1.05,56.85,18.69,5.08,8,11.63,Average,12.94,0,17.2,Major Delay
Urban,Local Bus,15,5,Clear,7.41,16.26,69.87,15.76,5,3.77,Poor,0.0,0,8.63,Moderate Delay
Rural,Local Bus,13,1,Rain,2.25,45.55,21.36,20.41,12,9.02,Good,2.64,0,10.22,Moderate Delay
Rural,Local Bus,17,4,Clear,14.18,15.28,90.84,10.11,8,12.33,Good,0.0,0,11.88,Moderate Delay
Urban,Local Bus,22,5,Cloudy,6.43,29.17,71.17,6.92,32,13.86,Poor,2.48,0,19.22,Major Delay
Urban,Feeder Bus,7,4,Cloudy,2.48,92.97,21.12,7.11,20,13.13,Average,8.71,0,20.93,Major Delay
Urban,Local Bus,20,1,Cloudy,5.28,24.47,50.39,13.67,33,18.96,Average,8.12,0,14.89,Moderate Delay
Rural,Local Bus,16,3,Clear,1.59,0.0,64.35,25.57,12,8.03,Poor,3.26,0,10.58,Moderate Delay
Urban,Feeder Bus,15,1,Clear,16.05,66.7,18.26,20.41,20,3.88,Average,2.21,0,16.36,Major Delay
Urban,Local Bus,20,6,Heavy Rain,4.27,32.52,57.13,21.02,14,9.6,Average,16.5,0,26.84,Major Delay
Urban,Feeder Bus,10,2,Rain,2.74,65.66,67.63,7.58,20,8.57,Good,2.41,0,14.34,Moderate Delay
Rural,Local Bus,19,2,Heavy Rain,1.92,21.09,16.63,20.58,20,12.32,Poor,0.75,0,20.12,Major Delay
Rural,Express Bus,15,6,Rain,1.17,38.2,72.92,19.92,6,9.95,Average,0.68,0,12.87,Moderate Delay
Rural,Feeder Bus,21,2,Rain,1.4,75.51,55.51,15.83,24,12.1,Good,0.0,0,17.5,Major Delay
Urban,Local Bus,13,1,Heavy Rain,1.74,17.59,76.34,10.21,11,11.9,Average,5.69,0,21.63,Major Delay
Rural,Feeder Bus,17,6,Clear,0.5,44.11,53.31,19.83,10,15.81,Good,6.74,0,13.2,Moderate Delay
Rural,Express Bus,13,4,Rain,2.46,54.7,36.86,9.93,34,11.32,Average,6.56,0,16.92,Major Delay
Urban,Feeder Bus,12,4,Clear,2.99,31.46,34.91,17.94,25,12.41,Good,7.37,0,11.34,Moderate Delay
Urban,Local Bus,11,0,Clear,5.38,53.57,51.76,11.72,7,20.29,Average,0.51,0,7.73,Moderate Delay
Rural,Local Bus,21,3,Clear,11.34,48.36,54.23,8.09,8,3.19,Average,2.67,0,10.14,Moderate Delay
Urban,Local Bus,20,3,Clear,1.16,60.29,79.28,11.57,7,12.29,Average,9.25,0,22.0,Major Delay
Urban,Feeder Bus,9,1,Clear,12.28,90.37,52.41,25.81,21,10.8,Average,1.14,0,19.08,Major Delay
Urban,Local Bus,20,3,Cloudy,0.33,100.0,26.79,7.0,25,11.62,Good,0.68,0,16.13,Major Delay
Rural,Local Bus,15,1,Cloudy,1.2,58.66,48.84,19.95,25,14.28,Good,8.47,0,12.86,Moderate Delay
Urban,Feeder Bus,6,3,Rain,2.22,45.46,27.52,19.04,5,7.21,Average,0.0,1,11.74,Moderate Delay
Rural,Local Bus,18,5,Clear,3.17,58.14,65.0,12.89,13,8.52,Average,0.0,0,11.2,Moderate Delay
Urban,Express Bus,7,5,Clear,0.58,42.66,69.6,10.69,10,15.05,Poor,0.0,0,18.26,Major Delay
Rural,Local Bus,20,1,Rain,4.63,11.49,73.01,6.51,30,10.6,Good,17.0,1,21.45,Major Delay
Urban,Express Bus,13,1,Cloudy,2.73,46.93,51.95,21.73,9,6.58,Average,8.53,0,12.13,Moderate Delay
Rural,Local Bus,21,0,Rain,0.1,72.89,44.0,6.86,28,15.31,Poor,6.6,1,32.25,Major Delay
Rural,Local Bus,13,2,Clear,6.57,14.31,47.79,3.0,12,14.54,Average,0.0,0,11.19,Moderate Delay
Urban,Local Bus,6,0,Clear,0.42,25.35,56.17,15.85,31,12.15,Good,5.99,0,10.49,Moderate Delay
Urban,Local Bus,18,0,Heavy Rain,2.04,34.62,47.82,5.9,14,13.41,Good,11.97,0,25.44,Major Delay
Rural,Local Bus,18,6,Clear,5.04,56.56,90.19,13.34,15,14.17,Poor,5.3,0,23.45,Major Delay
Urban,Local Bus,10,5,Cloudy,1.58,100.0,50.68,5.94,21,10.89,Good,0.0,0,9.98,Moderate Delay
Urban,Express Bus,8,3,Clear,1.86,29.39,55.95,10.51,32,12.89,Good,6.17,0,17.57,Major Delay
Urban,Local Bus,20,5,Clear,2.56,50.1,42.97,14.42,18,5.38,Average,2.7,0,11.43,Moderate Delay
Rural,Local Bus,19,3,Rain,1.04,48.13,43.42,15.63,19,10.3,Good,4.18,1,23.83,Major Delay
Urban,Local Bus,10,4,Clear,0.81,41.07,32.54,22.03,16,16.16,Average,0.0,1,20.19,Major Delay
Urban,Local Bus,17,6,Clear,2.18,46.9,37.43,14.01,14,22.32,Poor,0.0,0,17.51,Major Delay
Rural,Express Bus,9,0,Rain,3.31,37.31,95.44,14.64,34,11.95,Poor,1.14,0,17.23,Major Delay
Urban,Local Bus,8,2,Clear,1.81,100.0,68.88,12.56,23,6.81,Average,0.0,0,21.94,Major Delay
Urban,Feeder Bus,16,0,Clear,5.4,65.24,51.22,19.54,34,9.56,Poor,3.2,0,18.7,Major Delay
Urban,Express Bus,19,5,Cloudy,5.8,37.51,44.87,7.21,31,4.08,Average,0.08,0,10.63,Moderate Delay
Urban,Feeder Bus,21,5,Clear,8.45,75.22,82.71,11.37,17,14.69,Poor,11.68,0,22.17,Major Delay
Urban,Express Bus,13,5,Cloudy,0.86,53.9,41.29,13.99,31,11.56,Poor,5.96,0,11.88,Moderate Delay
Rural,Local Bus,7,4,Clear,3.07,49.33,23.94,8.56,8,6.56,Poor,7.29,0,16.62,Major Delay
Urban,Feeder Bus,14,3,Clear,2.3,43.81,67.5,22.37,12,10.38,Good,2.8,0,11.45,Moderate Delay
Rural,Express Bus,17,0,Clear,12.34,42.25,39.47,15.91,18,14.86,Good,0.0,0,11.36,Moderate Delay
Urban,Express Bus,22,5,Rain,4.28,19.94,32.33,6.65,9,11.59,Good,7.7,0,15.45,Major Delay
Urban,Local Bus,7,6,Clear,3.59,9.51,36.15,16.45,5,7.89,Average,2.95,0,9.61,Moderate Delay
Urban,Local Bus,16,6,Heavy Rain,15.84,56.53,66.3,21.86,18,16.45,Poor,5.58,0,23.19,Major Delay
Urban,Express Bus,14,2,Clear,0.83,43.58,55.92,9.68,6,13.05,Poor,3.14,1,15.37,Major Delay
Rural,Local Bus,15,1,Clear,7.97,68.18,38.31,22.17,33,7.51,Poor,0.0,0,18.65,Major Delay
Urban,Express Bus,6,4,Rain,6.82,27.53,67.39,15.54,21,11.46,Average,1.35,0,13.29,Moderate Delay
Urban,Local Bus,5,0,Clear,7.22,22.75,41.45,15.21,33,2.0,Average,0.0,0,6.71,Moderate Delay
Urban,Local Bus,15,0,Cloudy,0.59,65.85,25.29,21.19,24,12.63,Average,4.54,0,13.35,Moderate Delay
Rural,Local Bus,8,5,Rain,6.05,41.21,31.84,15.22,13,25.31,Average,5.79,1,20.66,Major Delay
Urban,Local Bus,16,6,Rain,1.45,67.68,58.44,16.34,24,16.79,Good,14.27,0,16.94,Major Delay
Rural,Local Bus,5,2,Cloudy,6.16,48.77,42.33,14.55,7,10.48,Average,5.83,0,4.16,On Time / Minor
Urban,Feeder Bus,19,3,Rain,8.56,91.18,60.11,3.48,20,12.56,Average,0.7,0,21.62,Major Delay
Urban,Express Bus,10,3,Clear,0.16,65.38,80.25,16.47,26,14.04,Good,1.39,1,11.82,Moderate Delay
Rural,Feeder Bus,13,0,Rain,9.88,57.42,45.4,15.51,18,14.36,Average,6.08,0,19.41,Major Delay
Urban,Express Bus,11,1,Clear,2.98,66.4,100.0,11.72,11,10.73,Average,7.72,0,22.67,Major Delay
Urban,Express Bus,12,2,Clear,5.86,41.72,63.52,3.0,32,2.0,Average,0.0,0,9.11,Moderate Delay
Rural,Local Bus,14,5,Cloudy,13.55,10.21,54.47,17.73,11,9.56,Average,2.26,0,12.19,Moderate Delay
Urban,Feeder Bus,16,3,Clear,1.53,56.3,31.31,8.84,13,8.31,Good,2.73,0,11.11,Moderate Delay
Urban,Feeder Bus,17,5,Rain,3.28,92.66,51.03,7.24,27,10.8,Average,0.0,0,14.7,Moderate Delay
Urban,Express Bus,22,1,Clear,0.43,0.0,53.03,6.67,12,7.55,Good,7.1,0,0.0,On Time / Minor
Urban,Local Bus,8,6,Clear,9.76,58.79,73.19,3.0,11,14.33,Good,4.63,0,11.62,Moderate Delay
Rural,Express Bus,20,6,Cloudy,2.65,12.69,46.08,16.77,9,21.44,Average,2.52,0,9.19,Moderate Delay
Urban,Local Bus,15,3,Cloudy,5.0,47.46,66.65,28.14,28,16.17,Average,4.72,0,24.39,Major Delay
Rural,Local Bus,10,1,Heavy Rain,3.84,49.83,58.84,10.52,8,10.95,Poor,6.77,0,26.44,Major Delay
Urban,Express Bus,21,6,Clear,3.71,65.18,77.5,18.93,32,18.87,Good,13.17,0,12.5,Moderate Delay
Rural,Feeder Bus,17,5,Clear,3.35,52.83,79.07,13.44,9,16.01,Average,6.77,0,12.16,Moderate Delay
Rural,Local Bus,8,3,Clear,0.64,79.59,64.67,15.65,9,14.94,Poor,0.0,0,15.09,Major Delay
Rural,Local Bus,8,1,Clear,3.81,74.83,73.3,13.6,33,8.43,Poor,17.6,0,17.13,Major Delay
Urban,Feeder Bus,16,4,Clear,2.67,43.48,80.47,18.69,21,10.56,Good,0.0,0,8.45,Moderate Delay
Urban,Local Bus,18,2,Rain,1.6,73.17,68.75,6.75,26,14.21,Good,5.45,0,22.42,Major Delay
Urban,Local Bus,5,4,Clear,11.41,40.81,63.56,14.6,26,22.07,Average,2.47,0,15.06,Major Delay
Urban,Express Bus,16,5,Heavy Rain,3.09,36.85,66.18,20.81,13,18.48,Poor,2.91,0,19.05,Major Delay
Urban,Feeder Bus,14,3,Cloudy,7.43,20.3,90.23,18.21,21,14.25,Good,5.4,0,16.14,Major Delay
Rural,Local Bus,22,0,Cloudy,1.67,78.18,60.25,15.96,19,12.09,Average,5.78,0,11.56,Moderate Delay
Urban,Local Bus,18,3,Clear,0.78,41.1,72.58,14.59,32,15.1,Poor,10.4,0,23.28,Major Delay
Rural,Local Bus,21,6,Clear,1.63,0.0,44.47,11.83,30,13.96,Average,0.21,0,7.05,Moderate Delay
Urban,Local Bus,5,1,Clear,2.51,60.47,88.02,11.88,7,18.95,Average,5.5,0,18.94,Major Delay
Rural,Express Bus,18,6,Cloudy,5.31,38.02,66.99,4.68,24,5.82,Poor,6.54,0,17.06,Major Delay
Urban,Feeder Bus,11,2,Cloudy,0.79,41.13,51.09,17.02,34,11.46,Good,15.27,0,15.92,Major Delay
Urban,Local Bus,14,4,Clear,11.9,42.62,56.6,22.19,18,15.08,Good,6.0,1,15.14,Major Delay
Rural,Local Bus,20,4,Clear,1.45,40.26,53.63,15.76,21,18.42,Good,0.0,0,14.64,Moderate Delay
Rural,Local Bus,20,1,Heavy Rain,16.97,100.0,58.1,14.1,27,21.06,Average,10.37,0,25.18,Major Delay
Rural,Local Bus,9,0,Clear,0.09,86.24,62.2,17.59,11,4.01,Good,1.28,1,19.17,Major Delay
Rural,Local Bus,9,6,Clear,0.76,64.08,54.06,3.0,13,7.71,Good,0.0,0,12.0,Moderate Delay
Urban,Local Bus,18,4,Clear,0.59,53.55,26.24,10.96,23,10.95,Good,10.13,1,19.4,Major Delay
Rural,Express Bus,20,4,Clear,3.3,73.96,93.49,13.56,34,5.11,Average,4.16,0,18.74,Major Delay
Urban,Local Bus,16,2,Clear,1.04,53.6,63.33,3.76,24,19.63,Average,2.5,0,13.44,Moderate Delay
Urban,Express Bus,5,0,Cloudy,9.02,66.76,63.42,14.96,28,11.93,Average,11.93,0,18.07,Major Delay
Urban,Local Bus,7,1,Cloudy,17.48,60.84,57.04,3.0,5,17.18,Average,0.94,0,14.36,Moderate Delay
Urban,Feeder Bus,18,3,Cloudy,15.46,50.95,76.16,18.15,7,10.42,Poor,0.9,0,11.95,Moderate Delay
Urban,Feeder Bus,18,4,Clear,7.05,69.63,58.96,15.36,30,13.35,Average,5.98,0,18.61,Major Delay
Rural,Local Bus,21,2,Clear,1.31,38.34,51.78,12.85,28,4.49,Average,0.0,0,19.59,Major Delay
Urban,Local Bus,14,1,Rain,0.56,49.34,53.06,18.57,7,6.01,Good,4.31,0,11.36,Moderate Delay
Rural,Express Bus,12,1,Clear,6.0,25.47,83.03,14.88,16,6.11,Good,3.9,0,10.56,Moderate Delay
Urban,Local Bus,7,6,Clear,3.48,28.13,62.05,16.85,11,2.75,Good,0.0,0,14.22,Moderate Delay
Urban,Local Bus,19,4,Clear,3.01,0.0,57.3,15.7,23,16.44,Average,3.41,0,10.41,Moderate Delay
Urban,Local Bus,22,6,Rain,1.6,58.5,49.29,8.84,22,11.24,Poor,4.8,0,18.4,Major Delay
Urban,Feeder Bus,5,0,Clear,11.57,64.82,51.59,23.41,5,16.6,Good,3.28,1,17.89,Major Delay
Urban,Local Bus,13,3,Rain,4.34,72.96,79.61,21.47,28,10.73,Good,7.58,0,21.44,Major Delay
Rural,Local Bus,11,3,Clear,0.18,22.64,39.67,16.57,10,16.94,Average,4.85,0,10.99,Moderate Delay
Urban,Local Bus,18,2,Heavy Rain,17.6,58.12,71.39,14.9,24,16.07,Poor,2.65,0,22.45,Major Delay
Urban,Express Bus,18,2,Clear,15.76,47.98,72.13,18.5,29,10.7,Average,7.01,0,14.24,Moderate Delay
Rural,Local Bus,8,0,Rain,2.66,64.96,62.31,21.56,23,12.3,Good,4.84,0,19.55,Major Delay
Urban,Feeder Bus,22,0,Clear,1.06,33.02,54.2,25.42,34,13.07,Average,18.51,0,5.47,Moderate Delay
Rural,Express Bus,7,5,Rain,2.32,40.27,28.36,10.75,19,16.88,Good,8.62,0,16.86,Major Delay
Rural,Local Bus,19,3,Clear,1.9,12.27,71.28,20.27,13,11.14,Average,0.85,0,16.29,Major Delay
Urban,Local Bus,18,1,Rain,10.6,31.51,26.1,13.48,20,13.09,Average,0.0,1,25.52,Major Delay
Urban,Feeder Bus,7,2,Rain,2.94,48.07,61.34,4.35,26,3.93,Average,0.11,0,22.52,Major Delay
Urban,Express Bus,17,6,Cloudy,4.76,52.0,59.04,19.03,17,6.9,Good,0.0,0,12.57,Moderate Delay
Urban,Local Bus,9,3,Clear,2.54,9.22,73.36,22.8,7,7.63,Poor,6.83,0,18.83,Major Delay
Urban,Local Bus,9,6,Clear,4.6,36.24,40.09,19.84,13,13.89,Good,2.05,0,10.91,Moderate Delay
Rural,Local Bus,6,1,Heavy Rain,8.09,51.69,39.1,12.99,20,7.78,Good,0.0,1,17.94,Major Delay
Urban,Local Bus,18,0,Heavy Rain,0.58,80.38,68.69,16.33,15,11.87,Average,6.49,0,26.47,Major Delay
Rural,Local Bus,19,3,Clear,3.6,28.56,54.58,18.19,32,10.48,Average,1.65,0,11.67,Moderate Delay
Urban,Local Bus,14,4,Clear,10.05,59.27,17.66,17.44,31,11.32,Average,5.47,0,13.18,Moderate Delay
Urban,Local Bus,18,6,Clear,3.06,35.08,57.88,21.38,24,15.64,Good,2.17,0,21.66,Major Delay
Urban,Feeder Bus,11,3,Clear,3.78,37.75,94.15,19.66,16,12.12,Good,3.88,0,9.8,Moderate Delay
Urban,Express Bus,15,1,Clear,3.67,27.82,68.97,10.53,10,10.05,Good,9.95,0,11.25,Moderate Delay
Rural,Feeder Bus,19,3,Rain,0.49,23.98,34.29,14.16,27,13.31,Average,8.07,0,10.96,Moderate Delay
Urban,Express Bus,12,2,Clear,4.6,37.08,67.39,10.97,33,19.38,Good,10.66,1,13.61,Moderate Delay
Urban,Express Bus,16,1,Rain,0.36,72.1,77.66,14.97,23,11.56,Poor,5.22,0,16.89,Major Delay
Urban,Local Bus,7,0,Heavy Rain,1.03,30.64,23.5,3.0,5,4.88,Average,0.0,0,18.07,Major Delay
Urban,Express Bus,14,5,Clear,4.49,27.05,52.25,25.57,11,4.42,Average,0.08,1,7.17,Moderate Delay
Rural,Local Bus,20,4,Clear,3.22,52.81,83.99,9.32,21,9.6,Poor,0.0,0,17.44,Major Delay
Rural,Local Bus,18,1,Cloudy,2.06,48.12,27.52,10.92,9,5.3,Average,8.09,0,11.98,Moderate Delay
Rural,Feeder Bus,10,3,Clear,2.59,46.43,52.4,14.5,22,2.0,Average,3.58,0,12.46,Moderate Delay
Urban,Feeder Bus,14,6,Rain,4.03,53.84,53.7,5.73,8,9.54,Poor,9.8,0,13.59,Moderate Delay
Urban,Local Bus,16,5,Cloudy,4.92,24.78,49.69,11.99,18,12.9,Good,8.69,0,7.66,Moderate Delay
Rural,Express Bus,21,3,Clear,2.43,27.33,85.52,15.01,19,17.92,Good,2.87,0,12.47,Moderate Delay
Urban,Local Bus,19,0,Rain,15.68,70.68,82.45,23.89,24,10.91,Average,12.23,0,21.54,Major Delay
Urban,Local Bus,19,4,Clear,3.91,44.64,51.95,14.85,11,12.55,Good,8.3,0,15.06,Major Delay
Urban,Local Bus,18,3,Clear,0.71,61.72,37.66,11.57,22,13.58,Average,3.91,0,17.59,Major Delay
Urban,Local Bus,11,6,Heavy Rain,4.92,76.15,83.46,7.25,12,11.41,Poor,5.67,0,26.6,Major Delay
Rural,Express Bus,11,3,Clear,2.27,67.45,73.5,26.83,17,7.66,Average,10.57,0,7.75,Moderate Delay
Urban,Local Bus,13,5,Clear,1.18,16.49,57.66,14.46,30,21.86,Good,5.74,0,6.32,Moderate Delay
Rural,Local Bus,12,3,Clear,5.38,45.32,71.1,14.49,6,6.06,Good,0.17,0,8.28,Moderate Delay
Urban,Feeder Bus,22,3,Clear,3.97,71.94,70.95,5.77,19,13.08,Good,0.0,0,13.32,Moderate Delay
Urban,Local Bus,20,2,Clear,2.32,60.02,40.51,17.15,33,7.1,Good,2.18,0,19.61,Major Delay
Urban,Local Bus,21,2,Cloudy,0.19,52.23,46.12,10.47,14,11.56,Average,0.1,0,19.99,Major Delay
Urban,Local Bus,15,2,Clear,4.64,10.29,58.11,22.83,17,13.05,Average,4.52,0,13.37,Moderate Delay
Urban,Local Bus,8,3,Cloudy,1.68,33.82,19.33,16.79,10,9.99,Average,0.92,0,11.92,Moderate Delay
Urban,Local Bus,7,6,Clear,9.21,49.59,51.15,14.75,9,4.93,Average,1.58,0,13.74,Moderate Delay
Urban,Express Bus,9,2,Clear,2.71,15.2,42.15,6.06,18,9.26,Good,9.56,0,11.06,Moderate Delay
Rural,Feeder Bus,16,3,Heavy Rain,2.95,66.25,61.43,13.41,22,16.62,Good,11.78,1,21.24,Major Delay
Urban,Local Bus,11,6,Rain,0.06,45.3,35.48,12.72,12,3.49,Average,0.0,0,18.52,Major Delay
Urban,Local Bus,16,1,Rain,2.61,2.47,66.59,14.74,21,19.15,Good,1.7,0,12.85,Moderate Delay
Urban,Local Bus,20,1,Clear,9.25,34.97,62.45,3.0,6,11.47,Good,2.35,0,14.67,Moderate Delay
Rural,Feeder Bus,11,3,Clear,5.64,41.41,55.96,8.54,20,14.57,Average,5.07,0,14.03,Moderate Delay
Urban,Local Bus,21,2,Rain,7.62,45.01,67.38,11.02,31,5.73,Good,5.22,0,9.27,Moderate Delay
Urban,Local Bus,14,2,Rain,4.81,80.65,69.85,17.0,26,10.25,Good,0.96,0,13.98,Moderate Delay
Urban,Feeder Bus,19,5,Rain,0.94,61.3,53.24,3.0,22,7.67,Average,6.05,0,20.61,Major Delay
Urban,Express Bus,6,3,Clear,1.33,16.59,58.71,22.29,33,12.48,Good,1.19,0,13.46,Moderate Delay
Urban,Local Bus,9,2,Clear,1.15,13.74,44.43,21.45,29,5.54,Average,1.63,0,14.02,Moderate Delay
Urban,Local Bus,21,3,Clear,1.97,41.86,44.19,8.03,6,7.9,Good,0.0,0,12.06,Moderate Delay
Rural,Local Bus,20,6,Clear,5.86,50.9,89.61,28.81,27,21.34,Poor,8.68,0,17.14,Major Delay
Urban,Feeder Bus,15,6,Clear,1.06,70.82,53.95,15.43,26,14.23,Average,8.04,0,15.85,Major Delay
Urban,Local Bus,5,1,Clear,5.79,87.79,57.77,13.35,5,12.9,Good,5.23,0,9.63,Moderate Delay
Urban,Local Bus,6,0,Clear,2.97,89.04,56.46,17.56,17,12.82,Good,6.81,0,17.59,Major Delay
Urban,Express Bus,12,0,Cloudy,20.32,37.83,65.43,16.51,24,18.29,Poor,9.04,0,17.78,Major Delay
Urban,Local Bus,21,3,Cloudy,0.45,69.49,47.12,14.7,24,10.37,Average,7.26,0,22.29,Major Delay
Urban,Local Bus,11,4,Cloudy,2.34,57.79,49.04,7.49,9,15.68,Average,7.14,0,15.14,Major Delay
Urban,Feeder Bus,20,0,Clear,2.87,22.91,76.74,11.38,12,2.0,Poor,1.36,0,9.89,Moderate Delay
Urban,Local Bus,14,3,Cloudy,7.66,4.58,28.25,16.14,7,10.4,Good,0.0,0,9.11,Moderate Delay
Urban,Feeder Bus,7,2,Heavy Rain,6.55,51.31,61.74,19.0,20,9.45,Average,0.0,0,19.76,Major Delay
Rural,Express Bus,15,6,Clear,0.77,13.61,41.58,22.64,5,8.38,Average,14.47,0,11.85,Moderate Delay
Urban,Local Bus,11,4,Rain,0.28,28.42,17.82,11.26,23,14.7,Average,2.31,0,12.36,Moderate Delay
Urban,Express Bus,9,2,Clear,2.11,32.25,56.38,14.48,30,10.33,Good,11.5,0,18.27,Major Delay
Rural,Express Bus,17,4,Cloudy,4.61,53.03,34.91,10.04,28,10.2,Poor,6.21,0,11.53,Moderate Delay
Rural,Express Bus,8,0,Clear,2.35,77.45,31.33,20.56,22,7.08,Average,3.35,0,17.04,Major Delay
Urban,Express Bus,21,3,Cloudy,3.35,48.29,100.0,12.13,25,9.03,Poor,0.0,0,11.55,Moderate Delay
Rural,Local Bus,19,2,Rain,0.48,35.61,68.84,10.47,28,2.0,Good,0.0,0,13.1,Moderate Delay
Urban,Local Bus,19,1,Clear,4.55,0.43,69.33,14.37,28,9.42,Average,2.84,0,17.38,Major Delay
Urban,Express Bus,6,2,Rain,3.99,58.54,56.93,3.96,24,3.92,Good,2.83,0,21.51,Major Delay
Rural,Local Bus,22,4,Rain,2.14,48.66,34.12,17.25,34,18.72,Poor,6.23,0,20.37,Major Delay
Rural,Local Bus,13,4,Rain,9.71,35.36,54.69,12.14,9,14.67,Good,0.11,0,8.04,Moderate Delay
Urban,Local Bus,18,6,Clear,2.02,74.82,50.9,30.61,19,15.56,Average,0.29,0,7.26,Moderate Delay
Urban,Local Bus,8,1,Clear,1.79,20.61,19.51,10.29,23,4.4,Good,7.86,0,15.8,Major Delay
Urban,Express Bus,18,4,Rain,5.29,32.25,93.83,12.4,30,15.19,Good,12.99,0,25.36,Major Delay
Urban,Feeder Bus,10,3,Rain,10.3,42.36,56.21,20.1,8,7.66,Good,3.93,0,18.7,Major Delay
Rural,Feeder Bus,17,6,Heavy Rain,1.22,35.07,41.34,18.69,14,12.38,Average,5.72,0,19.92,Major Delay
Urban,Local Bus,9,6,Clear,5.35,60.67,60.46,20.22,6,10.07,Good,2.77,0,10.67,Moderate Delay
Urban,Local Bus,21,4,Rain,5.89,58.67,30.43,12.32,14,4.11,Average,3.18,0,17.31,Major Delay
Urban,Feeder Bus,17,2,Rain,1.3,72.17,39.24,7.12,15,5.81,Average,2.44,1,21.18,Major Delay
Urban,Local Bus,13,3,Rain,1.46,59.55,88.73,30.01,14,14.3,Poor,1.75,0,26.8,Major Delay
Urban,Express Bus,13,4,Cloudy,0.95,45.35,47.61,17.1,7,14.14,Average,6.28,0,12.73,Moderate Delay
Rural,Express Bus,5,5,Clear,5.49,40.18,57.64,15.35,22,4.14,Average,6.58,0,13.86,Moderate Delay
Urban,Local Bus,10,1,Cloudy,1.12,58.47,60.07,18.83,26,16.68,Average,2.28,0,17.08,Major Delay
Urban,Local Bus,19,6,Cloudy,9.42,43.62,54.52,6.18,11,9.09,Good,0.63,0,10.37,Moderate Delay
Urban,Express Bus,19,5,Clear,1.97,49.09,47.23,11.26,23,4.59,Average,1.11,0,12.33,Moderate Delay
Urban,Local Bus,22,0,Clear,3.4,59.72,100.0,7.74,16,8.25,Poor,6.76,0,11.18,Moderate Delay
Urban,Feeder Bus,6,1,Rain,4.23,51.19,43.18,15.0,25,4.22,Good,0.0,0,13.34,Moderate Delay
Urban,Express Bus,9,1,Clear,9.45,55.1,40.12,5.73,18,7.37,Good,0.0,0,12.24,Moderate Delay
Urban,Local Bus,18,4,Clear,13.49,29.81,67.81,18.04,32,8.61,Average,4.91,0,15.35,Major Delay
Urban,Express Bus,11,1,Cloudy,4.8,79.04,32.3,21.1,27,13.58,Average,3.17,1,16.73,Major Delay
Rural,Local Bus,9,2,Heavy Rain,6.59,22.55,78.42,20.88,15,15.06,Good,2.8,0,23.53,Major Delay
Urban,Local Bus,10,1,Cloudy,1.23,58.1,53.98,16.64,19,16.32,Poor,7.67,0,20.75,Major Delay
Urban,Feeder Bus,21,0,Clear,12.44,36.83,60.58,15.15,21,14.93,Good,3.24,0,11.82,Moderate Delay
Urban,Express Bus,20,3,Clear,6.86,72.89,63.91,11.49,8,2.0,Average,0.23,0,11.27,Moderate Delay
Urban,Express Bus,5,2,Clear,24.37,68.33,51.21,16.69,16,3.78,Poor,4.35,1,16.67,Major Delay
Rural,Feeder Bus,20,3,Clear,3.63,47.95,76.31,13.34,13,16.49,Good,0.24,0,19.37,Major Delay
Urban,Local Bus,15,1,Rain,1.45,83.76,71.0,3.0,9,8.67,Average,7.93,0,16.91,Major Delay
Urban,Local Bus,20,2,Clear,2.52,43.69,68.33,10.3,12,10.31,Poor,3.61,0,15.95,Major Delay
Urban,Local Bus,16,6,Clear,9.25,68.28,27.71,18.75,30,14.16,Good,0.0,1,18.64,Major Delay
Rural,Local Bus,17,5,Rain,12.56,31.3,51.03,7.25,29,17.45,Good,4.28,0,15.29,Major Delay
Urban,Local Bus,15,1,Clear,1.58,57.31,55.77,7.13,22,13.35,Poor,0.0,0,20.09,Major Delay
Urban,Local Bus,18,1,Clear,0.63,26.55,92.75,12.8,23,6.7,Average,8.64,0,14.39,Moderate Delay
Urban,Express Bus,19,6,Clear,3.19,48.45,29.72,3.0,23,4.9,Poor,3.01,0,15.13,Major Delay
Urban,Local Bus,14,4,Clear,1.22,46.82,45.24,18.38,25,5.65,Poor,6.65,0,19.77,Major Delay
Rural,Express Bus,7,3,Clear,8.17,68.21,79.63,17.85,12,17.12,Average,0.41,0,9.19,Moderate Delay
Urban,Feeder Bus,6,4,Heavy Rain,3.0,32.57,39.22,19.68,21,15.3,Average,2.53,0,21.16,Major Delay
Urban,Feeder Bus,12,1,Rain,2.65,100.0,44.85,15.33,29,11.23,Average,5.57,0,22.42,Major Delay
Urban,Local Bus,13,2,Rain,2.67,16.21,91.48,8.88,6,3.87,Good,2.71,0,13.04,Moderate Delay
Rural,Feeder Bus,20,2,Cloudy,2.38,53.36,65.32,6.62,20,15.46,Average,0.0,0,19.59,Major Delay
Urban,Feeder Bus,5,5,Clear,0.62,54.62,75.16,17.31,8,11.95,Average,7.09,0,13.05,Moderate Delay
Urban,Local Bus,20,1,Rain,1.34,60.38,72.45,18.29,7,7.17,Poor,4.91,0,20.75,Major Delay
Rural,Local Bus,5,3,Clear,6.77,36.15,60.34,7.3,23,10.73,Poor,0.0,0,17.94,Major Delay
Urban,Local Bus,13,5,Clear,1.03,53.56,59.83,6.5,14,13.53,Poor,1.69,1,23.44,Major Delay
Rural,Express Bus,12,1,Clear,6.54,35.02,75.73,13.89,20,8.77,Good,0.0,0,0.0,On Time / Minor
Rural,Express Bus,15,0,Cloudy,4.08,91.08,41.06,14.82,18,5.82,Average,1.07,1,6.49,Moderate Delay
Rural,Local Bus,5,5,Clear,9.29,33.39,92.68,19.61,21,11.94,Good,1.24,0,7.83,Moderate Delay
Urban,Express Bus,18,6,Clear,3.67,44.6,47.32,17.97,15,12.26,Average,2.31,0,14.23,Moderate Delay
Urban,Local Bus,7,3,Clear,1.46,32.74,78.46,13.52,20,2.0,Poor,0.0,1,20.5,Major Delay
Rural,Local Bus,19,0,Clear,1.39,29.59,68.12,20.21,8,10.64,Poor,1.42,0,8.43,Moderate Delay
Rural,Feeder Bus,15,3,Clear,0.36,15.78,47.05,11.9,12,6.79,Poor,8.32,0,19.49,Major Delay
Rural,Feeder Bus,20,2,Cloudy,1.6,63.46,67.67,12.15,14,13.38,Good,12.12,0,17.69,Major Delay
Urban,Express Bus,22,4,Clear,2.88,32.53,60.55,19.09,20,2.48,Average,0.0,0,8.49,Moderate Delay
Urban,Local Bus,20,0,Cloudy,10.23,29.67,22.69,19.75,5,4.63,Good,8.89,0,13.62,Moderate Delay
Urban,Local Bus,13,5,Clear,6.8,25.85,56.27,19.9,31,2.0,Average,14.68,0,14.77,Moderate Delay
Urban,Local Bus,12,4,Clear,2.55,55.0,33.03,12.92,11,13.07,Good,2.52,0,14.85,Moderate Delay
Urban,Local Bus,16,4,Cloudy,1.11,48.5,68.15,14.43,30,3.51,Average,6.05,0,20.78,Major Delay
Rural,Local Bus,16,3,Cloudy,5.64,48.6,55.17,8.8,24,4.37,Average,8.57,0,20.57,Major Delay
Urban,Feeder Bus,19,1,Clear,1.75,30.49,75.55,19.4,14,10.54,Average,1.32,1,17.74,Major Delay
Urban,Express Bus,13,6,Cloudy,1.13,58.01,44.06,10.45,21,10.2,Poor,8.25,0,16.15,Major Delay
Urban,Local Bus,13,1,Rain,5.69,32.77,32.08,3.0,13,14.18,Good,2.54,0,17.67,Major Delay
Urban,Local Bus,7,2,Clear,1.34,49.61,36.48,11.35,16,14.69,Average,8.29,0,22.12,Major Delay
Rural,Local Bus,8,6,Cloudy,7.77,44.79,98.4,8.87,29,16.65,Average,11.08,0,19.9,Major Delay
Urban,Local Bus,19,0,Clear,0.4,9.16,100.0,3.0,33,19.07,Poor,9.79,0,27.63,Major Delay
Urban,Express Bus,22,0,Rain,1.32,94.66,98.03,10.56,19,16.21,Good,1.93,0,15.31,Major Delay
Urban,Local Bus,15,5,Clear,1.23,61.22,27.2,18.69,6,12.66,Average,6.49,0,9.72,Moderate Delay
Urban,Feeder Bus,11,2,Heavy Rain,7.19,52.14,30.46,16.48,18,12.09,Good,1.16,0,18.45,Major Delay
Urban,Local Bus,6,4,Cloudy,3.49,55.77,36.7,16.47,24,14.08,Good,0.0,0,9.82,Moderate Delay
Rural,Local Bus,5,4,Cloudy,7.03,95.2,73.48,22.55,20,2.0,Good,2.39,0,7.17,Moderate Delay
Rural,Feeder Bus,17,5,Clear,0.94,74.15,100.0,10.53,23,10.23,Average,7.59,0,17.68,Major Delay
Urban,Local Bus,16,4,Cloudy,6.82,56.02,76.1,7.13,9,2.0,Good,2.14,0,21.4,Major Delay
Urban,Local Bus,10,2,Clear,6.26,31.71,61.8,16.96,20,7.33,Average,10.78,1,12.8,Moderate Delay
Urban,Express Bus,8,3,Clear,1.35,35.34,39.51,16.14,17,3.62,Good,3.89,0,12.66,Moderate Delay
Urban,Local Bus,6,5,Clear,1.5,6.53,52.29,6.4,12,12.94,Good,0.0,0,8.7,Moderate Delay
Urban,Local Bus,17,2,Cloudy,1.53,39.53,59.77,12.94,33,14.01,Average,2.13,0,15.02,Major Delay
Rural,Local Bus,15,1,Rain,14.45,63.22,75.65,17.23,20,17.08,Good,0.3,0,13.5,Moderate Delay
Urban,Local Bus,10,3,Heavy Rain,3.24,62.57,48.02,15.65,15,6.16,Good,10.09,0,22.58,Major Delay
Rural,Local Bus,18,6,Clear,0.78,62.17,66.02,18.39,19,7.71,Good,6.03,0,13.38,Moderate Delay
Urban,Local Bus,20,0,Rain,1.44,36.15,63.5,9.97,24,16.41,Good,3.19,0,20.31,Major Delay
Urban,Express Bus,14,1,Rain,21.45,60.67,60.01,5.49,9,8.44,Average,7.22,0,24.19,Major Delay
Urban,Feeder Bus,9,6,Rain,4.06,66.96,50.09,8.52,34,7.41,Average,0.0,1,22.59,Major Delay
Urban,Local Bus,5,5,Rain,2.85,0.0,60.42,19.19,12,14.56,Average,0.0,1,13.96,Moderate Delay
Urban,Local Bus,19,0,Clear,0.38,55.0,56.08,20.21,8,13.59,Good,0.0,0,13.87,Moderate Delay
Rural,Local Bus,15,1,Rain,1.2,95.86,42.36,12.99,18,15.79,Good,0.0,0,13.33,Moderate Delay
Urban,Local Bus,11,4,Cloudy,9.53,41.3,75.69,23.08,33,13.41,Average,0.0,0,14.17,Moderate Delay
Urban,Local Bus,5,5,Rain,4.23,0.0,89.49,13.03,16,9.03,Good,6.32,0,12.81,Moderate Delay
Urban,Express Bus,19,5,Clear,1.26,29.31,61.4,10.93,22,17.87,Good,7.15,0,16.34,Major Delay
Urban,Local Bus,21,6,Clear,20.22,6.27,57.08,5.53,8,15.42,Good,0.0,0,13.73,Moderate Delay
Urban,Local Bus,13,3,Clear,4.12,33.41,73.18,13.55,19,10.91,Average,0.0,0,12.88,Moderate Delay
Urban,Express Bus,9,6,Cloudy,24.03,19.85,61.71,20.36,12,15.43,Average,1.48,0,7.72,Moderate Delay
Urban,Feeder Bus,16,4,Clear,0.95,69.41,80.81,21.61,5,10.93,Good,6.0,0,9.1,Moderate Delay
Urban,Local Bus,20,3,Rain,0.61,65.91,60.13,20.42,22,6.36,Good,7.67,0,18.53,Major Delay
Rural,Local Bus,15,4,Clear,3.2,55.89,69.72,17.0,20,11.55,Average,4.72,0,18.38,Major Delay
Rural,Feeder Bus,5,3,Clear,0.4,76.2,92.67,23.58,26,20.63,Good,0.0,0,2.87,On Time / Minor
Urban,Local Bus,8,4,Clear,2.23,35.0,83.35,8.19,34,16.21,Average,7.14,0,20.39,Major Delay
Urban,Express Bus,6,5,Clear,5.94,49.69,54.86,21.11,27,13.08,Average,5.47,0,15.09,Major Delay
Urban,Express Bus,12,6,Clear,5.3,98.47,79.63,15.69,30,6.52,Good,7.2,0,17.43,Major Delay
Urban,Local Bus,13,4,Rain,4.04,61.46,36.64,15.26,21,5.09,Good,0.0,0,16.74,Major Delay
Urban,Local Bus,14,0,Heavy Rain,1.29,61.4,53.98,5.46,33,9.78,Average,6.07,0,27.57,Major Delay
Urban,Local Bus,18,4,Clear,7.92,30.35,74.67,16.05,6,7.96,Average,7.84,1,17.18,Major Delay
Urban,Local Bus,7,1,Clear,2.83,38.42,88.6,20.92,28,11.09,Average,0.0,0,19.24,Major Delay
Urban,Local Bus,21,1,Rain,0.07,24.93,42.97,3.0,11,11.75,Good,0.42,0,6.55,Moderate Delay
Urban,Express Bus,9,6,Clear,1.04,86.66,57.45,18.77,34,3.89,Good,0.0,0,11.87,Moderate Delay
Rural,Express Bus,14,3,Rain,1.06,12.16,58.06,3.0,26,6.81,Average,0.0,0,13.4,Moderate Delay
Urban,Feeder Bus,8,5,Cloudy,9.14,69.03,56.16,5.5,10,9.23,Good,2.98,0,12.78,Moderate Delay
Urban,Feeder Bus,11,2,Rain,1.04,61.37,33.68,13.43,13,13.18,Good,0.0,0,9.34,Moderate Delay
Urban,Express Bus,19,4,Clear,5.09,11.12,68.01,23.5,7,13.37,Good,9.06,0,8.25,Moderate Delay
Rural,Local Bus,5,4,Heavy Rain,0.21,74.28,32.49,13.23,25,5.83,Average,9.13,0,23.82,Major Delay
Rural,Local Bus,13,6,Heavy Rain,5.79,42.05,80.76,16.82,11,4.88,Good,2.85,0,17.57,Major Delay
Urban,Express Bus,15,1,Clear,0.37,17.62,85.0,8.54,24,6.27,Average,0.22,0,10.94,Moderate Delay
Urban,Express Bus,15,3,Clear,8.86,56.38,45.23,12.83,6,14.98,Average,3.28,0,12.17,Moderate Delay
Urban,Local Bus,11,2,Clear,2.84,29.08,32.62,13.67,20,8.63,Poor,10.8,0,17.13,Major Delay
Urban,Express Bus,11,3,Clear,6.98,43.29,57.36,23.78,11,11.53,Average,6.62,0,16.11,Major Delay
Urban,Local Bus,21,5,Heavy Rain,2.66,36.37,47.6,9.52,14,13.09,Average,0.0,0,23.43,Major Delay
Urban,Local Bus,9,0,Clear,1.58,27.78,53.81,10.04,17,17.14,Good,0.0,0,14.53,Moderate Delay
Urban,Feeder Bus,13,3,Clear,0.33,20.67,59.83,20.46,7,4.9,Average,0.0,1,10.54,Moderate Delay
Rural,Local Bus,11,2,Clear,0.16,66.33,39.39,12.52,16,17.06,Average,3.28,0,17.96,Major Delay
Urban,Local Bus,18,6,Cloudy,1.53,55.47,91.18,14.68,26,13.89,Poor,0.0,0,26.74,Major Delay
Urban,Express Bus,19,1,Rain,3.33,54.0,45.18,16.61,15,19.34,Poor,2.47,0,13.2,Moderate Delay
Urban,Express Bus,20,1,Cloudy,0.67,39.62,76.71,10.18,12,18.03,Good,0.0,0,11.86,Moderate Delay
Urban,Local Bus,6,0,Cloudy,16.33,49.18,40.2,3.0,19,11.55,Poor,3.54,0,17.24,Major Delay
Urban,Express Bus,6,3,Clear,10.75,31.07,59.23,20.45,13,7.26,Average,4.59,0,7.01,Moderate Delay
Rural,Local Bus,11,0,Rain,2.8,30.67,67.01,14.7,31,14.3,Average,12.02,0,17.37,Major Delay
Rural,Express Bus,12,3,Clear,11.97,87.34,60.71,6.34,8,5.4,Average,2.84,0,10.53,Moderate Delay
Urban,Local Bus,6,1,Clear,2.89,68.34,52.92,18.67,19,12.08,Good,1.72,0,16.54,Major Delay
Rural,Feeder Bus,21,2,Cloudy,0.69,35.09,48.14,26.06,26,7.28,Average,10.17,1,10.33,Moderate Delay
Urban,Express Bus,21,4,Heavy Rain,2.4,13.59,49.86,21.16,16,9.79,Good,6.77,0,16.01,Major Delay
Urban,Local Bus,12,4,Rain,6.29,8.88,44.5,26.49,33,2.0,Average,3.71,0,12.28,Moderate Delay
Urban,Local Bus,18,0,Cloudy,1.3,33.41,64.66,6.63,34,10.58,Good,1.98,0,20.44,Major Delay
Urban,Local Bus,15,1,Clear,13.6,50.48,94.63,15.5,19,11.6,Good,12.0,0,17.24,Major Delay
Urban,Express Bus,16,2,Clear,1.84,50.72,65.19,16.13,26,8.34,Average,0.0,0,14.96,Moderate Delay
Rural,Express Bus,20,3,Cloudy,7.08,51.41,69.92,13.3,15,10.58,Average,0.0,0,13.09,Moderate Delay
Urban,Express Bus,6,6,Cloudy,2.62,55.69,79.65,12.03,33,5.58,Poor,2.54,0,11.2,Moderate Delay
Rural,Feeder Bus,9,0,Rain,1.14,24.12,48.98,3.0,20,14.9,Average,1.92,0,14.29,Moderate Delay
Urban,Local Bus,12,0,Cloudy,0.57,82.68,21.91,24.15,23,11.12,Average,9.53,0,21.65,Major Delay
Rural,Express Bus,21,4,Clear,7.8,43.46,58.06,4.3,16,22.19,Poor,4.28,0,16.63,Major Delay
Urban,Local Bus,15,6,Clear,4.59,54.78,75.1,19.42,17,12.46,Average,8.08,0,22.99,Major Delay
Rural,Express Bus,12,5,Clear,1.41,32.91,98.21,14.07,14,12.91,Average,0.0,1,18.5,Major Delay
Urban,Local Bus,5,3,Rain,7.93,55.16,38.4,13.82,12,8.65,Poor,1.83,0,16.01,Major Delay
Urban,Express Bus,15,0,Heavy Rain,1.5,95.77,80.0,12.77,34,16.96,Average,10.88,1,23.32,Major Delay
Urban,Local Bus,9,4,Cloudy,4.36,25.25,63.22,15.19,15,8.86,Average,0.0,0,18.26,Major Delay
Rural,Local Bus,10,3,Cloudy,5.1,22.34,50.22,17.84,33,19.64,Average,2.1,0,19.3,Major Delay
Urban,Local Bus,22,3,Cloudy,18.38,28.12,37.08,19.71,5,19.5,Average,7.7,0,13.67,Moderate Delay
Urban,Feeder Bus,14,3,Clear,17.53,40.34,46.32,13.24,23,8.44,Average,0.98,0,7.69,Moderate Delay
Rural,Local Bus,7,3,Clear,1.53,36.01,69.47,6.77,29,9.62,Average,7.41,0,15.17,Major Delay
Urban,Local Bus,5,5,Clear,1.12,24.06,82.46,6.56,5,7.37,Average,0.48,0,12.77,Moderate Delay
Rural,Local Bus,11,1,Heavy Rain,3.97,46.86,10.0,20.23,6,4.32,Good,3.31,0,16.97,Major Delay
Urban,Local Bus,6,0,Clear,8.82,83.91,68.25,12.37,16,12.47,Good,6.86,0,12.23,Moderate Delay
Urban,Feeder Bus,12,0,Cloudy,0.13,44.55,46.53,7.85,14,11.02,Average,0.0,0,15.55,Major Delay
Urban,Feeder Bus,12,2,Clear,14.27,45.78,48.4,9.55,10,14.31,Good,0.0,0,13.41,Moderate Delay
Urban,Feeder Bus,20,3,Cloudy,2.0,55.89,66.33,13.44,20,10.75,Good,8.07,0,18.6,Major Delay
Urban,Feeder Bus,11,5,Clear,8.5,62.9,96.42,6.3,22,15.36,Good,0.0,0,16.57,Major Delay
Urban,Local Bus,9,3,Heavy Rain,2.03,79.58,43.64,13.81,30,10.76,Good,4.13,1,18.32,Major Delay
Urban,Local Bus,16,3,Clear,13.12,53.52,56.09,21.52,16,10.03,Average,8.37,0,16.22,Major Delay
Rural,Express Bus,16,6,Heavy Rain,1.99,47.94,26.49,13.29,28,11.44,Average,3.96,0,15.91,Major Delay
Rural,Express Bus,5,5,Cloudy,6.54,25.19,66.77,3.39,17,14.8,Average,4.86,0,13.79,Moderate Delay
Urban,Local Bus,6,4,Clear,3.41,65.02,44.2,19.21,27,9.15,Good,11.25,0,9.29,Moderate Delay
Urban,Express Bus,8,2,Rain,0.64,28.58,89.52,20.66,32,15.54,Good,15.0,1,14.6,Moderate Delay
Urban,Local Bus,18,1,Cloudy,1.88,27.86,65.21,20.98,17,7.31,Good,4.18,0,15.62,Major Delay
Rural,Local Bus,8,6,Clear,0.08,52.44,52.34,14.35,32,9.43,Good,1.38,0,10.8,Moderate Delay
Rural,Local Bus,22,3,Rain,1.57,83.46,52.47,27.99,21,2.0,Good,7.67,0,8.02,Moderate Delay
Urban,Feeder Bus,12,0,Cloudy,4.91,64.71,65.29,18.42,13,9.29,Average,0.0,1,11.86,Moderate Delay
Urban,Express Bus,21,3,Cloudy,12.57,47.14,71.82,31.94,30,5.39,Good,10.07,0,12.2,Moderate Delay
Rural,Local Bus,9,0,Rain,3.21,25.42,34.62,22.11,23,13.77,Average,0.76,0,19.36,Major Delay
Rural,Feeder Bus,12,6,Cloudy,23.29,83.01,55.03,21.19,21,13.55,Average,1.38,0,14.84,Moderate Delay
Urban,Feeder Bus,7,3,Clear,9.64,46.7,57.95,10.26,30,17.08,Good,0.0,0,12.77,Moderate Delay
Rural,Local Bus,20,5,Clear,1.2,41.33,62.23,8.31,24,19.31,Average,0.0,0,14.57,Moderate Delay
Urban,Express Bus,15,3,Clear,3.48,60.77,84.12,14.69,33,10.19,Average,9.4,0,18.66,Major Delay
Urban,Local Bus,6,0,Cloudy,5.93,37.69,29.49,12.84,5,7.31,Good,5.21,0,12.24,Moderate Delay
Rural,Local Bus,18,4,Clear,2.08,30.68,77.12,10.77,27,13.35,Average,3.24,0,18.61,Major Delay
Urban,Local Bus,20,4,Clear,4.86,32.89,65.29,13.22,19,9.06,Average,13.75,1,26.45,Major Delay
Urban,Local Bus,17,1,Rain,1.68,32.83,48.04,12.81,7,7.98,Average,4.09,0,16.67,Major Delay
Rural,Local Bus,19,5,Clear,3.37,22.07,74.13,10.16,15,10.91,Poor,3.41,0,19.3,Major Delay
Rural,Local Bus,9,1,Clear,11.26,19.5,50.34,17.94,25,8.06,Good,0.0,0,4.13,On Time / Minor
Urban,Local Bus,12,4,Rain,1.87,70.36,21.75,9.49,6,21.3,Good,0.0,0,14.61,Moderate Delay
Urban,Express Bus,20,5,Rain,0.36,63.38,10.0,13.74,19,9.68,Poor,0.0,0,11.75,Moderate Delay
Rural,Express Bus,15,0,Rain,18.08,29.08,33.67,6.71,25,10.85,Average,0.07,0,10.59,Moderate Delay
Urban,Local Bus,16,2,Clear,8.0,68.43,47.12,14.6,13,15.05,Poor,1.16,1,17.42,Major Delay
Rural,Local Bus,18,1,Cloudy,5.65,55.11,61.43,15.21,31,21.95,Average,2.07,0,17.74,Major Delay
Rural,Local Bus,16,5,Heavy Rain,13.9,40.55,69.95,8.23,31,9.87,Average,7.0,0,21.13,Major Delay
Urban,Feeder Bus,7,1,Clear,8.47,19.81,52.84,14.42,24,2.0,Average,3.37,0,12.13,Moderate Delay
Urban,Feeder Bus,8,4,Clear,2.05,55.85,29.8,13.41,24,10.62,Good,12.44,0,17.22,Major Delay
Rural,Local Bus,19,2,Clear,17.9,90.9,50.39,11.24,13,2.47,Good,6.65,0,15.74,Major Delay
Rural,Express Bus,9,0,Rain,4.89,48.34,53.63,11.29,32,8.42,Good,0.0,0,14.12,Moderate Delay
Urban,Express Bus,16,6,Clear,7.27,70.97,92.75,16.69,19,18.49,Good,5.76,0,13.9,Moderate Delay
Urban,Feeder Bus,13,4,Clear,0.18,43.13,69.14,14.17,7,6.99,Average,4.26,0,11.1,Moderate Delay
Rural,Local Bus,16,1,Cloudy,0.84,69.2,24.87,19.75,15,5.77,Average,10.48,0,16.83,Major Delay
Urban,Local Bus,9,6,Heavy Rain,0.51,44.55,51.7,7.78,28,15.29,Poor,7.61,0,27.07,Major Delay
Urban,Express Bus,10,4,Clear,6.14,0.0,71.93,12.87,22,9.91,Good,3.84,0,18.85,Major Delay
Rural,Local Bus,17,5,Cloudy,1.14,31.4,58.42,10.31,22,17.05,Average,12.24,0,19.14,Major Delay
Rural,Local Bus,8,1,Heavy Rain,4.65,51.04,25.52,14.36,25,9.6,Good,6.29,0,22.9,Major Delay
Rural,Local Bus,10,0,Clear,8.24,72.9,74.37,15.62,14,14.23,Average,6.51,0,16.31,Major Delay
Urban,Local Bus,22,0,Cloudy,1.1,44.47,65.27,6.91,12,3.29,Good,11.02,0,15.91,Major Delay
Urban,Express Bus,7,3,Clear,0.2,48.69,54.86,17.56,31,6.33,Average,7.78,0,18.3,Major Delay
Rural,Express Bus,15,5,Clear,10.59,34.49,41.87,26.98,19,10.08,Average,4.58,1,12.35,Moderate Delay
Urban,Local Bus,7,6,Clear,1.61,83.9,78.27,15.02,28,8.98,Good,3.11,0,16.13,Major Delay
Urban,Feeder Bus,17,6,Clear,14.58,82.52,21.72,8.79,23,23.49,Average,0.0,0,20.28,Major Delay
Rural,Local Bus,7,4,Clear,5.55,32.45,26.91,12.25,22,16.08,Good,0.0,1,20.89,Major Delay
Rural,Feeder Bus,15,4,Rain,12.11,13.12,43.3,12.05,20,15.95,Good,2.91,0,7.19,Moderate Delay
Rural,Local Bus,12,2,Clear,0.43,6.43,64.04,10.0,34,10.15,Poor,0.72,0,13.31,Moderate Delay
Urban,Feeder Bus,17,0,Clear,6.96,61.88,30.72,18.34,22,4.03,Good,3.59,0,12.41,Moderate Delay
Rural,Feeder Bus,5,1,Cloudy,7.17,51.11,47.11,3.06,28,19.37,Good,8.59,0,13.11,Moderate Delay
Urban,Feeder Bus,14,0,Heavy Rain,10.04,30.02,51.17,15.63,11,2.9,Poor,0.0,0,19.38,Major Delay
Urban,Feeder Bus,14,4,Clear,1.2,54.25,64.86,21.74,19,8.25,Good,0.0,0,7.17,Moderate Delay
Rural,Local Bus,9,3,Clear,1.72,19.7,52.46,21.36,21,13.87,Good,0.0,0,14.33,Moderate Delay
Urban,Express Bus,10,5,Clear,10.3,66.28,52.54,20.15,6,24.04,Average,0.0,1,15.62,Major Delay
Rural,Express Bus,17,1,Rain,0.28,39.21,43.88,10.04,34,19.7,Average,0.0,0,16.8,Major Delay
Urban,Local Bus,14,6,Rain,0.99,23.13,79.78,22.75,23,14.11,Average,3.72,0,16.07,Major Delay
Rural,Feeder Bus,15,5,Clear,6.79,39.56,71.19,16.2,8,21.75,Average,11.2,1,13.97,Moderate Delay
Rural,Local Bus,21,6,Clear,2.04,38.77,70.48,22.54,18,8.53,Poor,6.57,0,13.3,Moderate Delay
Rural,Local Bus,12,4,Cloudy,2.51,56.4,42.44,20.49,34,13.25,Good,6.94,0,19.48,Major Delay
Urban,Feeder Bus,20,2,Cloudy,13.61,74.82,47.75,15.89,22,18.3,Average,4.6,0,14.34,Moderate Delay
Urban,Local Bus,22,4,Clear,2.25,73.63,67.53,12.53,11,3.99,Poor,0.0,0,14.76,Moderate Delay
Rural,Local Bus,15,4,Clear,6.37,51.67,46.25,28.18,6,12.88,Good,14.7,0,5.6,Moderate Delay
Rural,Local Bus,8,1,Clear,10.57,43.69,39.47,3.32,17,13.21,Poor,1.91,0,18.79,Major Delay
Rural,Express Bus,12,0,Cloudy,2.43,34.92,63.77,12.96,29,13.05,Poor,7.38,0,18.46,Major Delay
Urban,Feeder Bus,5,4,Heavy Rain,6.45,7.34,31.84,5.57,13,5.78,Poor,0.0,0,12.41,Moderate Delay
Urban,Local Bus,17,0,Clear,13.93,47.56,53.81,14.7,29,13.18,Good,3.05,0,13.34,Moderate Delay
Rural,Express Bus,9,0,Rain,7.75,28.43,75.85,16.14,21,12.47,Average,2.64,0,12.85,Moderate Delay
Rural,Express Bus,21,0,Clear,5.27,76.02,60.91,10.14,27,8.25,Average,2.16,0,11.43,Moderate Delay
Urban,Express Bus,16,4,Cloudy,7.69,43.38,37.06,10.59,32,14.9,Good,0.0,0,12.73,Moderate Delay
Urban,Express Bus,13,6,Rain,8.76,65.18,67.45,6.08,28,17.75,Average,4.49,1,20.7,Major Delay
Urban,Feeder Bus,8,3,Cloudy,3.17,36.9,45.98,16.71,25,7.48,Good,9.6,0,14.41,Moderate Delay
Urban,Local Bus,6,1,Clear,4.28,32.46,74.91,11.2,10,13.48,Good,14.0,0,9.56,Moderate Delay
Urban,Local Bus,17,3,Clear,9.29,61.91,68.18,16.53,27,17.9,Poor,11.74,0,22.74,Major Delay
Urban,Express Bus,18,3,Rain,0.88,54.39,51.06,10.86,20,18.0,Poor,9.82,0,24.38,Major Delay
Urban,Local Bus,9,4,Cloudy,3.36,55.41,43.0,15.48,11,10.23,Good,12.04,1,18.42,Major Delay
Rural,Local Bus,5,3,Clear,1.29,45.84,41.01,18.44,27,16.36,Good,12.63,0,6.64,Moderate Delay
Rural,Local Bus,10,3,Cloudy,5.74,66.16,100.0,16.87,32,9.79,Average,0.0,0,23.01,Major Delay
Rural,Local Bus,18,2,Clear,0.76,62.83,12.17,15.26,23,15.09,Good,4.76,0,17.58,Major Delay
Urban,Feeder Bus,15,6,Clear,7.76,0.0,22.79,13.38,31,7.3,Average,0.0,0,11.82,Moderate Delay
Urban,Local Bus,6,3,Rain,6.25,42.08,80.05,16.86,20,3.39,Average,6.19,1,23.73,Major Delay
Urban,Express Bus,7,2,Clear,2.86,71.34,75.73,10.38,31,13.66,Good,2.27,0,16.82,Major Delay
Urban,Express Bus,6,0,Clear,8.44,24.55,65.21,12.83,15,15.4,Average,2.73,0,13.37,Moderate Delay
Urban,Local Bus,18,4,Clear,0.89,9.07,18.16,16.08,5,14.53,Good,2.13,0,7.23,Moderate Delay
Rural,Local Bus,19,2,Heavy Rain,7.71,44.81,68.78,23.22,24,6.91,Good,0.0,0,22.67,Major Delay
Rural,Local Bus,12,1,Clear,1.05,59.98,38.41,10.33,15,2.0,Average,0.0,0,3.19,On Time / Minor
Rural,Local Bus,17,3,Clear,1.61,37.41,56.02,8.69,6,15.37,Good,7.78,0,12.55,Moderate Delay
Urban,Local Bus,5,3,Clear,10.6,77.74,66.14,15.71,21,18.29,Good,0.13,0,17.91,Major Delay
Urban,Express Bus,15,5,Clear,10.78,90.4,68.13,21.24,5,2.0,Average,8.61,0,18.13,Major Delay
Urban,Local Bus,9,3,Clear,5.7,3.72,44.99,18.87,20,9.47,Good,2.69,0,12.98,Moderate Delay
Urban,Local Bus,19,4,Clear,22.87,39.17,83.7,14.13,18,6.32,Average,0.0,0,20.75,Major Delay
Rural,Local Bus,13,4,Clear,15.38,0.0,74.26,21.35,13,12.23,Average,0.0,0,10.49,Moderate Delay
Urban,Local Bus,20,5,Cloudy,2.83,63.2,38.8,3.14,21,17.68,Good,0.14,0,17.64,Major Delay
Rural,Local Bus,15,0,Clear,1.02,32.36,48.4,20.07,17,9.84,Good,0.0,0,11.47,Moderate Delay
Urban,Feeder Bus,13,2,Clear,7.75,37.06,42.83,12.11,14,8.47,Good,3.06,0,1.78,On Time / Minor
Rural,Local Bus,22,5,Rain,4.48,74.41,56.75,17.78,7,12.95,Average,4.76,0,19.1,Major Delay
Rural,Local Bus,22,0,Clear,6.5,17.45,70.58,20.05,25,2.0,Good,5.2,0,11.33,Moderate Delay
Urban,Express Bus,13,3,Clear,7.08,11.67,20.99,15.16,7,15.19,Poor,4.64,0,11.15,Moderate Delay
Rural,Express Bus,11,2,Heavy Rain,1.39,0.0,18.32,14.42,32,16.29,Good,7.92,0,17.92,Major Delay
Urban,Express Bus,16,5,Cloudy,0.9,77.22,41.36,11.65,30,11.02,Average,8.51,0,13.07,Moderate Delay
Rural,Local Bus,8,6,Cloudy,6.63,71.88,85.05,24.15,8,8.8,Average,0.0,1,17.87,Major Delay
Rural,Express Bus,11,0,Cloudy,6.43,41.24,62.75,16.07,15,9.59,Average,0.0,0,10.08,Moderate Delay
Rural,Local Bus,20,1,Heavy Rain,0.51,18.67,89.54,15.33,19,9.61,Average,0.11,0,22.32,Major Delay
Rural,Express Bus,21,5,Clear,1.6,67.18,54.88,23.06,22,10.71,Good,3.92,0,2.09,On Time / Minor
Urban,Local Bus,12,1,Clear,0.91,100.0,41.16,10.98,33,3.2,Good,0.87,0,16.84,Major Delay
Rural,Express Bus,12,3,Rain,3.9,42.58,24.47,12.5,5,13.07,Good,6.67,0,12.48,Moderate Delay
Rural,Express Bus,20,6,Clear,3.35,20.33,41.42,19.62,33,9.16,Good,0.0,0,4.55,On Time / Minor
Urban,Express Bus,8,6,Cloudy,0.16,76.56,45.6,24.65,24,11.1,Average,11.4,0,13.53,Moderate Delay
Urban,Local Bus,6,6,Clear,3.94,21.95,10.0,14.27,19,8.11,Average,7.42,1,17.95,Major Delay
Rural,Express Bus,6,0,Clear,4.92,39.57,41.18,16.32,14,12.9,Average,1.57,0,5.28,Moderate Delay
Urban,Express Bus,6,1,Cloudy,5.18,0.0,41.0,4.47,28,17.65,Poor,0.0,1,20.79,Major Delay
Urban,Local Bus,20,1,Cloudy,0.92,41.02,58.43,21.69,6,12.04,Average,2.74,0,10.93,Moderate Delay
Rural,Local Bus,5,5,Cloudy,3.47,18.6,57.16,7.5,10,2.82,Good,9.24,0,14.31,Moderate Delay
Urban,Local Bus,10,1,Clear,11.93,76.95,64.4,10.76,30,11.02,Good,1.5,0,14.01,Moderate Delay
Urban,Local Bus,15,3,Clear,1.63,25.55,25.55,15.13,29,12.05,Average,0.59,0,14.87,Moderate Delay
Urban,Express Bus,15,5,Rain,2.1,65.94,35.3,10.11,18,10.73,Good,3.48,0,13.79,Moderate Delay
Urban,Local Bus,19,3,Clear,9.47,45.59,76.52,3.0,34,7.17,Good,0.0,0,17.46,Major Delay
Rural,Express Bus,22,6,Cloudy,6.36,50.88,52.82,6.59,16,10.77,Average,8.88,0,8.92,Moderate Delay
Urban,Express Bus,12,3,Cloudy,3.75,60.01,74.94,14.59,14,15.21,Average,6.61,0,13.95,Moderate Delay
Urban,Express Bus,9,2,Clear,5.4,46.77,55.18,22.98,9,9.52,Good,8.03,0,8.5,Moderate Delay
Rural,Express Bus,6,6,Clear,8.58,33.1,61.74,22.49,12,17.9,Good,10.43,0,6.72,Moderate Delay
Rural,Express Bus,21,3,Rain,0.7,29.32,68.57,16.29,12,7.75,Good,0.0,0,14.4,Moderate Delay
Rural,Local Bus,11,1,Clear,12.88,59.71,46.87,14.94,8,5.84,Good,3.58,0,20.68,Major Delay
Urban,Local Bus,21,4,Clear,5.57,4.26,44.66,18.79,34,9.84,Good,3.03,1,11.05,Moderate Delay
Rural,Feeder Bus,11,5,Heavy Rain,0.93,86.6,44.4,21.95,18,2.0,Average,11.42,0,22.09,Major Delay
Urban,Feeder Bus,18,5,Clear,8.6,51.03,56.44,14.7,34,10.96,Average,1.43,1,22.12,Major Delay
Urban,Local Bus,16,0,Rain,4.08,40.24,69.48,14.91,14,9.34,Good,0.0,1,14.71,Moderate Delay
Urban,Feeder Bus,17,0,Clear,6.85,54.12,49.87,15.22,31,14.44,Poor,1.2,0,15.37,Major Delay
Rural,Feeder Bus,16,4,Clear,3.29,34.33,81.1,20.06,19,2.45,Average,7.93,0,12.51,Moderate Delay
Urban,Local Bus,10,5,Cloudy,7.67,43.9,92.99,5.79,12,14.83,Good,6.16,0,17.34,Major Delay
Rural,Express Bus,6,4,Clear,1.71,21.97,40.43,14.1,20,11.77,Average,3.03,1,2.33,On Time / Minor
Urban,Express Bus,5,2,Rain,2.44,56.63,81.77,16.4,11,18.93,Average,1.6,0,16.24,Major Delay
Urban,Local Bus,12,5,Clear,6.3,46.2,57.64,3.0,30,10.15,Average,5.2,0,19.11,Major Delay
Urban,Local Bus,21,4,Cloudy,13.03,52.31,65.62,19.5,14,12.71,Good,6.33,0,15.88,Major Delay
Urban,Local Bus,16,6,Rain,3.72,82.11,55.32,20.46,31,14.17,Average,4.59,0,18.99,Major Delay
Rural,Express Bus,17,2,Cloudy,7.99,29.5,82.38,3.0,27,2.0,Good,1.76,0,7.25,Moderate Delay
Rural,Local Bus,9,5,Clear,7.37,45.04,64.95,11.52,18,16.55,Good,3.35,0,15.93,Major Delay
Rural,Express Bus,13,1,Clear,12.3,10.02,51.05,11.72,18,10.35,Average,0.77,0,5.81,Moderate Delay
Urban,Express Bus,12,5,Clear,1.14,60.65,49.65,8.67,27,4.64,Average,8.67,0,12.38,Moderate Delay
Urban,Express Bus,7,5,Rain,5.27,47.6,33.97,9.49,5,10.62,Average,2.84,0,14.19,Moderate Delay
Urban,Local Bus,16,1,Cloudy,4.79,48.4,46.57,10.87,21,16.86,Good,0.0,0,15.65,Major Delay
Rural,Local Bus,11,0,Cloudy,5.27,44.38,82.41,17.66,26,9.29,Good,14.8,1,22.17,Major Delay
Urban,Local Bus,12,6,Clear,2.03,34.7,79.66,21.48,26,11.52,Poor,0.0,0,17.22,Major Delay
Urban,Local Bus,15,0,Clear,3.83,100.0,45.2,17.31,31,2.0,Average,0.0,0,15.58,Major Delay
Rural,Local Bus,5,3,Clear,9.41,48.88,36.04,8.52,26,6.72,Average,0.0,0,15.15,Major Delay
Urban,Local Bus,21,0,Clear,1.23,54.82,77.04,18.75,18,14.54,Good,0.06,0,9.78,Moderate Delay
Urban,Local Bus,9,2,Clear,6.26,21.79,66.58,17.62,29,16.29,Poor,7.23,0,17.46,Major Delay
Urban,Express Bus,17,5,Clear,2.99,68.36,18.48,3.0,10,12.05,Good,0.0,0,15.27,Major Delay
Urban,Local Bus,18,3,Clear,4.97,45.16,100.0,21.44,9,13.92,Good,4.31,0,20.41,Major Delay
Urban,Local Bus,7,1,Cloudy,2.85,58.25,58.23,14.8,5,9.0,Average,0.59,1,10.98,Moderate Delay
Urban,Feeder Bus,9,2,Clear,9.4,68.75,92.03,15.02,28,11.1,Good,0.0,0,14.59,Moderate Delay
Rural,Local Bus,12,0,Clear,0.95,45.61,61.48,3.54,14,5.7,Average,0.0,0,15.26,Major Delay
Urban,Feeder Bus,19,4,Rain,5.02,32.43,37.19,23.68,11,8.55,Average,3.28,0,16.13,Major Delay
Urban,Express Bus,16,0,Cloudy,10.11,0.0,61.88,16.02,10,10.86,Poor,0.0,0,10.73,Moderate Delay
Urban,Local Bus,13,2,Clear,5.34,39.09,28.65,18.65,25,3.18,Good,2.1,0,6.2,Moderate Delay
Urban,Feeder Bus,20,0,Rain,1.53,32.3,55.48,6.06,19,22.97,Good,5.21,0,15.57,Major Delay
Urban,Feeder Bus,13,1,Clear,1.46,21.71,36.24,17.07,33,7.48,Average,0.0,0,8.11,Moderate Delay
Urban,Express Bus,20,0,Cloudy,4.93,81.42,53.91,17.19,25,12.05,Average,6.97,0,21.39,Major Delay
Urban,Local Bus,18,6,Rain,0.32,70.6,62.96,13.07,22,4.75,Poor,0.0,0,18.97,Major Delay
Urban,Local Bus,8,5,Clear,6.51,5.91,63.91,6.24,10,2.0,Good,12.58,0,14.3,Moderate Delay
Rural,Local Bus,11,6,Cloudy,0.55,51.54,28.8,13.63,31,19.56,Average,2.53,0,15.51,Major Delay
Rural,Express Bus,5,4,Clear,0.98,29.2,45.1,8.27,14,11.28,Good,0.0,0,6.32,Moderate Delay
Urban,Local Bus,9,3,Clear,14.99,56.44,18.49,9.81,29,2.0,Good,4.52,0,14.32,Moderate Delay
Urban,Local Bus,5,1,Clear,12.8,29.61,70.42,20.96,5,5.87,Good,0.0,0,5.45,Moderate Delay
Rural,Local Bus,6,6,Clear,2.49,35.6,62.06,14.52,26,21.34,Good,0.0,0,10.61,Moderate Delay
Rural,Local Bus,5,6,Clear,10.73,70.15,34.5,13.51,28,13.41,Good,9.19,0,13.25,Moderate Delay
Rural,Local Bus,17,2,Clear,1.54,66.84,86.12,6.95,7,2.0,Good,1.76,0,11.48,Moderate Delay
Urban,Local Bus,12,1,Clear,6.56,82.72,67.33,13.73,26,8.44,Good,3.88,0,20.28,Major Delay
Urban,Feeder Bus,13,2,Clear,11.43,43.01,55.9,13.1,5,10.09,Poor,2.67,0,20.91,Major Delay
Urban,Local Bus,18,2,Clear,1.87,14.52,48.53,8.11,21,13.63,Good,0.0,0,15.89,Major Delay
Rural,Local Bus,19,6,Clear,0.54,69.19,45.25,20.51,32,10.95,Average,0.0,0,20.62,Major Delay
Urban,Local Bus,14,0,Clear,4.42,69.32,42.22,20.22,16,2.33,Poor,7.15,0,14.2,Moderate Delay
Urban,Local Bus,13,4,Clear,1.76,62.45,81.48,9.35,25,7.83,Average,6.06,0,16.23,Major Delay
Urban,Express Bus,16,5,Rain,1.93,30.89,63.49,16.37,10,6.46,Average,3.28,0,9.6,Moderate Delay
Urban,Local Bus,12,5,Heavy Rain,0.97,23.37,37.02,3.0,21,14.74,Good,8.61,0,20.17,Major Delay
Urban,Feeder Bus,12,1,Clear,2.14,60.33,83.94,15.91,18,8.29,Good,3.13,0,9.69,Moderate Delay
Urban,Feeder Bus,10,2,Clear,2.41,27.62,56.19,18.69,5,8.23,Average,9.09,0,9.53,Moderate Delay
Urban,Feeder Bus,8,2,Rain,1.54,40.92,39.62,7.26,30,9.7,Average,10.88,0,10.18,Moderate Delay
Rural,Feeder Bus,8,2,Cloudy,0.92,100.0,97.51,14.09,8,6.69,Average,8.91,0,19.79,Major Delay
Urban,Local Bus,16,0,Heavy Rain,8.72,96.97,36.1,14.77,6,18.54,Poor,5.55,0,29.02,Major Delay
Urban,Express Bus,19,0,Rain,5.38,66.23,41.5,31.33,25,16.61,Average,0.0,0,19.63,Major Delay
Rural,Local Bus,12,0,Rain,0.61,32.77,58.0,29.48,29,16.85,Good,5.72,0,17.54,Major Delay
Rural,Express Bus,6,6,Clear,4.67,31.39,64.44,15.93,12,4.83,Good,1.13,0,9.82,Moderate Delay
Urban,Local Bus,15,2,Clear,1.31,64.46,42.94,10.02,25,12.76,Poor,7.1,0,17.31,Major Delay
Urban,Local Bus,21,1,Cloudy,8.07,82.43,13.78,15.47,15,14.94,Poor,11.58,0,13.06,Moderate Delay
Urban,Local Bus,14,5,Cloudy,1.57,36.23,58.65,20.76,28,5.87,Average,3.05,0,10.28,Moderate Delay
Urban,Express Bus,5,3,Rain,9.48,37.49,37.08,3.96,29,5.13,Average,0.0,1,15.38,Major Delay
Urban,Express Bus,6,2,Heavy Rain,8.91,50.02,50.82,3.0,22,6.04,Average,7.01,0,12.47,Moderate Delay
Urban,Local Bus,14,0,Clear,5.96,16.05,41.8,7.12,14,3.69,Good,3.46,0,11.93,Moderate Delay
Urban,Local Bus,20,2,Clear,1.52,16.76,36.33,18.57,15,16.24,Poor,11.18,1,21.37,Major Delay
Urban,Local Bus,6,4,Rain,2.85,20.95,52.67,18.92,20,15.77,Average,3.77,0,17.79,Major Delay
Urban,Express Bus,18,4,Rain,3.24,60.56,45.36,16.65,10,9.38,Average,3.15,0,18.38,Major Delay
Urban,Local Bus,19,2,Rain,4.21,54.26,41.2,20.66,7,10.68,Average,3.98,0,10.7,Moderate Delay
Rural,Local Bus,5,4,Cloudy,10.16,74.15,77.31,12.91,25,7.59,Average,5.04,0,14.04,Moderate Delay
Urban,Express Bus,8,5,Heavy Rain,2.51,8.04,38.1,12.37,19,22.57,Good,0.0,1,14.92,Moderate Delay
Urban,Express Bus,5,6,Clear,7.93,13.11,52.95,16.31,20,8.82,Average,0.0,0,7.13,Moderate Delay
Urban,Feeder Bus,15,3,Clear,0.8,58.48,57.25,24.27,26,8.35,Good,9.04,0,10.57,Moderate Delay
Rural,Express Bus,8,1,Clear,1.73,27.94,24.19,16.47,19,10.36,Good,0.24,0,0.0,On Time / Minor
Rural,Feeder Bus,21,0,Clear,1.35,29.61,35.65,13.43,11,4.43,Good,3.35,0,9.82,Moderate Delay
Urban,Local Bus,6,1,Rain,8.04,71.29,57.21,16.42,5,12.34,Good,2.35,1,22.45,Major Delay
Urban,Local Bus,16,0,Clear,11.81,35.28,56.46,22.54,22,18.13,Poor,0.07,0,13.52,Moderate Delay
Urban,Feeder Bus,19,3,Cloudy,2.05,37.97,42.24,11.84,22,10.13,Good,2.69,0,10.7,Moderate Delay
Urban,Local Bus,8,1,Clear,1.46,42.25,57.48,11.31,22,15.01,Good,0.0,0,17.03,Major Delay
Rural,Express Bus,9,1,Rain,2.95,43.64,63.35,11.16,7,2.0,Average,0.0,0,12.71,Moderate Delay
Urban,Local Bus,19,5,Clear,1.24,63.75,69.74,18.89,29,6.24,Poor,4.53,0,22.09,Major Delay
Rural,Local Bus,6,2,Cloudy,2.13,20.17,71.33,9.32,32,11.48,Average,11.56,0,12.78,Moderate Delay
Urban,Local Bus,12,5,Clear,2.95,43.67,82.18,17.84,15,2.0,Poor,7.24,0,19.14,Major Delay
Urban,Express Bus,9,0,Clear,2.98,74.73,60.15,5.17,5,12.64,Average,7.34,0,16.23,Major Delay
Rural,Express Bus,5,2,Clear,0.39,97.05,30.22,12.44,31,9.46,Average,8.77,0,12.21,Moderate Delay
Urban,Local Bus,13,0,Cloudy,2.01,16.8,52.09,13.65,24,12.48,Good,4.53,0,12.12,Moderate Delay
Rural,Local Bus,13,3,Cloudy,14.31,55.61,32.62,24.73,19,9.84,Good,3.62,0,3.81,On Time / Minor
Urban,Local Bus,11,0,Heavy Rain,0.52,43.63,74.9,19.82,10,10.18,Average,0.0,0,18.52,Major Delay
Rural,Local Bus,19,1,Rain,4.15,45.73,85.46,11.86,5,2.0,Average,7.44,0,18.12,Major Delay
Urban,Local Bus,6,5,Clear,3.76,29.84,57.88,10.89,11,5.54,Average,4.89,0,11.15,Moderate Delay
Urban,Feeder Bus,12,6,Clear,17.81,65.38,81.25,9.95,7,13.54,Average,0.06,0,11.29,Moderate Delay
Rural,Local Bus,8,3,Clear,3.97,64.2,79.88,7.27,10,3.92,Average,1.93,1,22.64,Major Delay
Urban,Local Bus,18,6,Clear,13.35,100.0,64.07,23.69,32,6.09,Average,0.0,0,23.03,Major Delay
Urban,Local Bus,15,5,Clear,3.86,17.62,68.53,9.46,25,8.82,Good,6.13,0,13.22,Moderate Delay
Rural,Local Bus,17,5,Rain,1.93,7.8,76.97,24.33,7,9.28,Good,11.22,0,16.44,Major Delay
Urban,Local Bus,6,6,Heavy Rain,4.09,95.26,30.08,14.6,28,14.58,Average,0.0,0,16.1,Major Delay
Rural,Express Bus,13,0,Clear,0.76,46.81,62.96,13.51,28,12.15,Good,8.73,0,7.43,Moderate Delay
Urban,Express Bus,5,1,Rain,4.44,37.49,69.08,14.59,10,7.69,Poor,9.55,0,15.75,Major Delay
Urban,Feeder Bus,10,3,Rain,2.16,52.33,29.31,21.26,34,2.43,Good,0.0,0,11.2,Moderate Delay
Urban,Local Bus,22,4,Clear,1.95,15.92,96.24,8.87,8,26.29,Good,0.0,0,16.04,Major Delay
Urban,Express Bus,18,6,Rain,8.63,56.64,79.85,17.05,30,11.19,Average,3.81,0,16.94,Major Delay
Rural,Feeder Bus,6,0,Heavy Rain,2.64,46.15,80.01,13.77,14,15.57,Good,2.63,0,13.99,Moderate Delay
Urban,Feeder Bus,11,1,Heavy Rain,0.2,72.7,66.18,16.42,17,2.0,Average,2.4,0,27.17,Major Delay
Urban,Feeder Bus,20,2,Rain,5.59,67.71,39.03,12.77,18,9.14,Good,9.13,0,24.14,Major Delay
Urban,Local Bus,8,4,Clear,6.74,69.63,32.63,11.83,11,8.95,Good,1.74,0,15.83,Major Delay
Urban,Feeder Bus,18,6,Clear,19.78,52.39,56.02,17.15,30,8.68,Average,15.6,0,12.57,Moderate Delay
Urban,Feeder Bus,10,6,Heavy Rain,4.42,84.9,71.94,5.72,9,14.89,Good,0.0,1,29.52,Major Delay
Rural,Express Bus,13,5,Clear,2.41,61.25,68.85,22.36,23,9.68,Average,0.0,0,15.76,Major Delay
Rural,Express Bus,20,5,Clear,5.68,35.74,92.2,14.65,16,8.85,Good,0.0,0,4.74,On Time / Minor
Rural,Feeder Bus,17,2,Clear,0.84,29.39,51.79,10.7,34,10.93,Average,2.56,0,6.27,Moderate Delay
Urban,Local Bus,10,4,Clear,1.94,31.98,50.8,16.21,19,11.13,Good,10.6,0,12.85,Moderate Delay
Urban,Express Bus,5,1,Clear,6.23,61.54,58.16,9.83,31,4.95,Good,0.0,0,12.4,Moderate Delay
Urban,Express Bus,9,3,Rain,2.85,17.37,34.88,14.47,19,15.95,Average,0.0,0,18.61,Major Delay
Rural,Express Bus,12,2,Cloudy,0.3,51.57,88.04,14.51,26,8.11,Average,0.33,0,5.66,Moderate Delay
Urban,Express Bus,7,6,Clear,2.61,28.84,53.0,21.55,23,10.48,Poor,3.05,0,20.99,Major Delay
Urban,Local Bus,20,2,Clear,4.03,19.18,63.06,15.67,16,18.48,Average,4.31,1,11.95,Moderate Delay
Urban,Local Bus,5,2,Cloudy,2.73,22.89,74.29,7.28,28,25.53,Average,1.55,0,19.3,Major Delay
Rural,Local Bus,14,2,Rain,0.39,47.45,42.95,17.49,14,13.34,Good,0.0,0,12.4,Moderate Delay
Rural,Express Bus,22,6,Rain,0.04,65.57,63.55,18.33,9,2.29,Average,3.01,0,16.85,Major Delay
Rural,Express Bus,11,6,Rain,7.3,32.45,57.85,4.33,25,9.57,Average,10.67,0,17.13,Major Delay
Urban,Feeder Bus,14,3,Clear,6.61,0.25,77.51,6.87,14,19.58,Average,8.08,0,13.46,Moderate Delay
Rural,Express Bus,6,6,Rain,1.7,100.0,58.17,26.06,26,9.85,Average,1.22,1,20.19,Major Delay
Urban,Express Bus,18,5,Cloudy,1.62,73.71,10.0,12.01,27,15.16,Good,3.86,0,9.93,Moderate Delay
Urban,Local Bus,22,5,Cloudy,2.45,69.44,39.31,12.15,26,15.09,Average,6.0,0,16.0,Major Delay
Urban,Express Bus,18,6,Cloudy,7.64,85.44,28.01,13.79,31,7.48,Average,7.92,0,11.73,Moderate Delay
Urban,Feeder Bus,7,2,Clear,4.07,50.12,96.54,10.16,28,20.46,Good,11.17,0,21.47,Major Delay
Urban,Express Bus,11,3,Clear,11.02,44.89,86.29,3.36,30,13.14,Average,4.84,0,19.54,Major Delay
Urban,Feeder Bus,18,1,Cloudy,3.97,79.18,14.99,7.27,33,10.87,Average,0.0,0,17.57,Major Delay
Urban,Feeder Bus,19,2,Clear,1.31,79.03,37.79,10.17,34,10.18,Average,0.0,0,17.0,Major Delay
Urban,Local Bus,12,3,Rain,1.78,62.15,30.3,10.98,6,5.14,Poor,6.51,0,17.0,Major Delay
Rural,Express Bus,22,0,Clear,5.79,68.3,62.33,9.38,28,7.05,Good,0.0,0,18.91,Major Delay
Rural,Local Bus,8,1,Cloudy,13.31,19.51,38.88,5.05,30,5.89,Good,7.58,0,14.37,Moderate Delay
Urban,Local Bus,18,5,Rain,4.27,42.08,52.69,10.68,34,22.37,Good,0.52,0,13.49,Moderate Delay
Urban,Local Bus,13,1,Clear,8.83,87.19,30.46,20.69,11,16.19,Poor,0.0,0,17.91,Major Delay
Rural,Local Bus,17,4,Clear,5.2,66.5,66.61,9.97,33,5.95,Good,6.07,0,16.78,Major Delay
Urban,Local Bus,15,5,Cloudy,4.72,14.37,24.41,12.91,34,20.22,Average,0.0,1,23.01,Major Delay
Urban,Express Bus,12,1,Clear,14.56,35.78,100.0,22.66,24,17.82,Average,5.86,1,17.12,Major Delay
Urban,Local Bus,19,3,Clear,1.0,83.44,88.09,9.88,16,7.79,Average,4.41,0,13.93,Moderate Delay
Urban,Local Bus,20,6,Rain,2.49,58.47,100.0,32.34,26,13.66,Good,0.0,0,24.76,Major Delay
Urban,Local Bus,19,5,Clear,2.03,52.18,70.13,19.35,8,7.59,Good,10.58,0,16.05,Major Delay
Urban,Local Bus,6,6,Cloudy,3.45,52.88,89.14,14.46,14,16.13,Poor,9.97,0,18.1,Major Delay
Urban,Feeder Bus,12,4,Clear,0.5,46.08,75.86,12.51,21,13.46,Average,8.26,0,23.16,Major Delay
Urban,Local Bus,18,6,Clear,3.29,35.94,37.91,22.05,31,8.88,Good,8.36,0,14.52,Moderate Delay
Urban,Local Bus,20,2,Clear,1.63,28.83,50.55,9.84,18,4.81,Good,0.0,0,10.11,Moderate Delay
Urban,Feeder Bus,11,4,Heavy Rain,1.77,71.24,66.48,11.4,25,10.68,Average,9.3,0,26.85,Major Delay
Urban,Feeder Bus,18,4,Cloudy,9.54,53.46,81.04,23.64,21,13.46,Poor,7.29,0,23.6,Major Delay
Urban,Express Bus,15,6,Clear,1.41,64.26,57.87,11.75,31,17.5,Average,0.0,0,16.58,Major Delay
Urban,Express Bus,8,2,Clear,17.94,60.57,69.09,11.2,31,14.15,Good,0.0,0,19.39,Major Delay
Urban,Local Bus,21,6,Cloudy,4.1,80.4,51.35,10.03,11,15.63,Average,0.0,0,8.25,Moderate Delay
Urban,Express Bus,13,3,Cloudy,0.09,58.46,49.75,3.0,19,7.24,Good,10.89,1,17.99,Major Delay
Urban,Local Bus,15,0,Clear,8.85,66.94,28.57,20.09,16,2.0,Poor,0.0,0,14.62,Moderate Delay
Urban,Local Bus,10,4,Clear,0.03,51.85,66.85,13.74,24,2.54,Good,0.57,0,14.52,Moderate Delay
Urban,Local Bus,5,6,Clear,0.73,26.21,48.16,20.42,7,9.54,Good,0.0,0,6.86,Moderate Delay
Urban,Express Bus,13,3,Cloudy,5.04,42.81,32.3,12.99,12,7.13,Good,1.11,0,6.42,Moderate Delay
Urban,Local Bus,18,3,Rain,2.71,61.57,46.14,11.47,32,10.38,Good,8.67,1,21.69,Major Delay
Rural,Local Bus,10,6,Cloudy,6.57,63.59,63.71,10.02,28,14.67,Good,0.0,0,16.24,Major Delay
Urban,Local Bus,21,6,Cloudy,1.79,81.37,71.36,18.1,29,14.14,Average,5.86,0,10.52,Moderate Delay
Rural,Express Bus,18,2,Clear,1.77,37.42,54.31,9.17,24,2.0,Average,0.0,0,13.55,Moderate Delay
Urban,Local Bus,16,5,Cloudy,2.15,53.2,79.36,16.31,27,23.9,Average,12.92,1,25.49,Major Delay
Urban,Local Bus,19,4,Cloudy,5.32,45.03,87.81,14.23,19,12.96,Good,4.07,0,18.19,Major Delay
Rural,Local Bus,20,4,Clear,6.74,85.36,52.27,7.74,18,12.45,Good,3.08,0,17.44,Major Delay
Urban,Express Bus,17,5,Heavy Rain,0.79,56.66,77.47,11.31,17,10.26,Average,0.6,1,26.73,Major Delay
Urban,Local Bus,19,2,Clear,9.92,57.1,44.65,14.06,5,9.6,Average,4.57,0,15.68,Major Delay
Urban,Feeder Bus,17,2,Cloudy,17.18,47.18,31.99,12.14,14,16.5,Good,0.0,0,20.45,Major Delay
Rural,Local Bus,20,0,Cloudy,3.34,42.82,39.1,25.37,34,6.13,Average,3.99,1,17.43,Major Delay
Rural,Local Bus,6,5,Rain,4.47,14.68,40.71,15.41,28,12.53,Good,0.57,0,16.15,Major Delay
Urban,Local Bus,11,1,Clear,1.63,18.99,49.25,12.82,16,18.58,Good,0.35,0,7.42,Moderate Delay
Rural,Local Bus,20,4,Rain,8.51,52.11,97.64,11.82,9,11.95,Good,13.8,0,19.72,Major Delay
Urban,Local Bus,13,4,Clear,12.55,49.25,47.53,12.62,12,13.57,Average,10.52,1,21.77,Major Delay
Urban,Local Bus,5,4,Clear,11.4,52.24,50.47,10.35,23,3.98,Good,10.8,0,14.04,Moderate Delay
Urban,Feeder Bus,20,6,Rain,0.7,69.65,61.07,9.06,30,15.13,Good,7.75,0,18.13,Major Delay
Urban,Local Bus,16,6,Clear,1.36,50.14,31.59,17.59,15,12.85,Average,5.54,0,14.14,Moderate Delay
Urban,Local Bus,21,0,Cloudy,2.83,39.99,60.92,23.24,11,10.5,Good,10.84,0,13.28,Moderate Delay
Rural,Local Bus,5,5,Clear,7.69,43.17,71.13,11.3,17,14.61,Good,5.14,0,9.64,Moderate Delay
Urban,Local Bus,7,1,Heavy Rain,0.41,53.61,87.65,16.58,10,5.28,Average,6.59,0,22.22,Major Delay
Urban,Local Bus,14,4,Rain,1.88,39.26,84.28,10.01,18,20.01,Average,10.43,0,21.02,Major Delay
Urban,Local Bus,8,4,Clear,5.93,72.48,65.26,14.62,19,25.46,Good,7.58,1,12.06,Moderate Delay
Urban,Local Bus,14,0,Rain,0.6,47.74,53.53,6.15,14,7.99,Good,5.72,0,15.67,Major Delay
Urban,Local Bus,11,1,Clear,3.06,53.79,54.69,8.88,18,16.88,Good,7.48,0,11.14,Moderate Delay
Rural,Feeder Bus,8,6,Cloudy,3.72,29.22,66.15,8.66,22,10.28,Poor,4.06,0,16.28,Major Delay
Urban,Express Bus,18,0,Rain,0.96,72.49,57.07,13.13,31,4.85,Average,6.04,0,14.26,Moderate Delay
Urban,Feeder Bus,5,1,Rain,3.53,81.1,56.19,6.98,28,17.49,Good,6.52,0,17.33,Major Delay
Rural,Local Bus,20,0,Cloudy,3.86,16.65,39.31,3.0,34,9.58,Poor,0.0,0,23.31,Major Delay
Rural,Feeder Bus,7,1,Rain,1.6,57.22,71.41,5.78,22,14.06,Average,0.0,0,14.58,Moderate Delay
Rural,Local Bus,15,4,Cloudy,0.33,45.52,63.96,12.95,12,20.55,Good,7.14,0,10.74,Moderate Delay
Urban,Local Bus,22,5,Heavy Rain,0.27,54.53,42.87,9.24,7,13.64,Poor,4.16,0,21.23,Major Delay
Urban,Feeder Bus,7,4,Clear,5.54,58.4,87.78,10.53,11,12.04,Average,3.41,1,11.39,Moderate Delay
Urban,Local Bus,21,1,Clear,5.53,0.0,62.17,15.59,15,6.2,Average,4.97,0,5.64,Moderate Delay
Rural,Local Bus,10,6,Rain,2.29,65.47,29.52,9.07,19,6.22,Average,0.0,0,18.44,Major Delay
Rural,Feeder Bus,18,2,Clear,2.79,73.59,76.9,13.52,22,10.32,Poor,2.65,0,16.41,Major Delay
Rural,Express Bus,20,2,Clear,1.92,76.17,44.55,26.82,18,9.1,Good,2.7,0,16.6,Major Delay
